-- MySQL dump 10.13  Distrib 5.5.32, for debian-linux-gnu (x86_64)
--
-- Host: localhost    Database: td
-- ------------------------------------------------------
-- Server version	5.5.32-0ubuntu0.12.10.1

/*!40101 SET @OLD_CHARACTER_SET_CLIENT=@@CHARACTER_SET_CLIENT */;
/*!40101 SET @OLD_CHARACTER_SET_RESULTS=@@CHARACTER_SET_RESULTS */;
/*!40101 SET @OLD_COLLATION_CONNECTION=@@COLLATION_CONNECTION */;
/*!40101 SET NAMES utf8 */;
/*!40103 SET @OLD_TIME_ZONE=@@TIME_ZONE */;
/*!40103 SET TIME_ZONE='+00:00' */;
/*!40014 SET @OLD_UNIQUE_CHECKS=@@UNIQUE_CHECKS, UNIQUE_CHECKS=0 */;
/*!40014 SET @OLD_FOREIGN_KEY_CHECKS=@@FOREIGN_KEY_CHECKS, FOREIGN_KEY_CHECKS=0 */;
/*!40101 SET @OLD_SQL_MODE=@@SQL_MODE, SQL_MODE='NO_AUTO_VALUE_ON_ZERO' */;
/*!40111 SET @OLD_SQL_NOTES=@@SQL_NOTES, SQL_NOTES=0 */;

--
-- Table structure for table `Brand`
--

DROP TABLE IF EXISTS `Brand`;
/*!40101 SET @saved_cs_client     = @@character_set_client */;
/*!40101 SET character_set_client = utf8 */;
CREATE TABLE `Brand` (
  `id` int(11) NOT NULL AUTO_INCREMENT,
  `name` varchar(255) COLLATE utf8_unicode_ci NOT NULL,
  PRIMARY KEY (`id`)
) ENGINE=InnoDB AUTO_INCREMENT=24 DEFAULT CHARSET=utf8 COLLATE=utf8_unicode_ci;
/*!40101 SET character_set_client = @saved_cs_client */;

--
-- Dumping data for table `Brand`
--

LOCK TABLES `Brand` WRITE;
/*!40000 ALTER TABLE `Brand` DISABLE KEYS */;
INSERT INTO `Brand` VALUES (3,'LG'),(4,'PHILIPS'),(5,'SAMSUNG'),(6,'AEG'),(7,'ARDO'),(8,'ATLANT'),(9,'BEKO'),(10,'BOSCH'),(11,'CANDY'),(12,'DELFA'),(13,'ELECTROLUX'),(14,'GORENJE'),(15,'HANSA'),(16,'HOTPOINT-ARISTON'),(17,'INDESIT'),(18,'KORTING'),(19,'ORION'),(20,'PANASONIC'),(21,'SATURN'),(22,'WHIRLPOOL'),(23,'ZANUSSI');
/*!40000 ALTER TABLE `Brand` ENABLE KEYS */;
UNLOCK TABLES;

--
-- Table structure for table `Cart`
--

DROP TABLE IF EXISTS `Cart`;
/*!40101 SET @saved_cs_client     = @@character_set_client */;
/*!40101 SET character_set_client = utf8 */;
CREATE TABLE `Cart` (
  `id` int(11) NOT NULL AUTO_INCREMENT,
  PRIMARY KEY (`id`)
) ENGINE=InnoDB AUTO_INCREMENT=87 DEFAULT CHARSET=utf8 COLLATE=utf8_unicode_ci;
/*!40101 SET character_set_client = @saved_cs_client */;

--
-- Dumping data for table `Cart`
--

LOCK TABLES `Cart` WRITE;
/*!40000 ALTER TABLE `Cart` DISABLE KEYS */;
INSERT INTO `Cart` VALUES (1),(2),(3),(4),(5),(6),(7),(8),(9),(10),(11),(12),(13),(14),(15),(16),(17),(18),(19),(20),(21),(22),(23),(24),(25),(26),(27),(28),(29),(30),(31),(32),(33),(34),(35),(36),(37),(38),(39),(40),(41),(42),(43),(44),(45),(46),(47),(48),(49),(50),(51),(52),(53),(54),(55),(56),(57),(58),(59),(60),(61),(62),(63),(64),(65),(66),(67),(68),(69),(70),(71),(72),(73),(74),(75),(76),(77),(78),(79),(80),(81),(82),(83),(84),(85),(86);
/*!40000 ALTER TABLE `Cart` ENABLE KEYS */;
UNLOCK TABLES;

--
-- Table structure for table `CartItem`
--

DROP TABLE IF EXISTS `CartItem`;
/*!40101 SET @saved_cs_client     = @@character_set_client */;
/*!40101 SET character_set_client = utf8 */;
CREATE TABLE `CartItem` (
  `id` int(11) NOT NULL AUTO_INCREMENT,
  `product_id` int(11) NOT NULL,
  `quantity` int(11) NOT NULL,
  PRIMARY KEY (`id`),
  KEY `IDX_3B24E2CF4584665A` (`product_id`),
  CONSTRAINT `FK_3B24E2CF4584665A` FOREIGN KEY (`product_id`) REFERENCES `Product` (`id`)
) ENGINE=InnoDB AUTO_INCREMENT=9 DEFAULT CHARSET=utf8 COLLATE=utf8_unicode_ci;
/*!40101 SET character_set_client = @saved_cs_client */;

--
-- Dumping data for table `CartItem`
--

LOCK TABLES `CartItem` WRITE;
/*!40000 ALTER TABLE `CartItem` DISABLE KEYS */;
INSERT INTO `CartItem` VALUES (5,219,1),(6,219,1),(7,220,1),(8,219,1);
/*!40000 ALTER TABLE `CartItem` ENABLE KEYS */;
UNLOCK TABLES;

--
-- Table structure for table `Category`
--

DROP TABLE IF EXISTS `Category`;
/*!40101 SET @saved_cs_client     = @@character_set_client */;
/*!40101 SET character_set_client = utf8 */;
CREATE TABLE `Category` (
  `id` int(11) NOT NULL AUTO_INCREMENT,
  `parent_id` int(11) DEFAULT NULL,
  `page_id` int(11) DEFAULT NULL,
  `name` varchar(255) COLLATE utf8_unicode_ci NOT NULL,
  `image` tinytext COLLATE utf8_unicode_ci NOT NULL COMMENT '(DC2Type:rid_image)',
  `hasProducts` tinyint(1) NOT NULL,
  `priority` double NOT NULL,
  PRIMARY KEY (`id`),
  KEY `IDX_FF3A7B97727ACA70` (`parent_id`),
  KEY `IDX_FF3A7B97C4663E4` (`page_id`),
  CONSTRAINT `FK_FF3A7B97727ACA70` FOREIGN KEY (`parent_id`) REFERENCES `Category` (`id`) ON DELETE SET NULL,
  CONSTRAINT `FK_FF3A7B97C4663E4` FOREIGN KEY (`page_id`) REFERENCES `rid_page` (`id`)
) ENGINE=InnoDB AUTO_INCREMENT=805 DEFAULT CHARSET=utf8 COLLATE=utf8_unicode_ci;
/*!40101 SET character_set_client = @saved_cs_client */;

--
-- Dumping data for table `Category`
--

LOCK TABLES `Category` WRITE;
/*!40000 ALTER TABLE `Category` DISABLE KEYS */;
INSERT INTO `Category` VALUES (172,NULL,NULL,'Компьютерная техника','93ebb0a7f7f43f4c159abcb6709f90f2fb9cbdf0.jpeg',0,172),(177,183,NULL,'Мелкая бытовая техника','804bf740aeb6b599d499cc42f0607e458e8c9895.jpeg',0,177),(179,183,NULL,'Крупная бытовая техника','225a8b86f2d7b9828b790b4d3efed890e653880d.jpeg',0,179),(183,NULL,NULL,'Бытовая техника','322c0d9d6801db192915491c70f932b351c2d566.jpeg',0,1),(185,NULL,NULL,'Видеонаблюдение','5e91c45bef2b1d17bf09514965c0db10bf6a1e94.jpeg',0,185),(187,NULL,NULL,'Стройматериалы, профнастил','',0,187),(188,NULL,NULL,'Климатическая техника','6bd16de858b56c095ce34ef5130a9d9f075c4b76.jpeg',0,188),(189,183,NULL,'Встраиваемая техника','f0c6fd0b4bdf6dd29ce31fdf6111e24dbdf804a5.jpeg',0,189),(190,NULL,NULL,'Цифровая техника, TV','',0,190),(191,172,NULL,'Офисная техника','bc773c53e8bb4577fda2c823d1d039d5483a1418.png',0,191),(192,172,NULL,'Комплектующие','d9cd0fed1962da1120ff5fa0abf2e03fdb229bf9.jpeg',0,192),(193,188,NULL,'Кондиционеры','e49a6acbfe3b9323091a2b37647fe2dd3fcc2ef0.jpeg',0,193),(194,188,NULL,'Вентиляторы','66b0e2ec04150e329e83e8028429463630907df7.jpeg',0,194),(195,190,NULL,'Телевизоры','',0,195),(196,192,NULL,'Процессоры','',0,196),(199,192,NULL,'Охлаждение','',0,199),(200,192,NULL,'Материнские платы','',0,200),(207,192,NULL,'Оперативная память','',0,207),(213,192,NULL,'Видеоадаптеры','',0,213),(226,192,NULL,'Накопители HDD и SSD','',0,226),(227,226,NULL,'Жесткие диски Cisco','',0,227),(228,226,NULL,'Жесткие диски Dell','',0,228),(229,226,NULL,'Жесткие диски Hitachi','',0,229),(230,226,NULL,'Жесткие диски HP','',0,230),(231,226,NULL,'Жесткие диски IBM','',0,231),(232,226,NULL,'Жесткие диски Seagate','',0,232),(233,226,NULL,'Жесткие диски WD','',0,233),(234,192,NULL,'Жесткие диски внешние','',0,234),(243,192,NULL,'Жесткие диски для ноутбуков','',0,243),(244,192,NULL,'Твердотельние накопители SSD','',0,244),(245,192,NULL,'Карманы для HDD','',0,245),(246,192,NULL,'Оптические приводы','',0,246),(254,192,NULL,'Корпуса','',0,254),(255,254,NULL,'Корпус DeTech','',0,255),(256,254,NULL,'Корпуса Aerocool','',0,256),(257,254,NULL,'Корпуса Asus','',0,257),(258,254,NULL,'Корпуса Chieftec','',0,258),(259,254,NULL,'Корпуса CoolerMaster','',0,259),(260,254,NULL,'Корпуса Delux','',0,260),(261,254,NULL,'Корпуса DTS','',0,261),(262,254,NULL,'Корпуса Foxconn','',0,262),(263,254,NULL,'Корпуса Logic','',0,263),(264,254,NULL,'Корпуса Raidmax','',0,264),(265,254,NULL,'Корпуса Thermaltake','',0,265),(266,254,NULL,'Корпуса Zalman','',0,266),(267,254,NULL,'Корпуса LogicPower','',0,267),(268,192,NULL,'Блоки питания','',0,268),(277,172,NULL,'Контроллеры','9ce25c7bce19d04c61dc97918f84142fb150e8cd.jpeg',0,277),(279,277,NULL,'Адаптеры Bluetooth','',0,279),(280,277,NULL,'Контроллеры IDE,SATA','',0,280),(281,277,NULL,'Контроллеры USB,COM,LPT,1394 и прочие','',0,281),(282,172,NULL,'Компьютерная периферия','a29165fd66f7ca1e62c3a4d025350481fdfd3af7.jpeg',0,282),(284,172,NULL,'Кабельная продукция','9295998f07935bf7b5541498ee76d3ef63b3c7f8.jpeg',0,284),(285,284,NULL,'Адаптеры','',0,285),(286,284,NULL,'Кабели Firewire (1394)','',0,286),(287,284,NULL,'Кабели USB','',0,287),(288,284,NULL,'Кабели аудио','',0,288),(289,284,NULL,'Кабели компьютерные','',0,289),(290,284,NULL,'Кабели компьютерные внутренние','',0,290),(291,284,NULL,'Кабели сетевые (питания)','',0,291),(292,284,NULL,'Кабели сигнальные (видео)','',0,292),(294,282,NULL,'Сканеры','',0,294),(295,282,NULL,'Сканеры шрих-кода','',0,295),(296,282,NULL,'Фильтр-удлинители','',0,296),(297,282,NULL,'Клавиатуры','',0,297),(308,282,NULL,'Мышки и коврики','',0,308),(309,308,NULL,'Коврики к мышкам','',0,309),(310,308,NULL,'Мышки A4Tech','',0,310),(311,308,NULL,'Мышки Asus','',0,311),(312,308,NULL,'Мышки Dell','',0,312),(313,308,NULL,'Мышки DeTech','',0,313),(314,308,NULL,'Мышки Gembird','',0,314),(315,308,NULL,'Мышки Genius','',0,315),(316,308,NULL,'Мышки Gigabyte','',0,316),(317,308,NULL,'Мышки HP','',0,317),(318,308,NULL,'Мышки Lapara','',0,318),(319,308,NULL,'Мышки LogicFox','',0,319),(320,308,NULL,'Мышки Logitech','',0,320),(321,308,NULL,'Мышки Microsoft','',0,321),(322,308,NULL,'Мышки Razer','',0,322),(323,308,NULL,'Мышки Sony','',0,323),(324,308,NULL,'Мышки Trust','',0,324),(325,282,NULL,'Манипуляторы','',0,325),(326,325,NULL,'Геймпады','',0,326),(327,325,NULL,'Графические планшеты','',0,327),(328,325,NULL,'Джойстики','',0,328),(329,325,NULL,'Пульты ДУ','',0,329),(330,325,NULL,'Рули','',0,330),(331,282,NULL,'Мониторы ЖК','',0,331),(343,282,NULL,'Принтеры, МФУ, СНПЧ','',0,343),(344,343,NULL,'СНПЧ','',0,344),(345,343,NULL,'Запчасти к принтерам','',0,345),(346,343,NULL,'МФУ лазерные','',0,346),(347,343,NULL,'МФУ струйные','',0,347),(348,343,NULL,'Принтера лазерные','',0,348),(349,343,NULL,'Принтера матричные','',0,349),(350,343,NULL,'Принтера струйные','',0,350),(354,343,NULL,'ЗИП для СНПЧ','',0,354),(355,343,NULL,'Принадлежности','',0,355),(356,343,NULL,'Специализированные принтера','',0,356),(357,343,NULL,'Широкоформатные струйные','',0,357),(358,282,NULL,'ИБП, стабилизаторы, батареи','',0,358),(359,358,NULL,'Батарейки, аккумуляторы и зарядные устройства','',0,359),(360,358,NULL,'ИБП и аккумуляторные батареи','',0,360),(369,360,NULL,'Аккумуляторы','',0,369),(370,358,NULL,'Стабилизаторы и инверторы','',0,370),(371,172,NULL,'Мультимедиа','b461de3ec347d9edccb3438d8c87eab590f446d6.jpeg',0,371),(373,371,NULL,'Акустические системы','',0,373),(391,373,NULL,'РазноеGemix','',0,391),(392,190,NULL,'Игровые консоли','',0,196),(395,190,NULL,'Наушники и микрофоны','',0,395),(396,190,NULL,'Плееры DVD, HDD, портативные','',0,396),(397,190,NULL,'Стереоочки','',0,397),(398,192,NULL,'Тюнеры, звук.карты','',0,398),(399,395,NULL,'Микрофоны','',0,399),(400,395,NULL,'Наушники A4 Tech','',0,400),(401,395,NULL,'Наушники Asus','',0,401),(402,395,NULL,'Наушники Cosonic','',0,402),(403,395,NULL,'Наушники DeTech','',0,403),(404,395,NULL,'Наушники Gembird','',0,404),(405,395,NULL,'Наушники Gemix','',0,405),(406,395,NULL,'Наушники Genius','',0,406),(407,395,NULL,'Наушники HP','',0,407),(408,395,NULL,'Наушники KOSS','',0,408),(409,395,NULL,'Наушники LogicFox','',0,409),(410,395,NULL,'Наушники Logitech','',0,410),(411,395,NULL,'Наушники Panasonic','',0,411),(412,395,NULL,'Наушники Philips','',0,412),(413,395,NULL,'Наушники Pioneer','',0,413),(414,395,NULL,'Наушники Sennheiser','',0,414),(415,395,NULL,'Наушники Sony','',0,415),(416,395,NULL,'Наушники SVEN','',0,416),(417,395,NULL,'Наушники Urbanears','',0,417),(418,395,NULL,'Наушники другие','',0,418),(431,190,NULL,'Проекторы, экраны','',0,431),(433,431,NULL,'Интерактивные электронные доски','',0,433),(434,431,NULL,'Проекторы Acer','',0,434),(435,431,NULL,'Проекторы Benq','',0,435),(436,431,NULL,'Проекторы Dell','',0,436),(437,431,NULL,'Проекторы Epson','',0,437),(438,431,NULL,'Проекторы NEC','',0,438),(439,431,NULL,'Проекторы Panasonic','',0,439),(440,431,NULL,'Проекторы Sony','',0,440),(441,431,NULL,'Экраны','',0,441),(442,398,NULL,'Тюнеры','',0,442),(443,398,NULL,'Звуковые платы','',0,443),(444,371,NULL,'Флешпамять, MP3плееры, кардридеры','',0,444),(445,444,NULL,'Кардридеры','',0,445),(446,444,NULL,'Карты памяти','',0,446),(447,444,NULL,'Плееры MP3/MP4','',0,447),(457,444,NULL,'Флешпамять','',0,457),(467,190,NULL,'Фото и видеокамеры, диктофоны','',0,467),(469,478,NULL,'Аккумуляторы и зарядные устройства','',0,469),(470,478,NULL,'Бленды и крышки объективов','',0,470),(471,478,NULL,'Вспышки','',0,471),(473,478,NULL,'Объективы','',0,473),(478,467,NULL,'Аксессуары к фотокамерам','',0,478),(479,478,NULL,'Штативы','',0,479),(481,478,NULL,'Сумки для фото и видеокамер','',0,481),(488,467,NULL,'Видеокамеры','',0,488),(489,467,NULL,'Диктофоны','',0,489),(490,467,NULL,'Фотокамеры','',0,490),(498,190,NULL,'Телекоммуникации','',0,498),(501,172,NULL,'Компьютеры','0e412ff58cc74fbde7301e16007bf539fccef43b.jpeg',0,501),(502,172,NULL,'Расходные материалы','03e9f1b6ecc9dcb791e37fbe4abb6d793577d625.jpeg',0,502),(503,498,NULL,'Мобильные телефоны','',0,503),(504,498,NULL,'МиниАТС','',0,504),(505,498,NULL,'Модемы','',0,505),(506,498,NULL,'Сетевое оборудование','',0,506),(514,506,NULL,'Короба','',0,514),(515,506,NULL,'Стяжки, скобы','',0,515),(516,506,NULL,'Активное сетевое оборудование','',0,516),(517,516,NULL,'Антенны','',0,517),(518,516,NULL,'Камеры IP','',0,518),(519,506,NULL,'Маршрутизаторы','',0,519),(528,506,NULL,'Медиаконвертеры','',0,528),(529,506,NULL,'Свичи','',0,529),(540,506,NULL,'Сетевые карты','',0,540),(541,506,NULL,'Телефоны IP','',0,541),(542,506,NULL,'Точки доступа','',0,542),(543,506,NULL,'Инструмент','',0,543),(544,506,NULL,'Розетки','',0,544),(545,506,NULL,'Патч-корды','',0,545),(546,506,NULL,'Коннекторы','',0,546),(560,185,NULL,'Камеры видеонаблюдения','',0,560),(561,185,NULL,'Видеорегистраторы','91b703edf3e5ea8d367a53e8cae9be4d50f1b9e9.jpeg',0,561),(562,191,NULL,'Рации','',0,562),(563,191,NULL,'Телефоны','',0,563),(564,191,NULL,'Факсы','',0,564),(565,172,NULL,'Ноутбуки и КПК','',0,565),(566,565,NULL,'Ноутбуки','10c32385e08c18f63aa0430faed952ac03bba0e4.jpeg',0,566),(567,565,NULL,'КПК, комуникаторы, смартфоны','',0,567),(570,566,NULL,'Аккумуляторы к ноутбукам','',0,570),(574,566,NULL,'Чипы для ноутбуков','',0,574),(575,566,NULL,'Аксесуары для ноутбуков','',0,575),(576,566,NULL,'Зарядные устройства для ноутбуков','',0,576),(583,565,NULL,'Планшеты','',0,583),(596,583,NULL,'Аксесуары для планшетов','',0,596),(597,583,NULL,'Разные','',0,597),(598,565,NULL,'Электронные книги','',0,598),(599,565,NULL,'Сумки, чехлы, рюкзаки для ноутбуков и планшетов','',0,599),(621,502,NULL,'Бумага','',0,621),(625,501,NULL,'Серверы','',0,625),(626,502,NULL,'Фотообумага WWM','',0,626),(627,502,NULL,'Фотобумага рулонная','',0,627),(628,502,NULL,'Фотобумага PrintPro','',0,628),(629,502,NULL,'Фотобумага Epson','',0,629),(630,502,NULL,'Фотобумага Colorway','',0,630),(631,502,NULL,'Фотобумага BARVA','',0,631),(632,502,NULL,'Факс-бумага','',0,632),(633,502,NULL,'Фотобумага Canon','',0,633),(634,502,NULL,'Диски CD/DVD, аксессуары','',0,634),(635,634,NULL,'Сумочки','',0,635),(636,634,NULL,'Конверты, файлы','',0,636),(637,634,NULL,'Боксы','',0,637),(638,634,NULL,'Контейнеры для дисков','',0,638),(639,634,NULL,'Диски DVD+/-RW','',0,639),(640,634,NULL,'Диски DVD+/-R','',0,640),(641,634,NULL,'Диски CD-RW','',0,641),(642,634,NULL,'Диски CD-R','',0,642),(643,502,NULL,'Картриджи','',0,643),(644,643,NULL,'Картриджи лазерные','',0,644),(645,644,NULL,'Неоригинальные','',0,645),(646,644,NULL,'Оригинальные','',0,646),(656,643,NULL,'Картриджи матричные','',0,656),(657,643,NULL,'Картриджи струйные','',0,657),(658,643,NULL,'Фотобарабаны, валы','',0,658),(659,643,NULL,'Пленки','',0,659),(660,643,NULL,'Печатающие головки','',0,660),(661,643,NULL,'Лезвия для чистки, дозирования','',0,661),(662,643,NULL,'Комплектующие к картриджам','',0,662),(669,643,NULL,'Ленты','',0,669),(670,643,NULL,'Термопленки','',0,670),(671,643,NULL,'Чипы','',0,671),(676,502,NULL,'Пленка для ламинирования','',0,676),(677,502,NULL,'Чернила','',0,677),(678,502,NULL,'Чистящие средства','',0,678),(679,502,NULL,'Электронные компоненты','',0,679),(685,679,NULL,'Конденсаторы','',0,685),(686,502,NULL,'Тонер','',0,686),(687,686,NULL,'Тонер AHK','',0,687),(688,686,NULL,'Тонер ColorWay','',0,688),(689,686,NULL,'Тонер IPM','',0,689),(690,686,NULL,'Тонер Patron','',0,690),(691,686,NULL,'Тонер SCC','',0,691),(692,686,NULL,'Тонер разный','',0,692),(693,190,NULL,'Домашние кинотеатры, музыкальные центры, магнитолы','',0,693),(694,188,NULL,'Увлажнители и очистители воздуха','6cbff52feef0226abcdcb92387a578055429e30b.jpeg',0,694),(695,188,NULL,'Обогреватели, конвекторы, вентиляторы','e8b009655c9a1448272d94738d6397026d8eb365.png',0,695),(697,188,NULL,'Вытяжки плоские','ba0e5bbc70a0f28b3c59c1a9798c33ccf0bf43c6.jpeg',0,697),(698,188,NULL,'Вытяжки','a67452994580eb0b398db7262a5f90245893a564.jpeg',0,698),(699,188,NULL,'Водонагреватели','4baf594a80f92f52f685d9db7712ea9473841d84.jpeg',0,699),(700,179,NULL,'Микроволновые печи','',0,700),(701,179,NULL,'Пусудомоечные машины','',0,701),(702,179,NULL,'Духовые шкафы и варочные поверхности','',0,702),(708,179,NULL,'Плиты','',0,708),(713,179,NULL,'Посудомоечные машины','',0,713),(714,179,NULL,'Стиральные и сушильные машины','',0,714),(715,179,NULL,'Пылесосы','',0,715),(722,179,NULL,'Холодильники и морозильные камеры','',0,722),(728,177,NULL,'Блендеры, миксеры','',0,728),(729,177,NULL,'Бутербродницы','',0,729),(730,177,NULL,'Вафельницы','',0,730),(731,177,NULL,'Весы','',0,731),(732,177,NULL,'Йогуртницы','',0,732),(733,177,NULL,'Кофеварки','',0,733),(734,177,NULL,'Кофемолки','',0,734),(735,177,NULL,'Кухонные комбайны','',0,735),(736,177,NULL,'Машинки для стрижки и триммеры','',0,736),(737,177,NULL,'Мороженицы','',0,737),(738,177,NULL,'Мясорубки','',0,738),(739,177,NULL,'Пароварки, мультиварки','',0,739),(740,177,NULL,'Сендвичницы и тостеры','',0,740),(741,177,NULL,'Соковыжималки','',0,741),(742,177,NULL,'Утюги','',0,742),(743,177,NULL,'Фены,стайлеры,щипцы, плойки','',0,743),(744,177,NULL,'Фонари','',0,744),(745,177,NULL,'Фритюрницы','',0,745),(746,177,NULL,'Хлебопечки','',0,746),(747,177,NULL,'Электробритвы','',0,747),(748,177,NULL,'Электрочайники','',0,748),(749,177,NULL,'Эпиляторы','',0,749),(750,195,NULL,'Подставки и крепления','',0,750),(761,195,NULL,'Аксессуары к телевизорам','',0,761),(763,503,NULL,'Запчасти для телефонов','',0,763),(764,503,NULL,'Гарнитуры','',0,764),(766,503,NULL,'Аккумуляторы','',0,766),(767,345,NULL,'Антенные модули','',0,767),(768,345,NULL,'Громкоговорители','',0,768),(770,345,NULL,'Динамики','',0,770),(771,345,NULL,'Дисплеи','',0,771),(772,345,NULL,'Камеры','e78934b8f639ce41c3ad99fe2ad3afb8e5fdf98b.jpeg',0,772),(773,345,NULL,'Клавиатурные модули','',0,773),(775,345,NULL,'Кнопки','',0,775),(777,345,NULL,'Микросхемы','',0,777),(779,345,NULL,'Оборудования для ремонта телефонов','',0,779),(781,345,NULL,'Разъемы зарядки','',0,781),(782,345,NULL,'Среднии части телефонов','',0,782),(783,345,NULL,'Стекло','',0,783),(784,345,NULL,'Стилусы','',0,784),(785,345,NULL,'Тачскрины','',0,785),(786,345,NULL,'Шлейфы','',0,786),(798,503,NULL,'Скретч-карты, стартовые пакеты','',0,798),(799,503,NULL,'Чехлы, сумки','',0,799),(801,195,NULL,'ЖК телевизоры','',0,801);
/*!40000 ALTER TABLE `Category` ENABLE KEYS */;
UNLOCK TABLES;

--
-- Table structure for table `Mention`
--

DROP TABLE IF EXISTS `Mention`;
/*!40101 SET @saved_cs_client     = @@character_set_client */;
/*!40101 SET character_set_client = utf8 */;
CREATE TABLE `Mention` (
  `id` int(11) NOT NULL AUTO_INCREMENT,
  `user_id` int(11) DEFAULT NULL,
  `fio` varchar(255) COLLATE utf8_unicode_ci NOT NULL,
  `email` varchar(255) COLLATE utf8_unicode_ci DEFAULT NULL,
  `comments` varchar(255) COLLATE utf8_unicode_ci NOT NULL,
  `createdAt` datetime NOT NULL,
  `product_id` int(11) NOT NULL,
  PRIMARY KEY (`id`),
  KEY `IDX_2DBF6051A76ED395` (`user_id`),
  KEY `IDX_2DBF60514584665A` (`product_id`),
  CONSTRAINT `FK_2DBF60514584665A` FOREIGN KEY (`product_id`) REFERENCES `Product` (`id`),
  CONSTRAINT `FK_2DBF6051A76ED395` FOREIGN KEY (`user_id`) REFERENCES `fos_user` (`id`)
) ENGINE=InnoDB AUTO_INCREMENT=2 DEFAULT CHARSET=utf8 COLLATE=utf8_unicode_ci;
/*!40101 SET character_set_client = @saved_cs_client */;

--
-- Dumping data for table `Mention`
--

LOCK TABLES `Mention` WRITE;
/*!40000 ALTER TABLE `Mention` DISABLE KEYS */;
/*!40000 ALTER TABLE `Mention` ENABLE KEYS */;
UNLOCK TABLES;

--
-- Table structure for table `Product`
--

DROP TABLE IF EXISTS `Product`;
/*!40101 SET @saved_cs_client     = @@character_set_client */;
/*!40101 SET character_set_client = utf8 */;
CREATE TABLE `Product` (
  `id` int(11) NOT NULL AUTO_INCREMENT,
  `category_id` int(11) DEFAULT NULL,
  `brand_id` int(11) DEFAULT NULL,
  `name` varchar(255) COLLATE utf8_unicode_ci NOT NULL,
  `guaranty` int(11) DEFAULT NULL,
  `info` varchar(255) COLLATE utf8_unicode_ci DEFAULT NULL,
  `description` longtext COLLATE utf8_unicode_ci,
  `descriptionFormatter` varchar(50) COLLATE utf8_unicode_ci NOT NULL,
  `price` double NOT NULL,
  `code` int(11) NOT NULL,
  `isPresent` tinyint(1) DEFAULT NULL,
  `image` tinytext COLLATE utf8_unicode_ci NOT NULL COMMENT '(DC2Type:rid_image)',
  `image2` tinytext COLLATE utf8_unicode_ci NOT NULL COMMENT '(DC2Type:rid_image)',
  `image3` tinytext COLLATE utf8_unicode_ci NOT NULL COMMENT '(DC2Type:rid_image)',
  `image4` tinytext COLLATE utf8_unicode_ci NOT NULL COMMENT '(DC2Type:rid_image)',
  PRIMARY KEY (`id`),
  KEY `IDX_1CF73D3112469DE2` (`category_id`),
  KEY `IDX_1CF73D3144F5D008` (`brand_id`),
  CONSTRAINT `FK_1CF73D3144F5D008` FOREIGN KEY (`brand_id`) REFERENCES `Brand` (`id`) ON DELETE SET NULL,
  CONSTRAINT `FK_1CF73D3112469DE2` FOREIGN KEY (`category_id`) REFERENCES `Category` (`id`)
) ENGINE=InnoDB AUTO_INCREMENT=371 DEFAULT CHARSET=utf8 COLLATE=utf8_unicode_ci;
/*!40101 SET character_set_client = @saved_cs_client */;

--
-- Dumping data for table `Product`
--

LOCK TABLES `Product` WRITE;
/*!40000 ALTER TABLE `Product` DISABLE KEYS */;
INSERT INTO `Product` VALUES (219,801,3,'LG 32LA620S',12,'ЖК-телевизор, LED-подсветка диагональ 32\" (81 см) поддержка 3D-изображения поддержка 1080p Full HD разрешение 1920x1080 (16:9) доступ в интернет (Smart TV) просмотр видео с USB-накопителей','<p>ЖК-телевизор, LED-подсветка диагональ 32&quot; (81 см) поддержка 3D-изображения поддержка 1080p Full HD разрешение 1920x1080 (16:9) доступ в интернет (Smart TV) просмотр видео с USB-накопителей</p>','richhtml',4900,123456,1,'c59aee12ba5156bfd7bd8e7afc6e7da7fec05286.jpeg','','',''),(220,801,3,'LG 32LM620S',12,'ЖК-телевизор, LED-подсветка диагональ 32\" (81 см) поддержка 3D-изображения поддержка 1080p Full HD разрешение 1920x1080 (16:9) доступ в интернет (Smart TV) просмотр видео с USB-накопителей','<p>ЖК-телевизор, LED-подсветка диагональ 32&quot; (81 см) поддержка 3D-изображения поддержка 1080p Full HD разрешение 1920x1080 (16:9) доступ в интернет (Smart TV) просмотр видео с USB-накопителей</p>','richhtml',4800,123457,1,'5ec8f3e238e937ff28cb6ba75bc9cc9347b3b8c8.jpeg','','',''),(221,801,3,'LG 32LN540B',12,'ЖК-телевизор, LED-подсветка диагональ 32\" (81 см) поддержка 720p HD разрешение 1366x768 (16:9) просмотр видео с USB-накопителей три HDMI-входа','<p>ЖК-телевизор, LED-подсветка диагональ 32&quot; (81 см) поддержка 720p HD разрешение 1366x768 (16:9) просмотр видео с USB-накопителей три HDMI-входа</p>','richhtml',3150,123458,1,'836526f147b45ce3fc0bb37e8374fb7e2d7d0907.jpeg','','',''),(222,801,3,'LG 42LA620S',12,'ЖК-телевизор, LED-подсветка диагональ 42\" (107 см) поддержка 3D-изображения поддержка 1080p Full HD разрешение 1920x1080 (16:9) доступ в интернет (Smart TV) просмотр видео с USB-накопителей','<p>ЖК-телевизор, LED-подсветка диагональ 42&quot; (107 см) поддержка 3D-изображения поддержка 1080p Full HD разрешение 1920x1080 (16:9) доступ в интернет (Smart TV) просмотр видео с USB-накопителей</p>','richhtml',5900,123459,1,'831919e041857193991916db649b0e023dfb586c.jpeg','','',''),(223,801,3,'LG 42LA640S',12,'ЖК-телевизор, LED-подсветка диагональ 42\" (107 см) поддержка 3D-изображения поддержка 1080p Full HD разрешение 1920x1080 (16:9) доступ в интернет (Smart TV) просмотр видео с USB-накопителей','<p>ЖК-телевизор, LED-подсветка диагональ 42&quot; (107 см) поддержка 3D-изображения поддержка 1080p Full HD разрешение 1920x1080 (16:9) доступ в интернет (Smart TV) просмотр видео с USB-накопителей</p>','richhtml',7230,123460,1,'a7ae6a29a4809036a432628c3743e48f523c5c7c.jpeg','','',''),(224,801,3,'LG 42LA641S',12,'ЖК-телевизор, LED-подсветка диагональ 42\" (107 см), матрица TFT IPS поддержка 3D-изображения поддержка 1080p Full HD разрешение 1920x1080 (16:9) доступ в  интернет (Smart TV) просмотр видео с USB-накопителей','<p>ЖК-телевизор, LED-подсветка диагональ 42&quot; (107 см), матрица TFT IPS поддержка 3D-изображения поддержка 1080p Full HD разрешение 1920x1080 (16:9) доступ в интернет (Smart TV) просмотр видео с USB-накопителей</p>','richhtml',6260,123461,1,'bf146af5f8f388f81e1990f4cae936988d314176.jpeg','','',''),(225,801,3,'LG 42LA660S',12,'ЖК-телевизор, LED-подсветка диагональ 42\" (107 см) поддержка 3D-изображения поддержка 1080p Full HD разрешение 1920x1080 (16:9) доступ в интернет (Smart TV) просмотр видео с USB-накопителей','<p>ЖК-телевизор, LED-подсветка диагональ 42&quot; (107 см) поддержка 3D-изображения поддержка 1080p Full HD разрешение 1920x1080 (16:9) доступ в интернет (Smart TV) просмотр видео с USB-накопителей</p>','richhtml',7280,123462,1,'33d614ea858cc07c4dc0a6e05f3c246753760717.jpeg','','',''),(226,801,3,'LG 42LA691S',12,'ЖК-телевизор, LED-подсветка диагональ 42\" (107 см) поддержка 3D-изображения поддержка 1080p Full HD разрешение 1920x1080 (16:9) доступ в интернет (Smart TV) просмотр видео с USB-накопителей','<p>ЖК-телевизор, LED-подсветка диагональ 42&quot; (107 см) поддержка 3D-изображения поддержка 1080p Full HD разрешение 1920x1080 (16:9) доступ в интернет (Smart TV) просмотр видео с USB-накопителей</p>','richhtml',8500,123463,1,'8494cb675933152daf4741af74bc8f12b7e962b6.jpeg','','',''),(227,801,3,'LG 42LM620S',12,'ЖК-телевизор, LED-подсветка диагональ 42\" (107 см) поддержка 3D-изображения поддержка 1080p Full HD разрешение 1920x1080 (16:9) доступ в интернет (Smart TV) просмотр видео с USB-накопителей','<p>ЖК-телевизор, LED-подсветка диагональ 42&quot; (107 см) поддержка 3D-изображения поддержка 1080p Full HD разрешение 1920x1080 (16:9) доступ в интернет (Smart TV) просмотр видео с USB-накопителей</p>','richhtml',6000,123464,1,'81406bcddc429b7b602d5b06c5675d94201aa993.jpeg','','',''),(228,801,3,'LG 42LM660S',12,'ЖК-телевизор, LED-подсветка диагональ 42\" (107 см) поддержка 3D-изображения поддержка 1080p Full HD разрешение 1920x1080 (16:9) доступ в интернет (Smart TV) просмотр видео с USB-накопителей','<p>ЖК-телевизор, LED-подсветка диагональ 42&quot; (107 см) поддержка 3D-изображения поддержка 1080p Full HD разрешение 1920x1080 (16:9) доступ в интернет (Smart TV) просмотр видео с USB-накопителей</p>','richhtml',6920,123465,1,'9814125be782e1c6000e0ec1b6c29cfc7f2a09f2.jpeg','','',''),(229,801,3,'LG 42LN5400',12,'ЖК-телевизор, LED-подсветка диагональ 42\" (107 см) поддержка 1080p Full HD разрешение 1920x1080 (16:9) три HDMI-входа','<p>ЖК-телевизор, LED-подсветка диагональ 42&quot; (107 см) поддержка 1080p Full HD разрешение 1920x1080 (16:9) три HDMI-входа</p>','richhtml',4700,123466,1,'387e5b36a32662b7b9cd29cd4fb3d5a34c728f2d.jpeg','','',''),(230,801,3,'LG 42LN570S',12,'ЖК-телевизор, LED-подсветка диагональ 42\" (107 см) поддержка 1080p Full HD разрешение 1920x1080 (16:9) доступ в интернет (Smart TV) просмотр видео с USB- накопителей подключение к проводной локальной сети','<p>ЖК-телевизор, LED-подсветка диагональ 42&quot; (107 см) поддержка 1080p Full HD разрешение 1920x1080 (16:9) доступ в интернет (Smart TV) просмотр видео с USB- накопителей подключение к проводной локальной сети</p>','richhtml',5000,123467,1,'ce87ec5c9aeb0c9e5044c502d4d0626b79115241.jpeg','','',''),(231,801,3,'LG 42PN450B',12,'плазменная панель диагональ 42\" (107 см) поддержка 720p HD разрешение 1024x768 (16:9) просмотр видео с USB-накопителей два HDMI-входа','<p>плазменная панель диагональ 42&quot; (107 см) поддержка 720p HD разрешение 1024x768 (16:9) просмотр видео с USB-накопителей два HDMI-входа</p>','richhtml',3900,123468,1,'65050b76b2aeac017f6a31f940a4ba7f0155e53f.jpeg','','',''),(233,801,3,'LG 47LA660S',12,'ЖК-телевизор, LED-подсветка диагональ 47\" (119 см) поддержка 3D-изображения поддержка 1080p Full HD разрешение 1920x1080 (16:9) доступ в интернет (Smart TV) просмотр видео с USB-накопителей','<p>ЖК-телевизор, LED-подсветка диагональ 47&quot; (119 см) поддержка 3D-изображения поддержка 1080p Full HD разрешение 1920x1080 (16:9) доступ в интернет (Smart TV) просмотр видео с USB-накопителей</p>','richhtml',9220,123470,1,'78c4f502f12fbfb135d8975fbc1dff6fd3740ce1.jpeg','','',''),(234,801,3,'LG 47LA691S',12,'ЖК-телевизор, LED-подсветка диагональ 47\" (119 см) поддержка 3D-изображения поддержка 1080p Full HD разрешение 1920x1080 (16:9) доступ в интернет (Smart TV) просмотр видео с USB-накопителей','<p>ЖК-телевизор, LED-подсветка диагональ 47&quot; (119 см) поддержка 3D-изображения поддержка 1080p Full HD разрешение 1920x1080 (16:9) доступ в интернет (Smart TV) просмотр видео с USB-накопителей</p>','richhtml',9700,123471,1,'4507588367277e34531e1a28f865479234f155d3.jpeg','','',''),(235,801,3,'LG 47LM620S',12,'ЖК-телевизор, LED-подсветка диагональ 47\" (119 см) поддержка 3D-изображения поддержка 1080p Full HD разрешение 1920x1080 (16:9) доступ в интернет (Smart TV) просмотр видео с USB-накопителей','<p>ЖК-телевизор, LED-подсветка диагональ 47&quot; (119 см) поддержка 3D-изображения поддержка 1080p Full HD разрешение 1920x1080 (16:9) доступ в интернет (Smart TV) просмотр видео с USB-накопителей</p>','richhtml',7500,123472,1,'cdf795cd46731a0a26d6717c6c4f55b45aa6c2a1.jpeg','','',''),(236,801,3,'LG 47LM660S',12,'ЖК-телевизор, LED-подсветка диагональ 47\" (119 см) поддержка 3D-изображения поддержка 1080p Full HD разрешение 1920x1080 (16:9) доступ в интернет (Smart TV) просмотр видео с USB-накопителей','<p>ЖК-телевизор, LED-подсветка диагональ 47&quot; (119 см) поддержка 3D-изображения поддержка 1080p Full HD разрешение 1920x1080 (16:9) доступ в интернет (Smart TV) просмотр видео с USB-накопителей</p>','richhtml',9000,123473,1,'4e275e0f45cae36166c414855e9fc47840f1696e.jpeg','','',''),(237,801,3,'LG 50PN450B',12,'плазменная панель диагональ 50\" (127 см) поддержка 720p HD разрешение 1024x768 (16:9) просмотр видео с USB-накопителей два HDMI-входа','<p>плазменная панель диагональ 50&quot; (127 см) поддержка 720p HD разрешение 1024x768 (16:9) просмотр видео с USB-накопителей два HDMI-входа</p>','richhtml',5500,123474,1,'e4c76557666588f148d97bef9ed0611ffc2c41aa.jpeg','','',''),(238,801,3,'LG 50PN6500',12,'плазменная панель диагональ 50\" (127 см) поддержка 1080p Full HD разрешение 1920x1080 (16:9) просмотр видео с USB-накопителей два HDMI-входа','<p>плазменная панель диагональ 50&quot; (127 см) поддержка 1080p Full HD разрешение 1920x1080 (16:9) просмотр видео с USB-накопителей два HDMI-входа</p>','richhtml',5400,123475,1,'b107ddbac8952b67825a2c7a0624d64362c134ae.jpeg','','',''),(239,801,3,'LG 55LA620S',12,'ЖК-телевизор, LED-подсветка диагональ 55\" (140 см) поддержка 3D-изображения поддержка 1080p Full HD разрешение 1920x1080 (16:9) доступ в интернет (Smart TV) просмотр видео с USB-накопителей','<p>ЖК-телевизор, LED-подсветка диагональ 55&quot; (140 см) поддержка 3D-изображения поддержка 1080p Full HD разрешение 1920x1080 (16:9) доступ в интернет (Smart TV) просмотр видео с USB-накопителей</p>','richhtml',11000,123476,1,'3b9f2b62d1f0f6c23ba78d3687f8e1c357809b25.jpeg','','',''),(240,801,3,'LG 55LA660S',12,'ЖК-телевизор, LED-подсветка диагональ 55\" (140 см) поддержка 3D-изображения поддержка 1080p Full HD разрешение 1920x1080 (16:9) доступ в интернет (Smart TV) просмотр видео с USB-накопителей','<p>ЖК-телевизор, LED-подсветка диагональ 55&quot; (140 см) поддержка 3D-изображения поддержка 1080p Full HD разрешение 1920x1080 (16:9) доступ в интернет (Smart TV) просмотр видео с USB-накопителей</p>','richhtml',13000,123477,1,'ebb01fe68f6ea4b0e24a666bf637a7002a951a52.jpeg','','',''),(241,801,3,'LG 55LA691S',12,'ЖК-телевизор, LED-подсветка диагональ 55\" (140 см) поддержка 3D-изображения поддержка 1080p Full HD разрешение 1920x1080 (16:9) доступ в интернет (Smart TV) просмотр видео с USB-накопителей','<p>ЖК-телевизор, LED-подсветка диагональ 55&quot; (140 см) поддержка 3D-изображения поддержка 1080p Full HD разрешение 1920x1080 (16:9) доступ в интернет (Smart TV) просмотр видео с USB-накопителей</p>','richhtml',13000,123478,1,'0a2b9eee1fa41bae18d7dcee10868d5e966d9ed7.jpeg','','',''),(242,801,3,'LG 47LA620S',12,'ЖК-телевизор, LED-подсветка диагональ 47\" (119 см) поддержка 3D-изображения поддержка 1080p Full HD разрешение 1920x1080 (16:9) доступ в интернет (Smart TV) просмотр видео с USB-накопителей','<p>ЖК-телевизор, LED-подсветка диагональ 47&quot; (119 см) поддержка 3D-изображения поддержка 1080p Full HD разрешение 1920x1080 (16:9) доступ в интернет (Smart TV) просмотр видео с USB-накопителей</p>','richhtml',8000,123479,1,'fdd9bdb7ebb69800211e570800a6bec429b79bef.jpeg','','',''),(243,801,4,'PHILIPS 32PFL3008H',12,'ЖК-телевизор, LED-подсветка диагональ 32\" (81 см) поддержка 720p HD разрешение 1366x768 (16:9) просмотр видео с USB-накопителей два HDMI-входа','<p>ЖК-телевизор, LED-подсветка диагональ 32&quot; (81 см) поддержка 720p HD разрешение 1366x768 (16:9) просмотр видео с USB-накопителей два HDMI-входа</p>','richhtml',3000,123480,1,'0536de0336c1f9f507d357b1f1ab602f3104e0f6.jpeg','','',''),(244,801,4,'PHILIPS 32PFL3258H',12,'ЖК-телевизор, LED-подсветка диагональ 32\" (81 см) поддержка 1080p Full HD разрешение 1920x1080 (16:9) доступ в интернет (Smart TV) просмотр видео с USB- накопителей подключение к проводной локальной сети','<p>ЖК-телевизор, LED-подсветка диагональ 32&quot; (81 см) поддержка 1080p Full HD разрешение 1920x1080 (16:9) доступ в интернет (Smart TV) просмотр видео с USB- накопителей подключение к проводной локальной сети</p>','richhtml',3700,123481,1,'7a78b7e5cc6531f00e3d8d3034fb59b022f3a815.jpeg','','',''),(245,801,4,'PHILIPS 40PFL3008H',12,'ЖК-телевизор, LED-подсветка диагональ 40\" (102 см) поддержка 1080p Full HD разрешение 1920x1080 (16:9) просмотр видео с USB-накопителей два HDMI-входа','<p>ЖК-телевизор, LED-подсветка диагональ 40&quot; (102 см) поддержка 1080p Full HD разрешение 1920x1080 (16:9) просмотр видео с USB-накопителей два HDMI-входа</p>','richhtml',4270,123482,1,'aedcdf7b64330781936eca8dfe5057fba16b65bf.jpeg','','',''),(246,801,4,'PHILIPS 42PFL3108H',12,'ЖК-телевизор, LED-подсветка диагональ 42\" (107 см) поддержка 1080p Full HD разрешение 1920x1080 (16:9) просмотр видео с USB-накопителей два HDMI-входа','<p>ЖК-телевизор, LED-подсветка диагональ 42&quot; (107 см) поддержка 1080p Full HD разрешение 1920x1080 (16:9) просмотр видео с USB-накопителей два HDMI-входа</p>','richhtml',4870,123483,1,'d28b47e939e710bcbba90ebc74739f6da7cac214.jpeg','','',''),(247,801,4,'PHILIPS 42PFL3208H',12,'ЖК-телевизор, LED-подсветка диагональ 42\" (107 см) поддержка 1080p Full HD разрешение 1920x1080 (16:9) доступ в интернет (Smart TV) просмотр видео с USB-накопителей подключение к проводной локальной сети','<p>ЖК-телевизор, LED-подсветка диагональ 42&quot; (107 см) поддержка 1080p Full HD разрешение 1920x1080 (16:9) доступ в интернет (Smart TV) просмотр видео с USB-накопителей подключение к проводной локальной сети</p>','richhtml',4920,123484,1,'31c64ed8dec0da590b8296da30679a26e86c9a0e.jpeg','','',''),(248,801,4,'PHILIPS 42PFL4208H',12,'ЖК-телевизор, LED-подсветка диагональ 42\" (107 см) поддержка 1080p Full HD разрешение 1920x1080 (16:9) доступ в интернет (Smart TV) просмотр видео с USB-накопителей подключение к локальной сети Wi-Fi','<p>ЖК-телевизор, LED-подсветка диагональ 42&quot; (107 см) поддержка 1080p Full HD разрешение 1920x1080 (16:9) доступ в интернет (Smart TV) просмотр видео с USB-накопителей подключение к локальной сети Wi-Fi</p>','richhtml',5400,123485,1,'47031bff10618242b36aab68aa951d45d6314f69.jpeg','','',''),(249,801,5,'SAMSUNG UE22F5000',12,'ЖК-телевизор, LED-подсветка диагональ 22\" (56 см) поддержка 1080p Full HD разрешение 1920x1080 (16:9) прием цифрового телевидения (DVB-T2) просмотр видео с USB-накопителей картинка в картинке','<p>ЖК-телевизор, LED-подсветка диагональ 22&quot; (56 см) поддержка 1080p Full HD разрешение 1920x1080 (16:9) прием цифрового телевидения (DVB-T2) просмотр видео с USB-накопителей картинка в картинке</p>','richhtml',2740,123486,1,'d636ef91626ee4fae2c56b0bee4f5d3fe9a79d33.jpeg','','',''),(251,801,5,'SAMSUNG UE32F4000',12,'ЖК-телевизор, LED-подсветка диагональ 32\" (81 см) поддержка 720p HD разрешение 1366x768 (16:9) просмотр видео с USB-накопителей картинка в картинке два HDMI-входа','<p>ЖК-телевизор, LED-подсветка диагональ 32&quot; (81 см) поддержка 720p HD разрешение 1366x768 (16:9) просмотр видео с USB-накопителей картинка в картинке два HDMI-входа</p>','richhtml',3280,123488,1,'cbd295b63138ef3c6e3e62ca1dc3a027202945ce.jpeg','','',''),(252,801,5,'SAMSUNG UE32F5000',12,'ЖК-телевизор, LED-подсветка диагональ 32\" (81 см) поддержка 1080p Full HD разрешение 1920x1080 (16:9) прием цифрового телевидения (DVB-T2) просмотр видео с USB-накопителей картинка в картинке','<p>ЖК-телевизор, LED-подсветка диагональ 32&quot; (81 см) поддержка 1080p Full HD разрешение 1920x1080 (16:9) прием цифрового телевидения (DVB-T2) просмотр видео с USB-накопителей картинка в картинке</p>','richhtml',3600,123489,1,'2b95049962a6d8225ca30ae76cf63b17851bb05d.jpeg','','',''),(253,801,5,'SAMSUNG UE32F5300',12,'ЖК-телевизор, LED-подсветка диагональ 32\" (81 см) поддержка 1080p Full HD разрешение 1920x1080 (16:9) прием цифрового телевидения (DVB-T2) доступ в интернет (Smart TV) просмотр видео с USB-накопителей','<p>ЖК-телевизор, LED-подсветка диагональ 32&quot; (81 см) поддержка 1080p Full HD разрешение 1920x1080 (16:9) прием цифрового телевидения (DVB-T2) доступ в интернет (Smart TV) просмотр видео с USB-накопителей</p>','richhtml',3970,123490,1,'caa49abb08533aa541c4eec4f8d2a9677fc10654.jpeg','','',''),(254,801,5,'SAMSUNG UE32F5500',12,'ЖК-телевизор, LED-подсветка диагональ 32\" (81 см) поддержка 1080p Full HD разрешение 1920x1080 (16:9) прием цифрового телевидения (DVB-T2) доступ в интернет (Smart TV) просмотр видео с USB-накопителей','<p>ЖК-телевизор, LED-подсветка диагональ 32&quot; (81 см) поддержка 1080p Full HD разрешение 1920x1080 (16:9) прием цифрового телевидения (DVB-T2) доступ в интернет (Smart TV) просмотр видео с USB-накопителей</p>','richhtml',4440,123491,1,'0dbfdc7466c0b320424a3c15f5fcc904f014c577.jpeg','','',''),(255,801,5,'SAMSUNG UE32F6100',12,'ЖК-телевизор, LED-подсветка диагональ 32\" (81 см) поддержка 3D-изображения поддержка 1080p Full HD разрешение 1920x1080 (16:9) прием цифрового телевидения (DVB-T2) просмотр видео с USB-накопителей','<p>ЖК-телевизор, LED-подсветка диагональ 32&quot; (81 см) поддержка 3D-изображения поддержка 1080p Full HD разрешение 1920x1080 (16:9) прием цифрового телевидения (DVB-T2) просмотр видео с USB-накопителей</p>','richhtml',4640,123492,1,'b5c9ec7350b5aac023023bf061620e8cf89aeb66.jpeg','','',''),(256,801,5,'SAMSUNG UE32F6400',12,'ЖК-телевизор, LED-подсветка диагональ 32\" (81 см) поддержка 3D-изображения поддержка 1080p Full HD разрешение 1920x1080 (16:9) прием цифрового телевидения (DVB-T2) доступ в интернет (Smart TV)','<p>ЖК-телевизор, LED-подсветка диагональ 32&quot; (81 см) поддержка 3D-изображения поддержка 1080p Full HD разрешение 1920x1080 (16:9) прием цифрового телевидения (DVB-T2) доступ в интернет (Smart TV)</p>','richhtml',5260,123493,1,'b1a5c86b326f9dec87b8a2dc4bf60ff828da60c3.jpeg','','',''),(258,801,5,'SAMSUNG UE40F6100',12,'ЖК-телевизор, LED-подсветка диагональ 40\" (102 см) поддержка 3D-изображения поддержка 1080p Full HD разрешение 1920x1080 (16:9) прием цифрового телевидения (DVB-T2) просмотр видео с USB-накопителей','<p>ЖК-телевизор, LED-подсветка диагональ 40&quot; (102 см) поддержка 3D-изображения поддержка 1080p Full HD разрешение 1920x1080 (16:9) прием цифрового телевидения (DVB-T2) просмотр видео с USB-накопителей</p>','richhtml',5290,123495,1,'93257759c8c85e6d0091ff30812e8a31e7ac0e0b.jpeg','','',''),(259,801,5,'SAMSUNG UE40F6400',12,'ЖК-телевизор, LED-подсветка диагональ 40\" (102 см) поддержка 3D-изображения поддержка 1080p Full HD разрешение 1920x1080 (16:9) прием цифрового телевидения (DVB-T2) доступ в интернет (Smart TV)','<p>ЖК-телевизор, LED-подсветка диагональ 40&quot; (102 см) поддержка 3D-изображения поддержка 1080p Full HD разрешение 1920x1080 (16:9) прием цифрового телевидения (DVB-T2) доступ в интернет (Smart TV)</p>','richhtml',6180,123496,1,'852de52a1540e3ad4ab588a061616f3b99728c88.jpeg','','',''),(260,801,5,'SAMSUNG UE40F6500',12,'ЖК-телевизор, LED-подсветка диагональ 40\" (102 см) поддержка 3D-изображения поддержка 1080p Full HD разрешение 1920x1080 (16:9) прием цифрового телевидения (DVB-T2) доступ в интернет (Smart TV)','<p>ЖК-телевизор, LED-подсветка диагональ 40&quot; (102 см) поддержка 3D-изображения поддержка 1080p Full HD разрешение 1920x1080 (16:9) прием цифрового телевидения (DVB-T2) доступ в интернет (Smart TV)</p>','richhtml',6760,123497,1,'770d95848287f7bc483e7aa62a013d206a6b7b1c.jpeg','','',''),(261,801,5,'SAMSUNG UE40F6800',12,'ЖК-телевизор, LED-подсветка диагональ 40\" (102 см) поддержка 3D-изображения поддержка 1080p Full HD разрешение 1920x1080 (16:9) прием цифрового телевидения (DVB-T2) доступ в интернет (Smart TV)','<p>ЖК-телевизор, LED-подсветка диагональ 40&quot; (102 см) поддержка 3D-изображения поддержка 1080p Full HD разрешение 1920x1080 (16:9) прием цифрового телевидения (DVB-T2) доступ в интернет (Smart TV)</p>','richhtml',7290,123498,1,'9f5c1fcfa2492d03e37542c9c5c18a2ab9fdc6ec.jpeg','','',''),(262,801,5,'SAMSUNG UE40F7000',12,'ЖК-телевизор, LED-подсветка диагональ 40\" (102 см) поддержка 3D-изображения поддержка 1080p Full HD разрешение 1920x1080 (16:9) прием цифрового телевидения (DVB-T2) доступ в интернет (Smart TV)','<p>ЖК-телевизор, LED-подсветка диагональ 40&quot; (102 см) поддержка 3D-изображения поддержка 1080p Full HD разрешение 1920x1080 (16:9) прием цифрового телевидения (DVB-T2) доступ в интернет (Smart TV)</p>','richhtml',10240,123499,1,'d7c0befc1b9df466fd4bf9fd64b11887a0d05d9a.jpeg','','',''),(263,801,5,'SAMSUNG UE40F8000',12,'ЖК-телевизор, LED-подсветка диагональ 40\" (102 см) поддержка 3D-изображения поддержка 1080p Full HD разрешение 1920x1080 (16:9) прием цифрового телевидения (DVB-T2) доступ в интернет (Smart TV)','<p>ЖК-телевизор, LED-подсветка диагональ 40&quot; (102 см) поддержка 3D-изображения поддержка 1080p Full HD разрешение 1920x1080 (16:9) прием цифрового телевидения (DVB-T2) доступ в интернет (Smart TV)</p>','richhtml',11160,123500,1,'75bb32cfb5561bf7382f5fda133ccf463dbf3809.jpeg','','',''),(264,801,5,'SAMSUNG UE42F5000',12,'ЖК-телевизор, LED-подсветка диагональ 42\" (107 см) поддержка 1080p Full HD разрешение 1920x1080 (16:9) прием цифрового телевидения (DVB-T2) просмотр видео с USB-накопителей картинка в картинке','<p>ЖК-телевизор, LED-подсветка диагональ 42&quot; (107 см) поддержка 1080p Full HD разрешение 1920x1080 (16:9) прием цифрового телевидения (DVB-T2) просмотр видео с USB-накопителей картинка в картинке</p>','richhtml',4840,123501,1,'bf566d5138760c452dc10e29f7ddd892ad2e2752.jpeg','','',''),(265,801,5,'SAMSUNG UE42F5300',12,'ЖК-телевизор, LED-подсветка диагональ 42\" (107 см) поддержка 1080p Full HD разрешение 1920x1080 (16:9) прием цифрового телевидения (DVB-T2) доступ в интернет (Smart TV) просмотр видео с USB-накопителей','<p>ЖК-телевизор, LED-подсветка диагональ 42&quot; (107 см) поддержка 1080p Full HD разрешение 1920x1080 (16:9) прием цифрового телевидения (DVB-T2) доступ в интернет (Smart TV) просмотр видео с USB-накопителей</p>','richhtml',5380,123502,1,'fc894831777ced38481332099d5422a340ec6302.jpeg','','',''),(266,801,5,'SAMSUNG UE42F5500',12,'ЖК-телевизор, LED-подсветка диагональ 42\" (107 см) поддержка 1080p Full HD разрешение 1920x1080 (16:9) прием цифрового телевидения (DVB-T2) доступ в интернет (Smart TV) просмотр видео с USB-накопителей','<p>ЖК-телевизор, LED-подсветка диагональ 42&quot; (107 см) поддержка 1080p Full HD разрешение 1920x1080 (16:9) прием цифрового телевидения (DVB-T2) доступ в интернет (Smart TV) просмотр видео с USB-накопителей</p>','richhtml',5840,123503,1,'2221606ff3f7fff9c3e2795715a7d43b16d82052.jpeg','','',''),(269,801,5,'SAMSUNG UE46F5000',12,'ЖК-телевизор, LED-подсветка диагональ 46\" (117 см) поддержка 1080p Full HD разрешение 1920x1080 (16:9) прием цифрового телевидения (DVB-T2) просмотр видео с USB-накопителей картинка в картинке','<p>ЖК-телевизор, LED-подсветка диагональ 46&quot; (117 см) поддержка 1080p Full HD разрешение 1920x1080 (16:9) прием цифрового телевидения (DVB-T2) просмотр видео с USB-накопителей картинка в картинке</p>','richhtml',6220,123506,1,'7c9b0d8865d82ecf6d9ab1d79f78df94ddd83536.jpeg','','',''),(270,801,5,'SAMSUNG UE46F5300',12,'ЖК-телевизор, LED-подсветка диагональ 46\" (117 см) поддержка 1080p Full HD разрешение 1920x1080 (16:9) прием цифрового телевидения (DVB-T2) доступ в интернет (Smart TV) просмотр видео с USB-накопителей','<p>ЖК-телевизор, LED-подсветка диагональ 46&quot; (117 см) поддержка 1080p Full HD разрешение 1920x1080 (16:9) прием цифрового телевидения (DVB-T2) доступ в интернет (Smart TV) просмотр видео с USB-накопителей</p>','richhtml',6740,123507,1,'9dfc6e4ccafc24237a09293edb240b98a0e0ce8e.jpeg','','',''),(271,801,5,'SAMSUNG UE46F5500',12,'ЖК-телевизор, LED-подсветка диагональ 46\" (117 см) поддержка 1080p Full HD разрешение 1920x1080 (16:9) прием цифрового телевидения (DVB-T2) доступ в интернет (Smart TV) просмотр видео с USB-накопителей','<p>ЖК-телевизор, LED-подсветка диагональ 46&quot; (117 см) поддержка 1080p Full HD разрешение 1920x1080 (16:9) прием цифрового телевидения (DVB-T2) доступ в интернет (Smart TV) просмотр видео с USB-накопителей</p>','richhtml',7080,123508,1,'0b240126ce2b33b114a094fc2297562dd390f905.jpeg','','',''),(272,801,5,'SAMSUNG UE46F6500',12,'ЖК-телевизор, LED-подсветка диагональ 46\" (117 см) поддержка 3D-изображения поддержка 1080p Full HD разрешение 1920x1080 (16:9) прием цифрового телевидения (DVB-T2) доступ в интернет (Smart TV)','<p>ЖК-телевизор, LED-подсветка диагональ 46&quot; (117 см) поддержка 3D-изображения поддержка 1080p Full HD разрешение 1920x1080 (16:9) прием цифрового телевидения (DVB-T2) доступ в интернет (Smart TV)</p>','richhtml',8840,123509,1,'992a29e0f46356dfa934d442732f62968479289a.jpeg','','',''),(273,801,5,'SAMSUNG UE46F7000',12,'ЖК-телевизор, LED-подсветка диагональ 46\" (117 см) поддержка 3D-изображения поддержка 1080p Full HD разрешение 1920x1080 (16:9) прием цифрового телевидения (DVB-T2) доступ в интернет (Smart TV)','<p>ЖК-телевизор, LED-подсветка диагональ 46&quot; (117 см) поддержка 3D-изображения поддержка 1080p Full HD разрешение 1920x1080 (16:9) прием цифрового телевидения (DVB-T2) доступ в интернет (Smart TV)</p>','richhtml',12680,123510,1,'f6bb8593a007eaf5235eb3c580e3074f40dc12f5.jpeg','','',''),(275,801,5,'SAMSUNG UE50F5000',12,'ЖК-телевизор, LED-подсветка диагональ 50\" (127 см) поддержка 1080p Full HD разрешение 1920x1080 (16:9) прием цифрового телевидения (DVB-T2) просмотр видео с USB-накопителей картинка в картинке','<p>ЖК-телевизор, LED-подсветка диагональ 50&quot; (127 см) поддержка 1080p Full HD разрешение 1920x1080 (16:9) прием цифрового телевидения (DVB-T2) просмотр видео с USB-накопителей картинка в картинке</p>','richhtml',8840,123512,1,'5ae5a993b696756e499ac373dfd40e12302b6539.jpeg','','',''),(276,801,5,'SAMSUNG UE50F6100',12,'ЖК-телевизор, LED-подсветка диагональ 50\" (127 см) поддержка 3D-изображения поддержка 1080p Full HD разрешение 1920x1080 (16:9) прием цифрового телевидения (DVB-T2) просмотр видео с USB-накопителей','<p>ЖК-телевизор, LED-подсветка диагональ 50&quot; (127 см) поддержка 3D-изображения поддержка 1080p Full HD разрешение 1920x1080 (16:9) прием цифрового телевидения (DVB-T2) просмотр видео с USB-накопителей</p>','richhtml',9440,123513,1,'50986baf46f71f221d69d6cb6c9bbec9965c2ea5.jpeg','','',''),(277,801,5,'SAMSUNG UE55F6100',12,'ЖК-телевизор, LED-подсветка диагональ 55\" (140 см) поддержка 3D-изображения поддержка 1080p Full HD разрешение 1920x1080 (16:9) прием цифрового телевидения (DVB-T2) просмотр видео с USB-накопителей','<p>ЖК-телевизор, LED-подсветка диагональ 55&quot; (140 см) поддержка 3D-изображения поддержка 1080p Full HD разрешение 1920x1080 (16:9) прием цифрового телевидения (DVB-T2) просмотр видео с USB-накопителей</p>','richhtml',10830,123514,1,'75386b9f98e01b5cbd9423d58fc72fbf0cf06751.jpeg','','',''),(278,801,5,'SAMSUNG UE55F6400',12,'ЖК-телевизор, LED-подсветка диагональ 55\" (140 см) поддержка 3D-изображения поддержка 1080p Full HD разрешение 1920x1080 (16:9) прием цифрового телевидения (DVB-T2) доступ в интернет (Smart TV)','<p>ЖК-телевизор, LED-подсветка диагональ 55&quot; (140 см) поддержка 3D-изображения поддержка 1080p Full HD разрешение 1920x1080 (16:9) прием цифрового телевидения (DVB-T2) доступ в интернет (Smart TV)</p>','richhtml',12090,123515,1,'100d0c27aae1a79bfaea4157a0aaf62c161bb1dc.jpeg','','',''),(279,801,5,'SAMSUNG UE55F6500',12,'ЖК-телевизор, LED-подсветка диагональ 55\" (140 см) поддержка 3D-изображения поддержка 1080p Full HD разрешение 1920x1080 (16:9) прием цифрового телевидения (DVB-T2) доступ в интернет (Smart TV)','<p>ЖК-телевизор, LED-подсветка диагональ 55&quot; (140 см) поддержка 3D-изображения поддержка 1080p Full HD разрешение 1920x1080 (16:9) прием цифрового телевидения (DVB-T2) доступ в интернет (Smart TV)</p>','richhtml',12280,123516,1,'5631d5a60a3b340615c76980587e10845e8a3f69.jpeg','','',''),(280,714,6,'AEG L86560 TL',12,'вертикальная загрузка (до 6 кг), отдельно стоящая, электронное управление, класс стирки A, 1500 oб/мин, отложенный старт, защита от протечек воды, интеллектуальное управление стиркой, стирка шерсти, размеры (ШxГxВ): 40x60x85 см, цвет: белый.','<p>вертикальная загрузка (до 6 кг), отдельно стоящая, электронное управление, класс стирки A, 1500 oб/мин, отложенный старт, защита от протечек воды, интеллектуальное управление стиркой, стирка шерсти, размеры (ШxГxВ): 40x60x85 см, цвет: белый.</p>','richhtml',7086,0,1,'','','',''),(281,714,7,'ARDO TLN126LW',13,'вертикальная загрузка (до 6 кг), отдельно стоящая, электронное управление, класс стирки A, 1200 oб/мин, отложенный старт, защита от протечек воды, интеллектуальное управление стиркой, стирка шерсти, размеры (ШxГxВ): 40x60x90 см, цвет: белый.','<p>вертикальная загрузка (до 6 кг), отдельно стоящая, электронное управление, класс стирки A, 1200 oб/мин, отложенный старт, защита от протечек воды, интеллектуальное управление стиркой, стирка шерсти, размеры (ШxГxВ): 40x60x90 см, цвет: белый.</p>','richhtml',3891,0,1,'','','',''),(282,714,8,'ATLANT 50C104',14,'Автоматическая стиральная машина с фронтальной загрузкой и электронным управлением. Количество программ стирки - 15. Защита от перепадов напряжения. Электронный контроль дисбаланса. Габариты (ВхШхГ) - 846x596x556 мм. Цвет: белый.','<p>Автоматическая стиральная машина с фронтальной загрузкой и электронным управлением. Количество программ стирки - 15. Защита от перепадов напряжения. Электронный контроль дисбаланса. Габариты (ВхШхГ) - 846x596x556 мм. Цвет: белый.</p>','richhtml',2753,50,1,'','','',''),(283,714,8,'ATLANT 50Y88',15,'фронтальная загрузка (до 5 кг), отдельно стоящая, электронное управление, класс стирки A, 800 oб/мин, отложенный старт, защита от протечек воды, интеллектуальное управление стиркой, стирка шерсти, размеры (ШxГxВ): 60x42x85 см, цвет: белый.','<p>фронтальная загрузка (до 5 кг), отдельно стоящая, электронное управление, класс стирки A, 800 oб/мин, отложенный старт, защита от протечек воды, интеллектуальное управление стиркой, стирка шерсти, размеры (ШxГxВ): 60x42x85 см, цвет: белый.</p>','richhtml',2165,50,1,'','','',''),(284,714,8,'ATLANT 60C86',16,'Отжим: 800 об/мин. Вместимость для стирки: 6 кг. Класс энергопотребления: А. Класс стирки: А. Расход электроэнергии за цикл стирки: 1,14 кВт/ч. Габариты (ШхВхГ): 596х846х511 мм. Цвет: белый.Cтрана производитель: Беларусь','<p>Отжим: 800 об/мин. Вместимость для стирки: 6 кг. Класс энергопотребления: А. Класс стирки: А. Расход электроэнергии за цикл стирки: 1,14 кВт/ч. Габариты (ШхВхГ): 596х846х511 мм. Цвет: белый.Cтрана производитель: Беларусь</p>','richhtml',2414,60,1,'','','',''),(285,714,8,'ATLANT 60C88',17,'фронтальная загрузка (до 6 кг), отдельно стоящая, электронное управление, класс стирки A, 800 oб/мин, отложенный старт, защита от протечек воды, интеллектуальное управление стиркой, стирка шерсти, размеры (ШxГxВ): 60x57x85 см, цвет: белый.','<p>фронтальная загрузка (до 6 кг), отдельно стоящая, электронное управление, класс стирки A, 800 oб/мин, отложенный старт, защита от протечек воды, интеллектуальное управление стиркой, стирка шерсти, размеры (ШxГxВ): 60x57x85 см, цвет: белый.</p>','richhtml',2123,60,1,'','','',''),(286,714,9,'BEKO WMB60831M',18,'фронтальная загрузка (до 6 кг), отдельно стоящая, электронное управление, класс стирки A, 800 oб/мин, отложенный старт, защита от протечек воды, интеллектуальное управление стиркой, стирка шерсти, размеры (ШxГxВ): 60x54x85 см, цвет: белый.','<p>фронтальная загрузка (до 6 кг), отдельно стоящая, электронное управление, класс стирки A, 800 oб/мин, отложенный старт, защита от протечек воды, интеллектуальное управление стиркой, стирка шерсти, размеры (ШxГxВ): 60x54x85 см, цвет: белый.</p>','richhtml',2354,60831,1,'','','',''),(287,714,9,'BEKO WMB81241LMB',19,'фронтальная загрузка (до 8 кг), отдельно стоящая, электронное управление, класс стирки A, 1200 oб/мин, отложенный старт, защита от протечек воды, интеллектуальное управление стиркой, стирка шерсти, размеры (ШxГxВ): 60x54x85 см, цвет: черный.','<p>фронтальная загрузка (до 8 кг), отдельно стоящая, электронное управление, класс стирки A, 1200 oб/мин, отложенный старт, защита от протечек воды, интеллектуальное управление стиркой, стирка шерсти, размеры (ШxГxВ): 60x54x85 см, цвет: черный.</p>','richhtml',3891,81241,1,'','','',''),(288,714,9,'BEKO WML51021',20,'фронтальная загрузка (до 5 кг), отдельно стоящая, электронное управление, класс стирки A, 1000 oб/мин, отложенный старт, защита от протечек воды, интеллектуальное управление стиркой, стирка шерсти, размеры (ШxГxВ): 60x45x85 см, цвет: белый.','<p>фронтальная загрузка (до 5 кг), отдельно стоящая, электронное управление, класс стирки A, 1000 oб/мин, отложенный старт, защита от протечек воды, интеллектуальное управление стиркой, стирка шерсти, размеры (ШxГxВ): 60x45x85 см, цвет: белый.</p>','richhtml',2217,0,1,'','','',''),(289,714,10,'BOSCH WAB20063',21,'фронтальная загрузка (до 5.5 кг), отдельно стоящая, электронное управление, класс стирки A, 1000 oб/мин, защита от протечек воды, интеллектуальное управление стиркой, стирка шерсти, размеры (ШxГxВ): 60x56x85 см, цвет: белый.','<p>фронтальная загрузка (до 5.5 кг), отдельно стоящая, электронное управление, класс стирки A, 1000 oб/мин, защита от протечек воды, интеллектуальное управление стиркой, стирка шерсти, размеры (ШxГxВ): 60x56x85 см, цвет: белый.</p>','richhtml',3103,0,1,'','','',''),(290,714,10,'BOSCH WAE20444OE',22,'фронтальная загрузка (до 7 кг), отдельно стоящая, электронное управление, класс стирки A, 1000 oб/мин, отложенный старт, защита от протечек воды, интеллектуальное управление стиркой, стирка шерсти, размеры (ШxГxВ): 60x59x85 см, цвет: белый.','<p>фронтальная загрузка (до 7 кг), отдельно стоящая, электронное управление, класс стирки A, 1000 oб/мин, отложенный старт, защита от протечек воды, интеллектуальное управление стиркой, стирка шерсти, размеры (ШxГxВ): 60x59x85 см, цвет: белый.</p>','richhtml',6263,20444,1,'','','',''),(291,714,10,'BOSCH WOT26483OE',23,'вертикальная загрузка (до 6 кг), отдельно стоящая, электронное управление, класс стирки A, 1300 oб/мин, отложенный старт, защита от протечек воды, интеллектуальное управление стиркой, стирка шерсти, размеры (ШxГxВ): 40x62x90 см, цвет: белый.','<p>вертикальная загрузка (до 6 кг), отдельно стоящая, электронное управление, класс стирки A, 1300 oб/мин, отложенный старт, защита от протечек воды, интеллектуальное управление стиркой, стирка шерсти, размеры (ШxГxВ): 40x62x90 см, цвет: белый.</p>','richhtml',6748,26483,1,'','','',''),(292,714,10,'BOSCH WTC84102',24,'Цвет белый Мощность (W): 2600 Загрузка: 1 - 7 kg Система сушки DUO-Tronic Класс энергопотребления: B Потребляемая мощность:3,92 кВт Шум 66 дБ (относительно 1 пВт)','<p>Цвет белый Мощность (W): 2600 Загрузка: 1 - 7 kg Система сушки DUO-Tronic Класс энергопотребления: B Потребляемая мощность:3,92 кВт Шум 66 дБ (относительно 1 пВт)</p>','richhtml',5520,0,1,'','','',''),(293,714,11,'CANDY COS105DF16S',25,'фронтальная загрузка (до 5 кг), отдельно стоящая, электронное управление, класс стирки A, 1000 oб/мин, отложенный старт, защита от протечек воды, интеллектуальное управление стиркой, стирка шерсти, размеры (ШxГxВ): 60x40x85 см, цвет: белый.','<p>фронтальная загрузка (до 5 кг), отдельно стоящая, электронное управление, класс стирки A, 1000 oб/мин, отложенный старт, защита от протечек воды, интеллектуальное управление стиркой, стирка шерсти, размеры (ШxГxВ): 60x40x85 см, цвет: белый.</p>','richhtml',2508,105,1,'','','',''),(294,714,11,'CANDY EVO1494LW',26,'фронтальная загрузка (до 9 кг), отдельно стоящая, электронное управление, класс стирки A, 1400 oб/мин, отложенный старт, защита от протечек воды, интеллектуальное управление стиркой, стирка шерсти, размеры (ШxГxВ): 60x60x85 см, цвет: белый.','<p>фронтальная загрузка (до 9 кг), отдельно стоящая, электронное управление, класс стирки A, 1400 oб/мин, отложенный старт, защита от протечек воды, интеллектуальное управление стиркой, стирка шерсти, размеры (ШxГxВ): 60x60x85 см, цвет: белый.</p>','richhtml',4166,1494,1,'','','',''),(295,714,11,'CANDY GO4106DFL1S',27,'фронтальная загрузка (до 6 кг), отдельно стоящая, электронное управление, класс стирки A, 1000 oб/мин, отложенный старт, защита от протечек воды, интеллектуальное управление стиркой, стирка шерсти, размеры (ШxГxВ): 60x40x85 см, цвет: белый.','<p>фронтальная загрузка (до 6 кг), отдельно стоящая, электронное управление, класс стирки A, 1000 oб/мин, отложенный старт, защита от протечек воды, интеллектуальное управление стиркой, стирка шерсти, размеры (ШxГxВ): 60x40x85 см, цвет: белый.</p>','richhtml',2594,4106,1,'','','',''),(296,714,11,'CANDY GO41272D16S',28,'фронтальная загрузка (до 7 кг), отдельно стоящая, электронное управление, класс стирки A, 1200 oб/мин, отложенный старт, защита от протечек воды, интеллектуальное управление стиркой, стирка шерсти, размеры (ШxГxВ): 60x54x85 см, цвет: белый.','<p>фронтальная загрузка (до 7 кг), отдельно стоящая, электронное управление, класс стирки A, 1200 oб/мин, отложенный старт, защита от протечек воды, интеллектуальное управление стиркой, стирка шерсти, размеры (ШxГxВ): 60x54x85 см, цвет: белый.</p>','richhtml',3179,41272,1,'','','',''),(297,714,12,'DELFA DDW3208',29,'компактная, отдельно стоящая, на 6 комплектов, класс мойки A, 3 программ, конденсационная сушка, защита от протечек, таймер отсрочки запуска, размеры (ШxГxВ): 55x50x44 см, цвет: белый.','<p>компактная, отдельно стоящая, на 6 комплектов, класс мойки A, 3 программ, конденсационная сушка, защита от протечек, таймер отсрочки запуска, размеры (ШxГxВ): 55x50x44 см, цвет: белый.</p>','richhtml',1477,0,1,'','','',''),(298,714,12,'DELFA DF605',30,'вертикальная загрузка (до 6 кг), активаторная, отдельно стоящая, механическое управление, цвет: белый.','<p>вертикальная загрузка (до 6 кг), активаторная, отдельно стоящая, механическое управление, цвет: белый.</p>','richhtml',977,0,1,'','','',''),(299,714,12,'DELFA DF606',31,'вертикальная загрузка (до 6 кг), активаторная, отдельно стоящая, механическое управление, цвет: белый.','<p>вертикальная загрузка (до 6 кг), активаторная, отдельно стоящая, механическое управление, цвет: белый.</p>','richhtml',977,0,1,'','','',''),(300,714,13,'ELECTROLUX EWB105205 W',32,'Стиральная машина с вертикальной загрузкой Объем загрузки: 5.5 кг Максимальная скорость отжима: 1000 об/мин Класс энергопотребления A-10% Цвет белый Мощность подключения, Вт 2300 Номинальное напряжение, Вт 230 Предохранители, А 10 Размеры (ВхШхГ), мм 850','<p>Стиральная машина с вертикальной загрузкой Объем загрузки: 5.5 кг Максимальная скорость отжима: 1000 об/мин Класс энергопотребления A-10% Цвет белый Мощность подключения, Вт 2300 Номинальное напряжение, Вт 230 Предохранители, А 10 Размеры (ВхШхГ), мм 850 x 400 x 600</p>','richhtml',3428,105205,1,'','','',''),(301,714,13,'ELECTROLUX EWS11277FW',33,'фронтальная загрузка (до 6.5 кг), отдельно стоящая, электронное управление, класс стирки A, 1200 oб/мин, отложенный старт, защита от протечек воды, интеллектуальное управление стиркой, стирка шерсти, размеры (ШxГxВ): 60x45x85 см, цвет: белый.','<p>фронтальная загрузка (до 6.5 кг), отдельно стоящая, электронное управление, класс стирки A, 1200 oб/мин, отложенный старт, защита от протечек воды, интеллектуальное управление стиркой, стирка шерсти, размеры (ШxГxВ): 60x45x85 см, цвет: белый.</p>','richhtml',4867,11277,1,'','','',''),(302,714,13,'ELECTROLUX EWT1066TDW',34,'вертикальная загрузка (до 6 кг), отдельно стоящая, электронное управление, класс стирки A, 1000 oб/мин, отложенный старт, защита от протечек воды, интеллектуальное управление стиркой, стирка шерсти, размеры (ШxГxВ): 40x60x85 см, цвет: белый.','<p>вертикальная загрузка (до 6 кг), отдельно стоящая, электронное управление, класс стирки A, 1000 oб/мин, отложенный старт, защита от протечек воды, интеллектуальное управление стиркой, стирка шерсти, размеры (ШxГxВ): 40x60x85 см, цвет: белый.</p>','richhtml',4199,1066,1,'','','',''),(303,714,13,'ELECTROLUX EWX 147410W',35,'фронтальная загрузка (до 7 кг), встраиваемая, электронное управление, класс стирки A, 1400 oб/мин, сушка, отложенный старт, защита от протечек воды, интеллектуальное управление стиркой, стирка шерсти, размеры (ШxГxВ): 60x55x82 см, цвет: белый.','<p>фронтальная загрузка (до 7 кг), встраиваемая, электронное управление, класс стирки A, 1400 oб/мин, сушка, отложенный старт, защита от протечек воды, интеллектуальное управление стиркой, стирка шерсти, размеры (ШxГxВ): 60x55x82 см, цвет: белый.</p>','richhtml',7233,147410,1,'','','',''),(304,714,14,'GORENJE D844BH',36,'Сушильная машина Материал: оцинкованная сталь Загрузка, кг: 8 Материал барабана: нержавеющая сталь Освещение барабана Количество программ: 15 Цифровой дисплейВозможность подключения к сливу Габаритные размеры (в/ш/г), мм: 850/600/600Цвет: белый Вес с/без','<p>Сушильная машина Материал: оцинкованная сталь Загрузка, кг: 8 Материал барабана: нержавеющая сталь Освещение барабана Количество программ: 15 Цифровой дисплейВозможность подключения к сливу Габаритные размеры (в/ш/г), мм: 850/600/600Цвет: белый Вес с/без упаковки, кг: 40/38</p>','richhtml',4834,0,1,'','','',''),(305,714,14,'GORENJE W6202S',37,'фронтальная загрузка (до 6 кг), отдельно стоящая, электронное управление, класс стирки A, 1000 oб/мин, защита от протечек воды, интеллектуальное управление стиркой, стирка шерсти, размеры (ШxГxВ): 60x65x87 см, цвет: белый.','<p>фронтальная загрузка (до 6 кг), отдельно стоящая, электронное управление, класс стирки A, 1000 oб/мин, защита от протечек воды, интеллектуальное управление стиркой, стирка шерсти, размеры (ШxГxВ): 60x65x87 см, цвет: белый.</p>','richhtml',2934,0,1,'','','',''),(306,714,14,'GORENJE W6222S',38,'фронтальная загрузка (до 6 кг), отдельно стоящая, электронное управление, класс стирки A, 1200 oб/мин, защита от протечек воды, интеллектуальное управление стиркой, стирка шерсти, размеры (ШxГxВ): 60x60x85 см, цвет: белый.','<p>фронтальная загрузка (до 6 кг), отдельно стоящая, электронное управление, класс стирки A, 1200 oб/мин, защита от протечек воды, интеллектуальное управление стиркой, стирка шерсти, размеры (ШxГxВ): 60x60x85 см, цвет: белый.</p>','richhtml',3043,0,1,'','','',''),(307,714,14,'GORENJE W62Z2S',39,'фронтальная загрузка (до 6 кг), отдельно стоящая, электронное управление, класс стирки A, 900 oб/мин, защита от протечек воды, интеллектуальное управление стиркой, стирка шерсти, размеры (ШxГxВ): 60x44x85 см, цвет: белый.','<p>фронтальная загрузка (до 6 кг), отдельно стоящая, электронное управление, класс стирки A, 900 oб/мин, защита от протечек воды, интеллектуальное управление стиркой, стирка шерсти, размеры (ШxГxВ): 60x44x85 см, цвет: белый.</p>','richhtml',2599,0,1,'','','',''),(308,714,14,'GORENJE W6413S',40,'фронтальная загрузка (до 6 кг), отдельно стоящая, электронное управление, класс стирки A, 1100 oб/мин, отложенный старт, защита от протечек воды, интеллектуальное управление стиркой, стирка шерсти, размеры (ШxГxВ): 60x44x85 см, цвет: белый.','<p>фронтальная загрузка (до 6 кг), отдельно стоящая, электронное управление, класс стирки A, 1100 oб/мин, отложенный старт, защита от протечек воды, интеллектуальное управление стиркой, стирка шерсти, размеры (ШxГxВ): 60x44x85 см, цвет: белый.</p>','richhtml',2997,0,1,'','','',''),(309,714,14,'GORENJE W6823LS',41,'фронтальная загрузка (до 6 кг), отдельно стоящая, электронное управление, класс стирки A, 1200 oб/мин, отложенный старт, защита от протечек воды, интеллектуальное управление стиркой, стирка шерсти, размеры (ШxГxВ): 60x44x85 см, цвет: белый.','<p>фронтальная загрузка (до 6 кг), отдельно стоящая, электронное управление, класс стирки A, 1200 oб/мин, отложенный старт, защита от протечек воды, интеллектуальное управление стиркой, стирка шерсти, размеры (ШxГxВ): 60x44x85 см, цвет: белый.</p>','richhtml',3934,0,1,'','','',''),(310,714,14,'GORENJE W6843LS',42,'фронтальная загрузка (до 6 кг), отдельно стоящая, электронное управление, класс стирки A, 1400 oб/мин, отложенный старт, защита от протечек воды, интеллектуальное управление стиркой, стирка шерсти, размеры (ШxГxВ): 60x44x85 см, цвет: белый.','<p>фронтальная загрузка (до 6 кг), отдельно стоящая, электронное управление, класс стирки A, 1400 oб/мин, отложенный старт, защита от протечек воды, интеллектуальное управление стиркой, стирка шерсти, размеры (ШxГxВ): 60x44x85 см, цвет: белый.</p>','richhtml',4044,0,1,'','','',''),(311,714,14,'GORENJE W72X1R+ бак',43,'фронтальная загрузка (до 7 кг), отдельно стоящая, электронное управление, класс стирки A, 600 oб/мин, защита от протечек воды, интеллектуальное управление стиркой, стирка шерсти, размеры (ШxГxВ): 60x60x85 см, цвет: белый.','<p>фронтальная загрузка (до 7 кг), отдельно стоящая, электронное управление, класс стирки A, 600 oб/мин, защита от протечек воды, интеллектуальное управление стиркой, стирка шерсти, размеры (ШxГxВ): 60x60x85 см, цвет: белый.</p>','richhtml',3208,0,1,'','','',''),(312,714,14,'GORENJE W9825I',44,'фронтальная загрузка (до 9 кг), отдельно стоящая, электронное управление, класс стирки A, 1200 oб/мин, отложенный старт, защита от протечек воды, интеллектуальное управление стиркой, стирка шерсти, размеры (ШxГxВ): 60x60x85 см, цвет: белый.','<p>фронтальная загрузка (до 9 кг), отдельно стоящая, электронное управление, класс стирки A, 1200 oб/мин, отложенный старт, защита от протечек воды, интеллектуальное управление стиркой, стирка шерсти, размеры (ШxГxВ): 60x60x85 см, цвет: белый.</p>','richhtml',5588,0,1,'','','',''),(313,714,15,'HANSA AWB508LR',45,'фронтальная загрузка (до 5 кг), отдельно стоящая, электронное управление, класс стирки A, 800 oб/мин, защита от протечек воды, интеллектуальное управление стиркой, стирка шерсти, размеры (ШxГxВ): 60x40x85 см, цвет: белый.','<p>фронтальная загрузка (до 5 кг), отдельно стоящая, электронное управление, класс стирки A, 800 oб/мин, защита от протечек воды, интеллектуальное управление стиркой, стирка шерсти, размеры (ШxГxВ): 60x40x85 см, цвет: белый.</p>','richhtml',2006,0,1,'','','',''),(314,714,15,'HANSA AWB510DE',46,'фронтальная загрузка (до 5 кг), отдельно стоящая, электронное управление, класс стирки A, 1000 oб/мин, защита от протечек воды, интеллектуальное управление стиркой, стирка шерсти, размеры (ШxГxВ): 60x40x85 см, цвет: белый.','<p>фронтальная загрузка (до 5 кг), отдельно стоящая, электронное управление, класс стирки A, 1000 oб/мин, защита от протечек воды, интеллектуальное управление стиркой, стирка шерсти, размеры (ШxГxВ): 60x40x85 см, цвет: белый.</p>','richhtml',2392,0,1,'','','',''),(315,714,15,'HANSA AWB510LR',47,'фронтальная загрузка (до 5 кг), отдельно стоящая, электронное управление, класс стирки A, 1000 oб/мин, защита от протечек воды, интеллектуальное управление стиркой, стирка шерсти, размеры (ШxГxВ): 60x40x85 см, цвет: белый.','<p>фронтальная загрузка (до 5 кг), отдельно стоящая, электронное управление, класс стирки A, 1000 oб/мин, защита от протечек воды, интеллектуальное управление стиркой, стирка шерсти, размеры (ШxГxВ): 60x40x85 см, цвет: белый.</p>','richhtml',2081,0,1,'','','',''),(316,714,15,'HANSA AWN510DR',48,'фронтальная загрузка (до 5 кг), отдельно стоящая, электронное управление, класс стирки A, 1000 oб/мин, отложенный старт, защита от протечек воды, интеллектуальное управление стиркой, стирка шерсти, размеры (ШxГxВ): 60x40x85 см, цвет: белый.','<p>фронтальная загрузка (до 5 кг), отдельно стоящая, электронное управление, класс стирки A, 1000 oб/мин, отложенный старт, защита от протечек воды, интеллектуальное управление стиркой, стирка шерсти, размеры (ШxГxВ): 60x40x85 см, цвет: белый.</p>','richhtml',2382,0,1,'','','',''),(317,714,16,'HOTPOINT-ARISTON AQS1F09(CIS)',49,'фронтальная загрузка (до 6 кг), отдельно стоящая, электронное управление, класс стирки A, 1000 oб/мин, отложенный старт, защита от протечек воды, интеллектуальное управление стиркой, стирка шерсти, размеры (ШxГxВ): 60x44x85 см, цвет: белый.','<p>фронтальная загрузка (до 6 кг), отдельно стоящая, электронное управление, класс стирки A, 1000 oб/мин, отложенный старт, защита от протечек воды, интеллектуальное управление стиркой, стирка шерсти, размеры (ШxГxВ): 60x44x85 см, цвет: белый.</p>','richhtml',3871,0,1,'','','',''),(318,714,16,'HOTPOINT-ARISTON AQS62L09(EU)',50,'фронтальная загрузка (до 6 кг), отдельно стоящая, электронное управление, класс стирки A, 1000 oб/мин, отложенный старт, защита от протечек воды, интеллектуальное управление стиркой, стирка шерсти, размеры (ШxГxВ): 60x45x85 см, цвет: белый.','<p>фронтальная загрузка (до 6 кг), отдельно стоящая, электронное управление, класс стирки A, 1000 oб/мин, отложенный старт, защита от протечек воды, интеллектуальное управление стиркой, стирка шерсти, размеры (ШxГxВ): 60x45x85 см, цвет: белый.</p>','richhtml',3968,0,1,'','','',''),(319,714,16,'HOTPOINT-ARISTON AQS63F29(EU)',51,'фронтальная загрузка (до 6 кг), отдельно стоящая, электронное управление, класс стирки A, 1200 oб/мин, отложенный старт, защита от протечек воды, интеллектуальное управление стиркой, стирка шерсти, размеры (ШxГxВ): 60x45x85 см, цвет: белый.','<p>фронтальная загрузка (до 6 кг), отдельно стоящая, электронное управление, класс стирки A, 1200 oб/мин, отложенный старт, защита от протечек воды, интеллектуальное управление стиркой, стирка шерсти, размеры (ШxГxВ): 60x45x85 см, цвет: белый.</p>','richhtml',3865,0,1,'','','',''),(320,714,16,'HOTPOINT-ARISTON ARSL100(CSI)',52,'фронтальная загрузка (до 5 кг), отдельно стоящая, электронное управление, класс стирки A, 1000 oб/мин, отложенный старт, защита от протечек воды, интеллектуальное управление стиркой, стирка шерсти, размеры (ШxГxВ): 60x40x85 см, цвет: белый.','<p>фронтальная загрузка (до 5 кг), отдельно стоящая, электронное управление, класс стирки A, 1000 oб/мин, отложенный старт, защита от протечек воды, интеллектуальное управление стиркой, стирка шерсти, размеры (ШxГxВ): 60x40x85 см, цвет: белый.</p>','richhtml',2742,0,1,'','','',''),(321,714,16,'HOTPOINT-ARISTON WMD702B(CIS)',53,'фронтальная загрузка (до 7 кг), отдельно стоящая, электронное управление, класс стирки A, 1000 oб/мин, отложенный старт, защита от протечек воды, интеллектуальное управление стиркой, стирка шерсти, размеры (ШxГxВ): 60x54x85 см, цвет: белый.','<p>фронтальная загрузка (до 7 кг), отдельно стоящая, электронное управление, класс стирки A, 1000 oб/мин, отложенный старт, защита от протечек воды, интеллектуальное управление стиркой, стирка шерсти, размеры (ШxГxВ): 60x54x85 см, цвет: белый.</p>','richhtml',4036,0,1,'','','',''),(322,714,16,'HOTPOINT-ARISTON WMD942K(EU)',54,'фронтальная загрузка (до 9 кг), отдельно стоящая, электронное управление, класс стирки A, 1400 oб/мин, отложенный старт, защита от протечек воды, интеллектуальное управление стиркой, стирка шерсти, размеры (ШxГxВ): 60x60x85 см, цвет: черный.','<p>фронтальная загрузка (до 9 кг), отдельно стоящая, электронное управление, класс стирки A, 1400 oб/мин, отложенный старт, защита от протечек воды, интеллектуальное управление стиркой, стирка шерсти, размеры (ШxГxВ): 60x60x85 см, цвет: черный.</p>','richhtml',4374,0,1,'','','',''),(323,714,16,'HOTPOINT-ARISTON WML7080(CIS)',55,'фронтальная загрузка (до 7 кг), отдельно стоящая, электронное управление, класс стирки A, 800 oб/мин, отложенный старт, защита от протечек воды, интеллектуальное управление стиркой, стирка шерсти, размеры (ШxГxВ): 60x54x85 см, цвет: белый.','<p>фронтальная загрузка (до 7 кг), отдельно стоящая, электронное управление, класс стирки A, 800 oб/мин, отложенный старт, защита от протечек воды, интеллектуальное управление стиркой, стирка шерсти, размеры (ШxГxВ): 60x54x85 см, цвет: белый.</p>','richhtml',3126,0,1,'','','',''),(324,714,16,'HOTPOINT-ARISTON WMSF605B(CIS)',56,'фронтальная загрузка (до 6 кг), отдельно стоящая, электронное управление, класс стирки A, 1000 oб/мин, отложенный старт, защита от протечек воды, интеллектуальное управление стиркой, стирка шерсти, размеры (ШxГxВ): 60x43x85 см, цвет: белый.','<p>фронтальная загрузка (до 6 кг), отдельно стоящая, электронное управление, класс стирки A, 1000 oб/мин, отложенный старт, защита от протечек воды, интеллектуальное управление стиркой, стирка шерсти, размеры (ШxГxВ): 60x43x85 см, цвет: белый.</p>','richhtml',2839,0,1,'','','',''),(325,714,17,'INDESIT IWB5103(CIS)',57,'фронтальная загрузка (до 5 кг), отдельно стоящая, электронное управление, класс стирки A, 1000 oб/мин, отложенный старт, интеллектуальное управление стиркой, стирка шерсти, размеры (ШxГxВ): 60x54x85 см, цвет: белый.','<p>фронтальная загрузка (до 5 кг), отдельно стоящая, электронное управление, класс стирки A, 1000 oб/мин, отложенный старт, интеллектуальное управление стиркой, стирка шерсти, размеры (ШxГxВ): 60x54x85 см, цвет: белый.</p>','richhtml',2272,0,1,'','','',''),(326,714,17,'INDESIT IWSB6085(CIS)',58,'фронтальная загрузка (до 6 кг), отдельно стоящая, электронное управление, класс стирки A, 800 oб/мин, отложенный старт, защита от протечек воды, интеллектуальное управление стиркой, стирка шерсти, размеры (ШxГxВ): 60x53x85 см, цвет: белый.','<p>фронтальная загрузка (до 6 кг), отдельно стоящая, электронное управление, класс стирки A, 800 oб/мин, отложенный старт, защита от протечек воды, интеллектуальное управление стиркой, стирка шерсти, размеры (ШxГxВ): 60x53x85 см, цвет: белый.</p>','richhtml',2064,0,1,'','','',''),(327,714,17,'INDESIT WITL90',59,'вертикальная загрузка (до 5 кг), отдельно стоящая, электронное управление, класс стирки A, 900 oб/мин, отложенный старт, защита от протечек воды, интеллектуальное управление стиркой, размеры (ШxГxВ): 40x60x85 см, цвет: белый.','<p>вертикальная загрузка (до 5 кг), отдельно стоящая, электронное управление, класс стирки A, 900 oб/мин, отложенный старт, защита от протечек воды, интеллектуальное управление стиркой, размеры (ШxГxВ): 40x60x85 см, цвет: белый.</p>','richhtml',2927,0,1,'','','',''),(328,714,17,'INDESIT WITXL105',60,'вертикальная загрузка (до 6 кг), отдельно стоящая, электронное управление, класс стирки A, 1000 oб/мин, отложенный старт, защита от протечек воды, интеллектуальное управление стиркой, стирка шерсти, размеры (ШxГxВ): 40x60x85 см, цвет: белый.','<p>вертикальная загрузка (до 6 кг), отдельно стоящая, электронное управление, класс стирки A, 1000 oб/мин, отложенный старт, защита от протечек воды, интеллектуальное управление стиркой, стирка шерсти, размеры (ШxГxВ): 40x60x85 см, цвет: белый.</p>','richhtml',3047,0,1,'','','',''),(329,714,17,'INDESIT WIUN102(CSI)',61,'фронтальная загрузка (до 3.5 кг), отдельно стоящая, электронное управление, класс стирки A, 1000 oб/мин, защита от протечек воды, интеллектуальное управление стиркой, размеры (ШxГxВ): 60x33x85 см, цвет: белый.','<p>фронтальная загрузка (до 3.5 кг), отдельно стоящая, электронное управление, класс стирки A, 1000 oб/мин, защита от протечек воды, интеллектуальное управление стиркой, размеры (ШxГxВ): 60x33x85 см, цвет: белый.</p>','richhtml',2392,0,1,'','','',''),(330,714,18,'KORTING KWA60085R+бак',62,'Тип: стиральная Класс: автоматическая Способ загрузки: фронтальная Отжим: 800 об/мин Вместимость для стирки 6 кг Класс энергопотребления A+ Класс стирки A Класс отжима C Количество программ 15 Высота 85 см Ширина 60 см Глубина 60 см Цвет белый','<p>Тип: стиральная Класс: автоматическая Способ загрузки: фронтальная Отжим: 800 об/мин Вместимость для стирки 6 кг Класс энергопотребления A+ Класс стирки A Класс отжима C Количество программ 15 Высота 85 см Ширина 60 см Глубина 60 см Цвет белый</p>','richhtml',3030,0,1,'','','',''),(331,714,18,'KORTING KWS50085R+бак',63,'Стиральная машина Загрузка белья Фронтальная Максимальная загрузка 5 кг Класс стирки A Класс отжима C Скорость отжима 800 об/мин Тип управления Электронное Количество программ стирки 15 Материал бака Пластик Класс потребления энергии A Размеры (ШхВхГ) 60x','<p>Стиральная машина Загрузка белья Фронтальная Максимальная загрузка 5 кг Класс стирки A Класс отжима C Скорость отжима 800 об/мин Тип управления Электронное Количество программ стирки 15 Материал бака Пластик Класс потребления энергии A Размеры (ШхВхГ) 60x85x60</p>','richhtml',3089,0,1,'','','',''),(332,714,3,'LG F1039SD',64,'фронтальная загрузка (до 4 кг), отдельно стоящая, электронное управление, класс стирки A, 1000 oб/мин, отложенный старт, защита от протечек воды, интеллектуальное управление стиркой, стирка шерсти, размеры (ШxГxВ): 60x36x85 см, цвет: белый.','<p>фронтальная загрузка (до 4 кг), отдельно стоящая, электронное управление, класс стирки A, 1000 oб/мин, отложенный старт, защита от протечек воды, интеллектуальное управление стиркой, стирка шерсти, размеры (ШxГxВ): 60x36x85 см, цвет: белый.</p>','richhtml',3315,1039,1,'','','',''),(333,714,3,'LG F1068SD',65,'фронтальная загрузка (до 4 кг), отдельно стоящая, электронное управление, класс стирки A, 1000 oб/мин, отложенный старт, защита от протечек воды, интеллектуальное управление стиркой, стирка шерсти, размеры (ШxГxВ): 60x36x85 см, цвет: белый.','<p>фронтальная загрузка (до 4 кг), отдельно стоящая, электронное управление, класс стирки A, 1000 oб/мин, отложенный старт, защита от протечек воды, интеллектуальное управление стиркой, стирка шерсти, размеры (ШxГxВ): 60x36x85 см, цвет: белый.</p>','richhtml',3416,1068,1,'','','',''),(334,714,3,'LG F1089ND',66,'фронтальная загрузка (до 6 кг), отдельно стоящая, электронное управление, класс стирки A, 1000 oб/мин, отложенный старт, защита от протечек воды, интеллектуальное управление стиркой, стирка шерсти, размеры (ШxГxВ): 60x44x85 см, цвет: белый.','<p>фронтальная загрузка (до 6 кг), отдельно стоящая, электронное управление, класс стирки A, 1000 oб/мин, отложенный старт, защита от протечек воды, интеллектуальное управление стиркой, стирка шерсти, размеры (ШxГxВ): 60x44x85 см, цвет: белый.</p>','richhtml',3646,1089,1,'','','',''),(335,714,3,'LG F1091LD',67,'фронтальная загрузка (до 5 кг), отдельно стоящая, электронное управление, класс стирки A, 1000 oб/мин, отложенный старт, интеллектуальное управление стиркой, стирка шерсти, размеры (ШxГxВ): 60x44x85 см, цвет: белый.','<p>фронтальная загрузка (до 5 кг), отдельно стоящая, электронное управление, класс стирки A, 1000 oб/мин, отложенный старт, интеллектуальное управление стиркой, стирка шерсти, размеры (ШxГxВ): 60x44x85 см, цвет: белый.</p>','richhtml',2726,1091,1,'','','',''),(336,714,3,'LG F1092MD',68,'фронтальная загрузка (до 5.5 кг), отдельно стоящая, электронное управление, класс стирки A, 1000 oб/мин, отложенный старт, защита от протечек воды, интеллектуальное управление стиркой, стирка шерсти, размеры (ШxГxВ): 60x44x85 см, цвет: белый.','<p>фронтальная загрузка (до 5.5 кг), отдельно стоящая, электронное управление, класс стирки A, 1000 oб/мин, отложенный старт, защита от протечек воды, интеллектуальное управление стиркой, стирка шерсти, размеры (ШxГxВ): 60x44x85 см, цвет: белый.</p>','richhtml',3030,1092,1,'','','',''),(337,714,3,'LG F1092MD5',69,'Класс энергопотребления: A+. Класс стирки: A. Изменяемая скорость отжима: 1000/800/400/без отжима. Макс. загрузка: 5,5 кг. Емкость барабана: 44 л. Автобалансировка. Детектор загрузки. Дисплей: LED. Отсрочка старта: 3-19 ч. Габариты (ШxГxВ): 600x440x850 мм','<p>Класс энергопотребления: A+. Класс стирки: A. Изменяемая скорость отжима: 1000/800/400/без отжима. Макс. загрузка: 5,5 кг. Емкость барабана: 44 л. Автобалансировка. Детектор загрузки. Дисплей: LED. Отсрочка старта: 3-19 ч. Габариты (ШxГxВ): 600x440x850 мм. Цвет: серебристый</p>','richhtml',3265,1092,1,'','','',''),(338,714,3,'LG F1096SD3',70,'фронтальная загрузка (до 8 кг), отдельно стоящая, электронное управление, класс стирки A, 1000 oб/мин, отложенный старт, защита от протечек воды, интеллектуальное управление стиркой, стирка шерсти, размеры (ШxГxВ): 60x55x85 см, цвет: белый.','<p>фронтальная загрузка (до 8 кг), отдельно стоящая, электронное управление, класс стирки A, 1000 oб/мин, отложенный старт, защита от протечек воды, интеллектуальное управление стиркой, стирка шерсти, размеры (ШxГxВ): 60x55x85 см, цвет: белый.</p>','richhtml',3391,1096,1,'','','',''),(339,714,3,'LG F1289ND',71,'фронтальная загрузка (до 6 кг), отдельно стоящая, электронное управление, класс стирки A, 1200 oб/мин, отложенный старт, защита от протечек воды, интеллектуальное управление стиркой, стирка шерсти, размеры (ШxГxВ): 60x44x85 см, цвет: белый.','<p>фронтальная загрузка (до 6 кг), отдельно стоящая, электронное управление, класс стирки A, 1200 oб/мин, отложенный старт, защита от протечек воды, интеллектуальное управление стиркой, стирка шерсти, размеры (ШxГxВ): 60x44x85 см, цвет: белый.</p>','richhtml',3747,1289,1,'','','',''),(340,714,3,'LG F1292MD',72,'фронтальная загрузка (до 5.5 кг), отдельно стоящая, электронное управление, класс стирки A, 1200 oб/мин, отложенный старт, защита от протечек воды, интеллектуальное управление стиркой, стирка шерсти, размеры (ШxГxВ): 60x44x85 см, цвет: белый.','<p>фронтальная загрузка (до 5.5 кг), отдельно стоящая, электронное управление, класс стирки A, 1200 oб/мин, отложенный старт, защита от протечек воды, интеллектуальное управление стиркой, стирка шерсти, размеры (ШxГxВ): 60x44x85 см, цвет: белый.</p>','richhtml',3156,1292,1,'','','',''),(341,714,3,'LG F1292MD1',73,'фронтальная загрузка (до 5.5 кг), отдельно стоящая, электронное управление, класс стирки A, 1200 oб/мин, отложенный старт, защита от протечек воды, интеллектуальное управление стиркой, стирка шерсти, размеры (ШxГxВ): 60x44x85 см, цвет: белый.','<p>фронтальная загрузка (до 5.5 кг), отдельно стоящая, электронное управление, класс стирки A, 1200 oб/мин, отложенный старт, защита от протечек воды, интеллектуальное управление стиркой, стирка шерсти, размеры (ШxГxВ): 60x44x85 см, цвет: белый.</p>','richhtml',3603,1292,1,'','','',''),(342,714,3,'LG F1296QD3',74,'фронтальная загрузка (до 7 кг), отдельно стоящая, электронное управление, класс стирки A, 1000 oб/мин, отложенный старт, защита от протечек воды, интеллектуальное управление стиркой, стирка шерсти, размеры (ШxГxВ): 60x55x85 см, цвет: белый.','<p>фронтальная загрузка (до 7 кг), отдельно стоящая, электронное управление, класс стирки A, 1000 oб/мин, отложенный старт, защита от протечек воды, интеллектуальное управление стиркой, стирка шерсти, размеры (ШxГxВ): 60x55x85 см, цвет: белый.</p>','richhtml',3942,1296,1,'','','',''),(343,714,3,'LG F12A8HD',75,'фронтальная загрузка (до 7 кг), отдельно стоящая, электронное управление, класс стирки A, 1200 oб/мин, отложенный старт, защита от протечек воды, интеллектуальное управление стиркой, стирка шерсти, размеры (ШxГxВ): 60x48x85 см, цвет: белый.','<p>фронтальная загрузка (до 7 кг), отдельно стоящая, электронное управление, класс стирки A, 1200 oб/мин, отложенный старт, защита от протечек воды, интеллектуальное управление стиркой, стирка шерсти, размеры (ШxГxВ): 60x48x85 см, цвет: белый.</p>','richhtml',4631,12,1,'','','',''),(344,714,3,'LG F1495BDS',76,'фронтальная загрузка (до 12 кг), отдельно стоящая, электронное управление, класс стирки A, 1400 oб/мин, отложенный старт, защита от протечек воды, интеллектуальное управление стиркой, стирка шерсти, размеры (ШxГxВ): 60x64x85 см, цвет: белый.','<p>фронтальная загрузка (до 12 кг), отдельно стоящая, электронное управление, класс стирки A, 1400 oб/мин, отложенный старт, защита от протечек воды, интеллектуальное управление стиркой, стирка шерсти, размеры (ШxГxВ): 60x64x85 см, цвет: белый.</p>','richhtml',9692,1495,1,'','','',''),(345,714,3,'LG F1495BDS7',77,'фронтальная загрузка (до 12 кг), отдельно стоящая, электронное управление, класс стирки A, 1400 oб/мин, отложенный старт, защита от протечек воды, интеллектуальное управление стиркой, стирка шерсти, размеры (ШxГxВ): 60x64x85 см, цвет: серебристый.','<p>фронтальная загрузка (до 12 кг), отдельно стоящая, электронное управление, класс стирки A, 1400 oб/мин, отложенный старт, защита от протечек воды, интеллектуальное управление стиркой, стирка шерсти, размеры (ШxГxВ): 60x64x85 см, цвет: серебристый.</p>','richhtml',9622,1495,1,'','','',''),(346,714,3,'LG F1496AD3',78,'фронтальная загрузка (до 8 кг), отдельно стоящая, электронное управление, класс стирки A, 1400 oб/мин, сушка, отложенный старт, защита от протечек воды, интеллектуальное управление стиркой, стирка шерсти, размеры (ШxГxВ): 60x55x85 см, цвет: белый.','<p>фронтальная загрузка (до 8 кг), отдельно стоящая, электронное управление, класс стирки A, 1400 oб/мин, сушка, отложенный старт, защита от протечек воды, интеллектуальное управление стиркой, стирка шерсти, размеры (ШxГxВ): 60x55x85 см, цвет: белый.</p>','richhtml',5180,1496,1,'','','',''),(347,714,3,'LG F8091LD',79,'фронтальная загрузка (до 5 кг), отдельно стоящая, электронное управление, класс стирки A, 800 oб/мин, отложенный старт, интеллектуальное управление стиркой, стирка шерсти, размеры (ШxГxВ): 60x44x85 см, цвет: белый.','<p>фронтальная загрузка (до 5 кг), отдельно стоящая, электронное управление, класс стирки A, 800 oб/мин, отложенный старт, интеллектуальное управление стиркой, стирка шерсти, размеры (ШxГxВ): 60x44x85 см, цвет: белый.</p>','richhtml',2612,8091,1,'','','',''),(348,714,19,'ORION OMG800',80,'фронтальная загрузка (до 5 кг), отдельно стоящая, электронное управление, класс стирки B, 800 oб/мин, защита от протечек воды, интеллектуальное управление стиркой, стирка шерсти, размеры (ШxГxВ): 60x51x85 см, цвет: белый.','<p>фронтальная загрузка (до 5 кг), отдельно стоящая, электронное управление, класс стирки B, 800 oб/мин, защита от протечек воды, интеллектуальное управление стиркой, стирка шерсти, размеры (ШxГxВ): 60x51x85 см, цвет: белый.</p>','richhtml',2028,0,1,'','','',''),(349,714,19,'ORION OMG840D',81,'Питание: 220-240/50 В/Гц. Максимальная мощность: 2200 Вт. Максимальная загрузка: 5 кг. Отжим: 800об/мин. Объем барабана: 40 л. Программ стирки: 15. Электронный дисплей. Ручка выбора скорости. Защита от перепада напряжения. Габариты (ВxШxГ): 416х595х850 мм','<p>Питание: 220-240/50 В/Гц. Максимальная мощность: 2200 Вт. Максимальная загрузка: 5 кг. Отжим: 800об/мин. Объем барабана: 40 л. Программ стирки: 15. Электронный дисплей. Ручка выбора скорости. Защита от перепада напряжения. Габариты (ВxШxГ): 416х595х850 мм. Цвет: белый.</p>','richhtml',2303,0,1,'','','',''),(350,714,20,'PANASONIC NA140VG3W',82,'фронтальная загрузка (до 10 кг), отдельно стоящая, электронное управление, класс стирки A, 1400 oб/мин, отложенный старт, защита от протечек воды, интеллектуальное управление стиркой, стирка шерсти, размеры (ШxГxВ): 60x60x85 см, цвет: белый.','<p>фронтальная загрузка (до 10 кг), отдельно стоящая, электронное управление, класс стирки A, 1400 oб/мин, отложенный старт, защита от протечек воды, интеллектуальное управление стиркой, стирка шерсти, размеры (ШxГxВ): 60x60x85 см, цвет: белый.</p>','richhtml',6521,0,1,'','','',''),(351,714,5,'SAMSUNG WF0400N2N',83,'фронтальная загрузка (до 4 кг), отдельно стоящая, электронное управление, класс стирки A, 1000 oб/мин, отложенный старт, защита от протечек воды, интеллектуальное управление стиркой, размеры (ШxГxВ): 60x34x85 см, цвет: белый.','<p>фронтальная загрузка (до 4 кг), отдельно стоящая, электронное управление, класс стирки A, 1000 oб/мин, отложенный старт, защита от протечек воды, интеллектуальное управление стиркой, размеры (ШxГxВ): 60x34x85 см, цвет: белый.</p>','richhtml',2723,400,1,'','','',''),(352,714,5,'SAMSUNG WF0408N2N',84,'фронтальная загрузка (до 4 кг), отдельно стоящая, электронное управление, класс стирки A, 800 oб/мин, отложенный старт, защита от протечек воды, интеллектуальное управление стиркой, стирка шерсти, размеры (ШxГxВ): 60x34x85 см, цвет: белый.','<p>фронтальная загрузка (до 4 кг), отдельно стоящая, электронное управление, класс стирки A, 800 oб/мин, отложенный старт, защита от протечек воды, интеллектуальное управление стиркой, стирка шерсти, размеры (ШxГxВ): 60x34x85 см, цвет: белый.</p>','richhtml',2499,408,1,'','','',''),(353,714,5,'SAMSUNG WF0700NCW',85,'фронтальная загрузка (до 7 кг), отдельно стоящая, электронное управление, класс стирки A, 1000 oб/мин, защита от протечек воды, интеллектуальное управление стиркой, стирка шерсти, размеры (ШxГxВ): 60x51x85 см, цвет: белый.','<p>фронтальная загрузка (до 7 кг), отдельно стоящая, электронное управление, класс стирки A, 1000 oб/мин, защита от протечек воды, интеллектуальное управление стиркой, стирка шерсти, размеры (ШxГxВ): 60x51x85 см, цвет: белый.</p>','richhtml',3104,700,1,'','','',''),(354,714,5,'SAMSUNG WF1600WCW',86,'фронтальная загрузка (до 6 кг), отдельно стоящая, электронное управление, класс стирки A, 1000 oб/мин, отложенный старт, защита от протечек воды, интеллектуальное управление стиркой, стирка шерсти, размеры (ШxГxВ): 60x45x85 см, цвет: белый.','<p>фронтальная загрузка (до 6 кг), отдельно стоящая, электронное управление, класс стирки A, 1000 oб/мин, отложенный старт, защита от протечек воды, интеллектуальное управление стиркой, стирка шерсти, размеры (ШxГxВ): 60x45x85 см, цвет: белый.</p>','richhtml',3214,1600,1,'','','',''),(355,714,5,'SAMSUNG WF1802XEK',87,'фронтальная загрузка (до 8 кг), отдельно стоящая, электронное управление, класс стирки A, 1200 oб/мин, отложенный старт, защита от протечек воды, интеллектуальное управление стиркой, стирка шерсти, размеры (ШxГxВ): 60x45x85 см, цвет: белый.','<p>фронтальная загрузка (до 8 кг), отдельно стоящая, электронное управление, класс стирки A, 1200 oб/мин, отложенный старт, защита от протечек воды, интеллектуальное управление стиркой, стирка шерсти, размеры (ШxГxВ): 60x45x85 см, цвет: белый.</p>','richhtml',4283,1802,1,'','','',''),(356,714,5,'SAMSUNG WF600W0BCW',88,'фронтальная загрузка (до 6 кг), отдельно стоящая, электронное управление, класс стирки A, 1000 oб/мин, отложенный старт, защита от протечек воды, интеллектуальное управление стиркой, стирка шерсти, размеры (ШxГxВ): 60x45x85 см, цвет: белый.','<p>фронтальная загрузка (до 6 кг), отдельно стоящая, электронное управление, класс стирки A, 1000 oб/мин, отложенный старт, защита от протечек воды, интеллектуальное управление стиркой, стирка шерсти, размеры (ШxГxВ): 60x45x85 см, цвет: белый.</p>','richhtml',3160,600,1,'','','',''),(357,714,5,'SAMSUNG WF8590NMW9',89,'фронтальная загрузка (до 6 кг), отдельно стоящая, электронное управление, класс стирки A, 1000 oб/мин, отложенный старт, защита от протечек воды, интеллектуальное управление стиркой, стирка шерсти, размеры (ШxГxВ): 60x45x85 см, цвет: белый.','<p>фронтальная загрузка (до 6 кг), отдельно стоящая, электронное управление, класс стирки A, 1000 oб/мин, отложенный старт, защита от протечек воды, интеллектуальное управление стиркой, стирка шерсти, размеры (ШxГxВ): 60x45x85 см, цвет: белый.</p>','richhtml',2559,8590,1,'','','',''),(358,714,5,'SAMSUNG WF8598NMW9',90,'фронтальная загрузка (до 6 кг), отдельно стоящая, электронное управление, класс стирки A, 800 oб/мин, отложенный старт, защита от протечек воды, интеллектуальное управление стиркой, стирка шерсти, размеры (ШxГxВ): 60x45x85 см, цвет: белый.','<p>фронтальная загрузка (до 6 кг), отдельно стоящая, электронное управление, класс стирки A, 800 oб/мин, отложенный старт, защита от протечек воды, интеллектуальное управление стиркой, стирка шерсти, размеры (ШxГxВ): 60x45x85 см, цвет: белый.</p>','richhtml',2456,8598,1,'','','',''),(359,714,5,'SAMSUNG WFE592NMW',91,'фронтальная загрузка (до 6 кг), отдельно стоящая, электронное управление, класс стирки A, 1200 oб/мин, отложенный старт, защита от протечек воды, интеллектуальное управление стиркой, стирка шерсти, размеры (ШxГxВ): 60x45x85 см, цвет: белый.','<p>фронтальная загрузка (до 6 кг), отдельно стоящая, электронное управление, класс стирки A, 1200 oб/мин, отложенный старт, защита от протечек воды, интеллектуальное управление стиркой, стирка шерсти, размеры (ШxГxВ): 60x45x85 см, цвет: белый.</p>','richhtml',2754,0,1,'','','',''),(360,714,21,'SATURN ST-WK7618 серый',92,'вертикальная загрузка (до 6.5 кг), активаторная, отдельно стоящая, механическое управление, размеры (ШxГxВ): 75x43x86 см, цвет: белый.','<p>вертикальная загрузка (до 6.5 кг), активаторная, отдельно стоящая, механическое управление, размеры (ШxГxВ): 75x43x86 см, цвет: белый.</p>','richhtml',929,0,1,'','','',''),(361,714,21,'SATURN ST-WM0601',93,'вертикальная загрузка (до 6.5 кг), активаторная, отдельно стоящая, механическое управление, размеры (ШxГxВ): 45x43x82 см, цвет: белый.','<p>вертикальная загрузка (до 6.5 кг), активаторная, отдельно стоящая, механическое управление, размеры (ШxГxВ): 45x43x82 см, цвет: белый.</p>','richhtml',790,0,1,'','','',''),(362,714,21,'SATURN ST-WM0613',94,'вертикальная загрузка (до 4.5 кг), активаторная, отдельно стоящая, механическое управление, размеры (ШxГxВ): 66x40x79 см, цвет: белый.','<p>вертикальная загрузка (до 4.5 кг), активаторная, отдельно стоящая, механическое управление, размеры (ШxГxВ): 66x40x79 см, цвет: белый.</p>','richhtml',912,0,1,'','','',''),(363,714,21,'SATURN ST-WM0614',95,'вертикальная загрузка (до 4.5 кг), активаторная, отдельно стоящая, механическое управление, размеры (ШxГxВ): 66x40x79 см, цвет: белый.','<p>вертикальная загрузка (до 4.5 кг), активаторная, отдельно стоящая, механическое управление, размеры (ШxГxВ): 66x40x79 см, цвет: белый.</p>','richhtml',912,0,1,'','','',''),(364,714,22,'WHIRLPOOL AWE2221',96,'вертикальная загрузка (до 5 кг), отдельно стоящая, электронное управление, класс стирки A, 800 oб/мин, защита от протечек воды, интеллектуальное управление стиркой, стирка шерсти, размеры (ШxГxВ): 40x60x90 см, цвет: белый.','<p>вертикальная загрузка (до 5 кг), отдельно стоящая, электронное управление, класс стирки A, 800 oб/мин, защита от протечек воды, интеллектуальное управление стиркой, стирка шерсти, размеры (ШxГxВ): 40x60x90 см, цвет: белый.</p>','richhtml',2482,0,1,'','','',''),(365,714,22,'WHIRLPOOL AWE2322',97,'вертикальная загрузка (до 5 кг), отдельно стоящая, электронное управление, класс стирки A, 1000 oб/мин, защита от протечек воды, интеллектуальное управление стиркой, стирка шерсти, размеры (ШxГxВ): 40x60x90 см, цвет: белый.','<p>вертикальная загрузка (до 5 кг), отдельно стоящая, электронное управление, класс стирки A, 1000 oб/мин, защита от протечек воды, интеллектуальное управление стиркой, стирка шерсти, размеры (ШxГxВ): 40x60x90 см, цвет: белый.</p>','richhtml',2568,0,1,'','','',''),(366,714,22,'WHIRLPOOL AWE7515',98,'Объем барабана (л) 42 Максимальная загрузка (кг) 5 Скорость отжима (об/мин) 1000 Регулировка температуры Пошаговая регулировка (LCD) Класс энергопотребления А+ Класс стирки А Класс отжима С Количество программ 18 Материал бака Фибран Уровень шума при стир','<p>Объем барабана (л) 42 Максимальная загрузка (кг) 5 Скорость отжима (об/мин) 1000 Регулировка температуры Пошаговая регулировка (LCD) Класс энергопотребления А+ Класс стирки А Класс отжима С Количество программ 18 Материал бака Фибран Уровень шума при стирке (дБ) 62 Габариты нетто (ВхШхГ (см)): 90?40x60 Вес нетто (кг): 58</p>','richhtml',2808,0,1,'','','',''),(367,714,22,'WHIRLPOOL AWE7615',99,'вертикальная загрузка (до 6 кг), отдельно стоящая, электронное управление, класс стирки A, 1100 oб/мин, отложенный старт, защита от протечек воды, интеллектуальное управление стиркой, стирка шерсти, размеры (ШxГxВ): 40x60x90 см, цвет: белый.','<p>вертикальная загрузка (до 6 кг), отдельно стоящая, электронное управление, класс стирки A, 1100 oб/мин, отложенный старт, защита от протечек воды, интеллектуальное управление стиркой, стирка шерсти, размеры (ШxГxВ): 40x60x90 см, цвет: белый.</p>','richhtml',2882,0,1,'','','',''),(368,714,22,'WHIRLPOOL AWOC0614',100,'фронтальная загрузка (до 6 кг), встраиваемая, электронное управление, класс стирки A, 1400 oб/мин, отложенный старт, защита от протечек воды, интеллектуальное управление стиркой, стирка шерсти, размеры (ШxГxВ): 60x54x82 см, цвет: белый.','<p>фронтальная загрузка (до 6 кг), встраиваемая, электронное управление, класс стирки A, 1400 oб/мин, отложенный старт, защита от протечек воды, интеллектуальное управление стиркой, стирка шерсти, размеры (ШxГxВ): 60x54x82 см, цвет: белый.</p>','richhtml',4662,0,1,'','','',''),(369,714,22,'WHIRLPOOL AWOD41140',101,'фронтальная загрузка (до 5 кг), отдельно стоящая, электронное управление, класс стирки A, 800 oб/мин, отложенный старт, защита от протечек воды, интеллектуальное управление стиркой, стирка шерсти, размеры (ШxГxВ): 60x55x85 см, цвет: белый.','<p>фронтальная загрузка (до 5 кг), отдельно стоящая, электронное управление, класс стирки A, 800 oб/мин, отложенный старт, защита от протечек воды, интеллектуальное управление стиркой, стирка шерсти, размеры (ШxГxВ): 60x55x85 см, цвет: белый.</p>','richhtml',2813,0,1,'','','',''),(370,714,22,'WHIRLPOOL AWOD43130',102,'фронтальная загрузка (до 5 кг), отдельно стоящая, электронное управление, класс стирки A, 1000 oб/мин, отложенный старт, защита от протечек воды, интеллектуальное управление стиркой, стирка шерсти, размеры (ШxГxВ): 60x54x85 см, цвет: белый.','<p>фронтальная загрузка (до 5 кг), отдельно стоящая, электронное управление, класс стирки A, 1000 oб/мин, отложенный старт, защита от протечек воды, интеллектуальное управление стиркой, стирка шерсти, размеры (ШxГxВ): 60x54x85 см, цвет: белый.</p>','richhtml',2813,0,1,'','','','');
/*!40000 ALTER TABLE `Product` ENABLE KEYS */;
UNLOCK TABLES;

--
-- Table structure for table `ProductProperty`
--

DROP TABLE IF EXISTS `ProductProperty`;
/*!40101 SET @saved_cs_client     = @@character_set_client */;
/*!40101 SET character_set_client = utf8 */;
CREATE TABLE `ProductProperty` (
  `id` int(11) NOT NULL AUTO_INCREMENT,
  `property_id` int(11) NOT NULL,
  `product_id` int(11) NOT NULL,
  `value` varchar(255) COLLATE utf8_unicode_ci DEFAULT NULL,
  PRIMARY KEY (`id`),
  KEY `IDX_5FD0BADB549213EC` (`property_id`),
  KEY `IDX_5FD0BADB4584665A` (`product_id`),
  CONSTRAINT `FK_5FD0BADB4584665A` FOREIGN KEY (`product_id`) REFERENCES `Product` (`id`),
  CONSTRAINT `FK_5FD0BADB549213EC` FOREIGN KEY (`property_id`) REFERENCES `Property` (`id`)
) ENGINE=InnoDB AUTO_INCREMENT=475 DEFAULT CHARSET=utf8 COLLATE=utf8_unicode_ci;
/*!40101 SET character_set_client = @saved_cs_client */;

--
-- Dumping data for table `ProductProperty`
--

LOCK TABLES `ProductProperty` WRITE;
/*!40000 ALTER TABLE `ProductProperty` DISABLE KEYS */;
INSERT INTO `ProductProperty` VALUES (232,3,219,'32'),(233,3,220,'32'),(234,3,221,'32'),(235,3,222,'42'),(236,3,223,'42'),(237,3,224,'42'),(238,3,225,'42'),(239,3,226,'42'),(240,3,227,'42'),(241,3,228,'42'),(242,3,229,'42'),(243,3,230,'42'),(244,3,231,'42'),(246,3,233,'47'),(247,3,234,'47'),(248,3,235,'47'),(249,3,236,'47'),(250,3,237,'50'),(251,3,238,'50'),(252,3,239,'55'),(253,3,240,'55'),(254,3,241,'55'),(255,3,242,'47'),(256,3,243,NULL),(257,3,244,'32'),(258,3,245,'40'),(259,3,246,'42'),(260,3,247,'42'),(261,3,248,'42'),(262,3,249,'22'),(264,3,251,'32'),(265,3,252,'32'),(266,3,253,'32'),(267,3,254,'32'),(268,3,255,'32'),(269,3,256,'32'),(271,3,258,'40'),(272,3,259,'40'),(273,3,260,'40'),(274,3,261,'40'),(275,3,262,'40'),(276,3,263,'40'),(277,3,264,'42'),(278,3,265,'42'),(279,3,266,'42'),(282,3,269,'46'),(283,3,270,'46'),(284,3,271,'46'),(285,3,272,'46'),(286,3,273,'46'),(288,3,275,'50'),(289,3,276,'50'),(290,3,277,'55'),(291,3,278,'55'),(292,3,279,'55'),(293,1,280,NULL),(294,2,280,'A'),(295,1,281,NULL),(296,2,281,'A'),(297,1,282,NULL),(298,2,282,NULL),(299,1,283,NULL),(300,2,283,'A'),(301,1,284,NULL),(302,2,284,'A'),(303,1,285,NULL),(304,2,285,'A'),(305,1,286,NULL),(306,2,286,'A'),(307,1,287,NULL),(308,2,287,'A'),(309,1,288,NULL),(310,2,288,'A'),(311,1,289,NULL),(312,2,289,'A'),(313,1,290,NULL),(314,2,290,'A'),(315,1,291,NULL),(316,2,291,'A'),(317,1,292,NULL),(318,2,292,'B'),(319,1,293,NULL),(320,2,293,'A'),(321,1,294,NULL),(322,2,294,'A'),(323,1,295,NULL),(324,2,295,'A'),(325,1,296,NULL),(326,2,296,'A'),(327,1,297,NULL),(328,2,297,'A'),(329,1,298,NULL),(330,2,298,NULL),(331,1,299,NULL),(332,2,299,NULL),(333,1,300,NULL),(334,2,300,'A'),(335,1,301,NULL),(336,2,301,'A'),(337,1,302,NULL),(338,2,302,'A'),(339,1,303,NULL),(340,2,303,'A'),(341,1,304,NULL),(342,2,304,NULL),(343,1,305,NULL),(344,2,305,'A'),(345,1,306,NULL),(346,2,306,'A'),(347,1,307,NULL),(348,2,307,'A'),(349,1,308,NULL),(350,2,308,'A'),(351,1,309,NULL),(352,2,309,'A'),(353,1,310,NULL),(354,2,310,'A'),(355,1,311,NULL),(356,2,311,'A'),(357,1,312,NULL),(358,2,312,'A'),(359,1,313,NULL),(360,2,313,'A'),(361,1,314,NULL),(362,2,314,'A'),(363,1,315,NULL),(364,2,315,'A'),(365,1,316,NULL),(366,2,316,'A'),(367,1,317,NULL),(368,2,317,'A'),(369,1,318,NULL),(370,2,318,'A'),(371,1,319,NULL),(372,2,319,'A'),(373,1,320,NULL),(374,2,320,'A'),(375,1,321,NULL),(376,2,321,'A'),(377,1,322,NULL),(378,2,322,'A'),(379,1,323,NULL),(380,2,323,'A'),(381,1,324,NULL),(382,2,324,'A'),(383,1,325,NULL),(384,2,325,'A'),(385,1,326,NULL),(386,2,326,'A'),(387,1,327,NULL),(388,2,327,'A'),(389,1,328,NULL),(390,2,328,'A'),(391,1,329,NULL),(392,2,329,'A'),(393,1,330,NULL),(394,2,330,'A+'),(395,1,331,NULL),(396,2,331,'A'),(397,1,332,NULL),(398,2,332,NULL),(399,1,333,NULL),(400,2,333,'A'),(401,1,334,NULL),(402,2,334,'A'),(403,1,335,NULL),(404,2,335,'A'),(405,1,336,NULL),(406,2,336,'A'),(407,1,337,NULL),(408,2,337,'A+'),(409,1,338,NULL),(410,2,338,'A'),(411,1,339,NULL),(412,2,339,'A'),(413,1,340,NULL),(414,2,340,'A'),(415,1,341,NULL),(416,2,341,'A'),(417,1,342,NULL),(418,2,342,'A'),(419,1,343,NULL),(420,2,343,'A'),(421,1,344,NULL),(422,2,344,'A'),(423,1,345,NULL),(424,2,345,'A'),(425,1,346,NULL),(426,2,346,'A'),(427,1,347,NULL),(428,2,347,'A'),(429,1,348,NULL),(430,2,348,'B'),(431,1,349,'2'),(432,2,349,NULL),(433,1,350,NULL),(434,2,350,'A'),(435,1,351,NULL),(436,2,351,'A'),(437,1,352,NULL),(438,2,352,'A'),(439,1,353,NULL),(440,2,353,'A'),(441,1,354,NULL),(442,2,354,'A'),(443,1,355,NULL),(444,2,355,'A'),(445,1,356,NULL),(446,2,356,'A'),(447,1,357,NULL),(448,2,357,'A'),(449,1,358,NULL),(450,2,358,'A'),(451,1,359,NULL),(452,2,359,'A'),(453,1,360,NULL),(454,2,360,NULL),(455,1,361,NULL),(456,2,361,NULL),(457,1,362,NULL),(458,2,362,NULL),(459,1,363,NULL),(460,2,363,NULL),(461,1,364,NULL),(462,2,364,'A'),(463,1,365,NULL),(464,2,365,'A'),(465,1,366,NULL),(466,2,366,'A'),(467,1,367,NULL),(468,2,367,'A'),(469,1,368,NULL),(470,2,368,'A'),(471,1,369,NULL),(472,2,369,'A'),(473,1,370,NULL),(474,2,370,'A');
/*!40000 ALTER TABLE `ProductProperty` ENABLE KEYS */;
UNLOCK TABLES;

--
-- Table structure for table `Property`
--

DROP TABLE IF EXISTS `Property`;
/*!40101 SET @saved_cs_client     = @@character_set_client */;
/*!40101 SET character_set_client = utf8 */;
CREATE TABLE `Property` (
  `id` int(11) NOT NULL AUTO_INCREMENT,
  `type` varchar(50) COLLATE utf8_unicode_ci NOT NULL,
  `title` varchar(100) COLLATE utf8_unicode_ci NOT NULL,
  `prefix` varchar(100) COLLATE utf8_unicode_ci NOT NULL,
  `pid` varchar(100) COLLATE utf8_unicode_ci NOT NULL,
  PRIMARY KEY (`id`)
) ENGINE=InnoDB AUTO_INCREMENT=76 DEFAULT CHARSET=utf8 COLLATE=utf8_unicode_ci;
/*!40101 SET character_set_client = @saved_cs_client */;

--
-- Dumping data for table `Property`
--

LOCK TABLES `Property` WRITE;
/*!40000 ALTER TABLE `Property` DISABLE KEYS */;
INSERT INTO `Property` VALUES (1,'integer','Мощность Вт','Бытовая техника','bt_power'),(2,'choice','Класс энергопотребления','Бытовая техника','bt_class'),(3,'integer','Диагональ','Бытовая техника','bt_diagonal'),(4,'choice','Цвет','Бытовая техника','bt_color'),(5,'text','Материал корпуса','Бытовая техника','bt_material'),(6,'checkbox','Уличная','Системы видеонаблюдения','guard_street'),(7,'checkbox','Купольная','Системы видеонаблюдения','guard_kupol'),(8,'checkbox','с ИК подсветкой','Системы видеонаблюдения','guard_ik'),(9,'text','Разрешение','Системы видеонаблюдения','guard_dimension'),(10,'text','Площадь охлаждения','Климатическая техника','climat_square'),(11,'choice','Марка фреона','Климатическая техника','climat_freon_mark'),(12,'choice','Тип','Климатическая техника','climat_type'),(13,'choice','Режим работы','Климатическая техника','climat_worktime'),(14,'text','Мощность потребления','Климатическая техника','climat_power'),(15,'choice','Разъем процессора','Процессор','cpu_socket'),(16,'choice','Семейство процессора','Процессор','cpu_family'),(17,'text','Объем','Оперативная память','ram_volume'),(18,'choice','Тип оперативной памяти','Оперативная память','ram_ram_type'),(19,'choice','Частота памяти','Оперативная память','ram_frequency'),(20,'choice','Графический чипсет','Видеокарты','gpu_chipset'),(21,'choice','Объем памяти','Видеокарты','gpu_ram_size'),(22,'choice','Тип памяти','Видеокарты','gpu_ram_type'),(23,'choice','Битность','Видеокарты','gpu_bit'),(24,'choice','Охлаждение','Видеокарты','gpu_cool'),(25,'choice','Интерфейс подключения','Видеокарты','gpu_interface'),(26,'text','Объем','HDD','hdd_size'),(27,'choice','Размер буфера','HDD','hdd_buffer'),(28,'choice','Интерфейс','HDD','hdd_interface'),(29,'choice','Объем','SDD','sdd_size'),(30,'choice','Интерфейс','SDD','sdd_interface'),(31,'choice','Скорость чтения','SDD','sdd_speed'),(32,'choice','Скорость записи','SDD','sdd_read'),(33,'choice','Класс','ODD','odd_class'),(34,'choice','Интерфейс подключения','ODD','odd_interface'),(35,'choice','Цвет','ODD','odd_color'),(36,'choice','Процессорная совместимость','Материнские платы','mb_proc'),(37,'choice','Сокет','Материнские платы','mb_socket'),(38,'choice','Чипсет (северный мост)','Материнские платы','mb_chipset'),(39,'choice','Тип памяти','Материнские платы','mb_memory'),(40,'checkbox','Встроенное видео','Материнские платы','mb_build_in_video'),(41,'checkbox','Поддержка RAID','Материнские платы','mb_raid'),(42,'choice','Класс корпуса','Корпус','box_class'),(43,'choice','Форм-фактор МП','Корпус','box_form'),(44,'choice','Мощность блока питания','Корпус','box_power'),(45,'choice','Внешние разьемы','Корпус','box_inputs'),(46,'choice','Мощность','Блок питания','bp_power'),(47,'choice','Установленный вентилятор','Блок питания','bp_cooler'),(48,'choice','Тип','Накопители Flash USB','fusb_type'),(49,'choice','Объем','Накопители Flash USB','fusb_size'),(50,'choice','Интерфейс','Накопители Flash USB','fusb_size'),(51,'choice','Материал корпуса','Накопители Flash USB','fusb_material'),(52,'choice','Тип','Клавиатура','key_type'),(53,'choice','Тип подключения','Клавиатура','key_connection'),(54,'choice','Интерфейс подключения','Клавиатура','key_connection_interface'),(55,'choice','Тип сенсора','Мышь','mouse_sensor_type'),(56,'choice','Тип подключения','Мышь','mouse_connection_type'),(57,'choice','Интерфейс подключения','Мышь','mouse_connection_interface'),(58,'choice','Класс планшета','Планшет','pad_class'),(59,'choice','Размер экрана','Планшет','pad_size'),(60,'choice','Процессор','Планшет','pad_proc'),(61,'choice','Объем памяти','Планшет','pad_memory_ram'),(62,'choice','Объем накопителя','Планшет','pad_memory_hdd'),(63,'choice','Операционная система','Планшет','pad_os'),(64,'choice','Беспроводные подключения','Планшет','pad_wireless'),(65,'choice','Функции устройства','Принтеры, МФУ','printer_functions'),(66,'choice','Технология печати','Принтеры, МФУ','printer_print_technology'),(67,'choice','Цветность печати','Принтеры, МФУ','printer_print_colors'),(68,'choice','Формат печати','Принтеры, МФУ','printer_print_format'),(69,'choice','Скорость ч/б печати','Принтеры, МФУ','printer_print_speed_mono'),(70,'choice','Скорость цв. печати','Принтеры, МФУ','printer_print_speed_color'),(71,'choice','Интерфейс','Принтеры, МФУ','printer_interface'),(72,'choice','Скорость передачи данных','Сетевое оборудование, Маршрутизаторы','router_speed'),(73,'choice','Стандарт Wi-Fi','Сетевое оборудование, Маршрутизаторы','router_wifi'),(74,'choice','Мощность полная, В*А','ИБП','ups_power'),(75,'choice','Мощность активная, Вт','ИБП','ups_power_active');
/*!40000 ALTER TABLE `Property` ENABLE KEYS */;
UNLOCK TABLES;

--
-- Table structure for table `Prototype`
--

DROP TABLE IF EXISTS `Prototype`;
/*!40101 SET @saved_cs_client     = @@character_set_client */;
/*!40101 SET character_set_client = utf8 */;
CREATE TABLE `Prototype` (
  `id` int(11) NOT NULL AUTO_INCREMENT,
  `name` varchar(255) COLLATE utf8_unicode_ci NOT NULL,
  PRIMARY KEY (`id`)
) ENGINE=InnoDB AUTO_INCREMENT=24 DEFAULT CHARSET=utf8 COLLATE=utf8_unicode_ci;
/*!40101 SET character_set_client = @saved_cs_client */;

--
-- Dumping data for table `Prototype`
--

LOCK TABLES `Prototype` WRITE;
/*!40000 ALTER TABLE `Prototype` DISABLE KEYS */;
INSERT INTO `Prototype` VALUES (1,'Базовый продукт'),(2,'Бытовая техника'),(3,'Системы видеонаблюдения'),(4,'Климатическая техника'),(5,'Процессор'),(6,'Оперативная память'),(7,'Видеокарты'),(8,'HDD'),(9,'SDD'),(10,'ODD'),(11,'Материнские платы'),(12,'Корпус'),(13,'Блок питания'),(14,'Накопители Flash USB'),(15,'Клавиатура'),(16,'Мышь'),(17,'Планшет'),(18,'Принтеры, МФУ'),(19,'Сетевое оборудование, Маршрутизаторы'),(20,'ИБП'),(22,'Телевизоры'),(23,'Стиральные и сушильные машины');
/*!40000 ALTER TABLE `Prototype` ENABLE KEYS */;
UNLOCK TABLES;

--
-- Table structure for table `Slide`
--

DROP TABLE IF EXISTS `Slide`;
/*!40101 SET @saved_cs_client     = @@character_set_client */;
/*!40101 SET character_set_client = utf8 */;
CREATE TABLE `Slide` (
  `id` int(11) NOT NULL AUTO_INCREMENT,
  `title` varchar(255) COLLATE utf8_unicode_ci DEFAULT NULL,
  `description` varchar(255) COLLATE utf8_unicode_ci DEFAULT NULL,
  `image` tinytext COLLATE utf8_unicode_ci NOT NULL COMMENT '(DC2Type:rid_image)',
  PRIMARY KEY (`id`)
) ENGINE=InnoDB AUTO_INCREMENT=45 DEFAULT CHARSET=utf8 COLLATE=utf8_unicode_ci;
/*!40101 SET character_set_client = @saved_cs_client */;

--
-- Dumping data for table `Slide`
--

LOCK TABLES `Slide` WRITE;
/*!40000 ALTER TABLE `Slide` DISABLE KEYS */;
INSERT INTO `Slide` VALUES (33,NULL,NULL,'a7e7cf9f9b592199c17875156e870a6f6639031a.jpeg'),(34,NULL,NULL,'bb7b3a7af7de58143267995a3bb68b5645c84dab.jpeg'),(35,NULL,NULL,'3bb526cb8caa4d27f3647289b28012c923d8e7e6.jpeg'),(36,NULL,NULL,'0f59ff56a53a908e86b320776e088fc9ba8dc468.jpeg'),(37,NULL,NULL,'2f9a47717fcbd26717b066e76c1189dfe16f1a41.jpeg'),(38,NULL,NULL,'8d7c8ae329fb91247343837416102052e712a42a.jpeg'),(39,NULL,NULL,'611a37cbc64ffaf022d11d9e484550f0fab7f68a.jpeg'),(40,NULL,NULL,'396f93c57cf439b0e22f96286d2230027e1ce91a.jpeg'),(41,NULL,NULL,'88731bd137017a4d3cb35997ec4f6a03716dcaa9.jpeg'),(42,NULL,NULL,'e7482d8e3612d4899b794feb467a9a92052dc72b.jpeg'),(43,NULL,NULL,'ff962bcc10bb74b5d4b2968f6c2c1200a4a6b41d.jpeg'),(44,NULL,NULL,'faa05b9dd03ed6d06f8c6512e5a0b931c8f93adb.jpeg');
/*!40000 ALTER TABLE `Slide` ENABLE KEYS */;
UNLOCK TABLES;

--
-- Table structure for table `brand_category`
--

DROP TABLE IF EXISTS `brand_category`;
/*!40101 SET @saved_cs_client     = @@character_set_client */;
/*!40101 SET character_set_client = utf8 */;
CREATE TABLE `brand_category` (
  `brand_id` int(11) NOT NULL,
  `category_id` int(11) NOT NULL,
  PRIMARY KEY (`brand_id`,`category_id`),
  KEY `IDX_C17C8AD044F5D008` (`brand_id`),
  KEY `IDX_C17C8AD012469DE2` (`category_id`),
  CONSTRAINT `FK_C17C8AD012469DE2` FOREIGN KEY (`category_id`) REFERENCES `Category` (`id`),
  CONSTRAINT `FK_C17C8AD044F5D008` FOREIGN KEY (`brand_id`) REFERENCES `Brand` (`id`)
) ENGINE=InnoDB DEFAULT CHARSET=utf8 COLLATE=utf8_unicode_ci;
/*!40101 SET character_set_client = @saved_cs_client */;

--
-- Dumping data for table `brand_category`
--

LOCK TABLES `brand_category` WRITE;
/*!40000 ALTER TABLE `brand_category` DISABLE KEYS */;
/*!40000 ALTER TABLE `brand_category` ENABLE KEYS */;
UNLOCK TABLES;

--
-- Table structure for table `cart_order`
--

DROP TABLE IF EXISTS `cart_order`;
/*!40101 SET @saved_cs_client     = @@character_set_client */;
/*!40101 SET character_set_client = utf8 */;
CREATE TABLE `cart_order` (
  `id` int(11) NOT NULL AUTO_INCREMENT,
  `cart_id` int(11) NOT NULL,
  `user_id` int(11) DEFAULT NULL,
  `fio` varchar(255) COLLATE utf8_unicode_ci NOT NULL,
  `town` varchar(255) COLLATE utf8_unicode_ci NOT NULL,
  `address` varchar(255) COLLATE utf8_unicode_ci NOT NULL,
  `phone` varchar(255) COLLATE utf8_unicode_ci NOT NULL,
  `email` varchar(255) COLLATE utf8_unicode_ci NOT NULL,
  `paymentType` varchar(255) COLLATE utf8_unicode_ci NOT NULL,
  `comments` varchar(255) COLLATE utf8_unicode_ci DEFAULT NULL,
  `deliveryType` varchar(255) COLLATE utf8_unicode_ci NOT NULL,
  `createdAt` datetime NOT NULL,
  `status` int(11) NOT NULL,
  PRIMARY KEY (`id`),
  KEY `IDX_AAC3FE901AD5CDBF` (`cart_id`),
  KEY `IDX_AAC3FE90A76ED395` (`user_id`),
  CONSTRAINT `FK_AAC3FE901AD5CDBF` FOREIGN KEY (`cart_id`) REFERENCES `Cart` (`id`),
  CONSTRAINT `FK_AAC3FE90A76ED395` FOREIGN KEY (`user_id`) REFERENCES `fos_user` (`id`)
) ENGINE=InnoDB AUTO_INCREMENT=10 DEFAULT CHARSET=utf8 COLLATE=utf8_unicode_ci;
/*!40101 SET character_set_client = @saved_cs_client */;

--
-- Dumping data for table `cart_order`
--

LOCK TABLES `cart_order` WRITE;
/*!40000 ALTER TABLE `cart_order` DISABLE KEYS */;
INSERT INTO `cart_order` VALUES (1,24,NULL,'Тест','Cherkassy','77777','3809330000','444444@gmail.com','Наличными при получении','Тест работы','Нова пошта','2013-10-20 18:45:13',1),(2,32,NULL,'Воропаев  ВВ','смела','пушеина','+380975566778','ццц@mail.ru','На банковскую карту (Visa, MasterCard, Amex)','НП  склад 4','Нова пошта','2013-10-24 14:21:08',1),(3,32,NULL,'tgyty','dydyt','dtyrty','656476','tdfgh','Наличными при получении','склпд','Нова пошта','2013-10-24 14:22:18',1),(4,32,NULL,'tgyty','dydyt','dtyrty','656476','tdfgh','Наличными при получении','склпд','Нова пошта','2013-10-24 14:22:21',2),(5,32,1,'про','пр','пр','пр','апр','Наличными при получении',NULL,'Нова пошта','2013-10-24 14:23:45',2),(6,69,4,'Шевченко Тарас','Черкассы','ул. Гоголя','232323','back.neomind@gmail.com','На банковскую карту (Visa, MasterCard, Amex)','Новая почта склад №9','Нова пошта','2013-10-31 08:58:09',1),(7,75,NULL,'Тест','Cherkassy','adasd','123123123123','mrriddick7@gmail.com','Наличными при получении','TEST','Нова пошта','2013-10-31 11:43:46',1),(8,78,4,'Зинаида Петрова','Черкассы','ул. Победы','323232','back.neomind@gmail.com','На банковскую карту (Visa, MasterCard, Amex)','test test test','Нова пошта','2013-10-31 12:05:11',1),(9,83,NULL,'test new contacts','test new contacts','test new contacts','test new contacts','mrriddick7@gmail.com','Наличными при получении','test new contacts','Нова пошта','2013-10-31 20:54:02',1);
/*!40000 ALTER TABLE `cart_order` ENABLE KEYS */;
UNLOCK TABLES;

--
-- Table structure for table `cart_to_cart_item`
--

DROP TABLE IF EXISTS `cart_to_cart_item`;
/*!40101 SET @saved_cs_client     = @@character_set_client */;
/*!40101 SET character_set_client = utf8 */;
CREATE TABLE `cart_to_cart_item` (
  `cart_id` int(11) NOT NULL,
  `cart_item_id` int(11) NOT NULL,
  PRIMARY KEY (`cart_id`,`cart_item_id`),
  KEY `IDX_B7D2603F1AD5CDBF` (`cart_id`),
  KEY `IDX_B7D2603FE9B59A59` (`cart_item_id`),
  CONSTRAINT `FK_B7D2603FE9B59A59` FOREIGN KEY (`cart_item_id`) REFERENCES `CartItem` (`id`),
  CONSTRAINT `FK_B7D2603F1AD5CDBF` FOREIGN KEY (`cart_id`) REFERENCES `Cart` (`id`)
) ENGINE=InnoDB DEFAULT CHARSET=utf8 COLLATE=utf8_unicode_ci;
/*!40101 SET character_set_client = @saved_cs_client */;

--
-- Dumping data for table `cart_to_cart_item`
--

LOCK TABLES `cart_to_cart_item` WRITE;
/*!40000 ALTER TABLE `cart_to_cart_item` DISABLE KEYS */;
INSERT INTO `cart_to_cart_item` VALUES (69,5),(75,6),(78,7),(83,8);
/*!40000 ALTER TABLE `cart_to_cart_item` ENABLE KEYS */;
UNLOCK TABLES;

--
-- Table structure for table `fos_user`
--

DROP TABLE IF EXISTS `fos_user`;
/*!40101 SET @saved_cs_client     = @@character_set_client */;
/*!40101 SET character_set_client = utf8 */;
CREATE TABLE `fos_user` (
  `id` int(11) NOT NULL AUTO_INCREMENT,
  `username` varchar(255) COLLATE utf8_unicode_ci NOT NULL,
  `username_canonical` varchar(255) COLLATE utf8_unicode_ci NOT NULL,
  `email` varchar(255) COLLATE utf8_unicode_ci NOT NULL,
  `email_canonical` varchar(255) COLLATE utf8_unicode_ci NOT NULL,
  `enabled` tinyint(1) NOT NULL,
  `salt` varchar(255) COLLATE utf8_unicode_ci NOT NULL,
  `password` varchar(255) COLLATE utf8_unicode_ci NOT NULL,
  `last_login` datetime DEFAULT NULL,
  `locked` tinyint(1) NOT NULL,
  `expired` tinyint(1) NOT NULL,
  `expires_at` datetime DEFAULT NULL,
  `confirmation_token` varchar(255) COLLATE utf8_unicode_ci DEFAULT NULL,
  `password_requested_at` datetime DEFAULT NULL,
  `roles` longtext COLLATE utf8_unicode_ci NOT NULL COMMENT '(DC2Type:array)',
  `credentials_expired` tinyint(1) NOT NULL,
  `credentials_expire_at` datetime DEFAULT NULL,
  PRIMARY KEY (`id`),
  UNIQUE KEY `UNIQ_957A647992FC23A8` (`username_canonical`),
  UNIQUE KEY `UNIQ_957A6479A0D96FBF` (`email_canonical`)
) ENGINE=InnoDB AUTO_INCREMENT=5 DEFAULT CHARSET=utf8 COLLATE=utf8_unicode_ci;
/*!40101 SET character_set_client = @saved_cs_client */;

--
-- Dumping data for table `fos_user`
--

LOCK TABLES `fos_user` WRITE;
/*!40000 ALTER TABLE `fos_user` DISABLE KEYS */;
INSERT INTO `fos_user` VALUES (1,'BondJovi','bondjovi','bori_s@ukr.net','bori_s@ukr.net',1,'ityf24lij280kwww04g88cok4og8gc','5w0rFu5FDH8trWVQQjwMEmri58je2kcyeBmhyj9/Z5mckzSg5u0j1tDPYP2SLIwJC+Om4WAgZGjuXk/iEG2FUg==','2013-10-24 14:12:08',0,0,NULL,NULL,NULL,'a:0:{}',0,NULL),(2,'Татьяна','татьяна','tanya200291@mail.ru','tanya200291@mail.ru',1,'n948dyv5xxwscokwg40kgowc408cg84','kUhO0IMFbNIh50EjG1AZZmmqk3eX8OYqG6bZFkNIuSQIe57cRoJoPLcD5K4ltsGAJwZd8UEhbVZMv9iPh1Dung==','2013-10-22 06:30:05',0,0,NULL,NULL,NULL,'a:0:{}',0,NULL),(3,'сергей','сергей','astudiock@gmail.com','astudiock@gmail.com',1,'mjb0p2z61es0w048808wk4gck4osws8','IZGSPgojywTMIUPAUm8s1YEZ/myuFZIV0ySUgBJzv9YlUlmmJL1B5UjWveTFw6+alrYohdY2fp4nj2xoCuXNWg==','2013-10-22 10:43:22',0,0,NULL,NULL,NULL,'a:0:{}',0,NULL),(4,'Taras','taras','for_ever_@ukr.net','for_ever_@ukr.net',1,'r52znynpm9wkskwssos8oc08s08osos','62SS4AF9bIwj0CkndOubJIMmeVizVkMG1FVbZzlT0rXmpNVUW4XsDcdI0SeIRXoJgjyrACtR+CFW6uvrilo4sw==','2013-10-31 12:04:06',0,0,NULL,NULL,NULL,'a:0:{}',0,NULL);
/*!40000 ALTER TABLE `fos_user` ENABLE KEYS */;
UNLOCK TABLES;

--
-- Table structure for table `media__gallery`
--

DROP TABLE IF EXISTS `media__gallery`;
/*!40101 SET @saved_cs_client     = @@character_set_client */;
/*!40101 SET character_set_client = utf8 */;
CREATE TABLE `media__gallery` (
  `id` int(11) NOT NULL AUTO_INCREMENT,
  `name` varchar(255) COLLATE utf8_unicode_ci NOT NULL,
  `context` varchar(64) COLLATE utf8_unicode_ci NOT NULL,
  `default_format` varchar(255) COLLATE utf8_unicode_ci NOT NULL,
  `enabled` tinyint(1) NOT NULL,
  `updated_at` datetime NOT NULL,
  `created_at` datetime NOT NULL,
  PRIMARY KEY (`id`)
) ENGINE=InnoDB DEFAULT CHARSET=utf8 COLLATE=utf8_unicode_ci;
/*!40101 SET character_set_client = @saved_cs_client */;

--
-- Dumping data for table `media__gallery`
--

LOCK TABLES `media__gallery` WRITE;
/*!40000 ALTER TABLE `media__gallery` DISABLE KEYS */;
/*!40000 ALTER TABLE `media__gallery` ENABLE KEYS */;
UNLOCK TABLES;

--
-- Table structure for table `media__gallery_media`
--

DROP TABLE IF EXISTS `media__gallery_media`;
/*!40101 SET @saved_cs_client     = @@character_set_client */;
/*!40101 SET character_set_client = utf8 */;
CREATE TABLE `media__gallery_media` (
  `id` int(11) NOT NULL AUTO_INCREMENT,
  `gallery_id` int(11) DEFAULT NULL,
  `media_id` int(11) DEFAULT NULL,
  `position` int(11) NOT NULL,
  `enabled` tinyint(1) NOT NULL,
  `updated_at` datetime NOT NULL,
  `created_at` datetime NOT NULL,
  PRIMARY KEY (`id`),
  KEY `IDX_80D4C5414E7AF8F` (`gallery_id`),
  KEY `IDX_80D4C541EA9FDD75` (`media_id`),
  CONSTRAINT `FK_80D4C541EA9FDD75` FOREIGN KEY (`media_id`) REFERENCES `media__media` (`id`),
  CONSTRAINT `FK_80D4C5414E7AF8F` FOREIGN KEY (`gallery_id`) REFERENCES `media__gallery` (`id`)
) ENGINE=InnoDB DEFAULT CHARSET=utf8 COLLATE=utf8_unicode_ci;
/*!40101 SET character_set_client = @saved_cs_client */;

--
-- Dumping data for table `media__gallery_media`
--

LOCK TABLES `media__gallery_media` WRITE;
/*!40000 ALTER TABLE `media__gallery_media` DISABLE KEYS */;
/*!40000 ALTER TABLE `media__gallery_media` ENABLE KEYS */;
UNLOCK TABLES;

--
-- Table structure for table `media__media`
--

DROP TABLE IF EXISTS `media__media`;
/*!40101 SET @saved_cs_client     = @@character_set_client */;
/*!40101 SET character_set_client = utf8 */;
CREATE TABLE `media__media` (
  `id` int(11) NOT NULL AUTO_INCREMENT,
  `name` varchar(255) COLLATE utf8_unicode_ci NOT NULL,
  `description` text COLLATE utf8_unicode_ci,
  `enabled` tinyint(1) NOT NULL,
  `provider_name` varchar(255) COLLATE utf8_unicode_ci NOT NULL,
  `provider_status` int(11) NOT NULL,
  `provider_reference` varchar(255) COLLATE utf8_unicode_ci NOT NULL,
  `provider_metadata` longtext COLLATE utf8_unicode_ci COMMENT '(DC2Type:json)',
  `width` int(11) DEFAULT NULL,
  `height` int(11) DEFAULT NULL,
  `length` decimal(10,0) DEFAULT NULL,
  `content_type` varchar(64) COLLATE utf8_unicode_ci DEFAULT NULL,
  `content_size` int(11) DEFAULT NULL,
  `copyright` varchar(255) COLLATE utf8_unicode_ci DEFAULT NULL,
  `author_name` varchar(255) COLLATE utf8_unicode_ci DEFAULT NULL,
  `context` varchar(64) COLLATE utf8_unicode_ci DEFAULT NULL,
  `cdn_is_flushable` tinyint(1) DEFAULT NULL,
  `cdn_flush_at` datetime DEFAULT NULL,
  `cdn_status` int(11) DEFAULT NULL,
  `updated_at` datetime NOT NULL,
  `created_at` datetime NOT NULL,
  PRIMARY KEY (`id`)
) ENGINE=InnoDB DEFAULT CHARSET=utf8 COLLATE=utf8_unicode_ci;
/*!40101 SET character_set_client = @saved_cs_client */;

--
-- Dumping data for table `media__media`
--

LOCK TABLES `media__media` WRITE;
/*!40000 ALTER TABLE `media__media` DISABLE KEYS */;
/*!40000 ALTER TABLE `media__media` ENABLE KEYS */;
UNLOCK TABLES;

--
-- Table structure for table `migration_versions`
--

DROP TABLE IF EXISTS `migration_versions`;
/*!40101 SET @saved_cs_client     = @@character_set_client */;
/*!40101 SET character_set_client = utf8 */;
CREATE TABLE `migration_versions` (
  `version` varchar(255) COLLATE utf8_unicode_ci NOT NULL,
  PRIMARY KEY (`version`)
) ENGINE=InnoDB DEFAULT CHARSET=utf8 COLLATE=utf8_unicode_ci;
/*!40101 SET character_set_client = @saved_cs_client */;

--
-- Dumping data for table `migration_versions`
--

LOCK TABLES `migration_versions` WRITE;
/*!40000 ALTER TABLE `migration_versions` DISABLE KEYS */;
INSERT INTO `migration_versions` VALUES ('20131016224004'),('20131020134854'),('20131020181804'),('20131020203156'),('20131020204416'),('20131020211046'),('20131020212029'),('20131027164017'),('20131028184324'),('20131030184937'),('20131030191750');
/*!40000 ALTER TABLE `migration_versions` ENABLE KEYS */;
UNLOCK TABLES;

--
-- Table structure for table `prototype2property`
--

DROP TABLE IF EXISTS `prototype2property`;
/*!40101 SET @saved_cs_client     = @@character_set_client */;
/*!40101 SET character_set_client = utf8 */;
CREATE TABLE `prototype2property` (
  `prototype_id` int(11) NOT NULL,
  `property_id` int(11) NOT NULL,
  PRIMARY KEY (`prototype_id`,`property_id`),
  KEY `IDX_1B6C704F25998077` (`prototype_id`),
  KEY `IDX_1B6C704F549213EC` (`property_id`),
  CONSTRAINT `FK_1B6C704F549213EC` FOREIGN KEY (`property_id`) REFERENCES `Property` (`id`),
  CONSTRAINT `FK_1B6C704F25998077` FOREIGN KEY (`prototype_id`) REFERENCES `Prototype` (`id`)
) ENGINE=InnoDB DEFAULT CHARSET=utf8 COLLATE=utf8_unicode_ci;
/*!40101 SET character_set_client = @saved_cs_client */;

--
-- Dumping data for table `prototype2property`
--

LOCK TABLES `prototype2property` WRITE;
/*!40000 ALTER TABLE `prototype2property` DISABLE KEYS */;
INSERT INTO `prototype2property` VALUES (1,1),(1,2),(1,3),(1,4),(1,5),(1,6),(1,7),(1,8),(1,9),(1,10),(1,11),(1,12),(1,13),(1,14),(1,15),(1,16),(1,17),(1,18),(1,19),(1,20),(1,21),(1,22),(1,23),(1,24),(1,25),(1,26),(1,27),(1,28),(1,29),(1,30),(1,31),(1,32),(1,33),(1,34),(1,35),(1,36),(1,37),(1,38),(1,39),(1,40),(1,41),(1,42),(1,43),(1,44),(1,45),(1,46),(1,47),(1,48),(1,49),(1,50),(1,51),(1,52),(1,53),(1,54),(1,55),(1,56),(1,57),(1,58),(1,59),(1,60),(1,61),(1,62),(1,63),(1,64),(1,65),(1,66),(1,67),(1,68),(1,69),(1,70),(1,71),(1,72),(1,73),(1,74),(1,75),(2,1),(2,2),(2,3),(2,4),(2,5),(3,6),(3,7),(3,8),(3,9),(4,10),(4,11),(4,12),(4,13),(4,14),(5,15),(5,16),(6,17),(6,18),(6,19),(7,20),(7,21),(7,22),(7,23),(7,24),(7,25),(8,26),(8,27),(8,28),(9,29),(9,30),(9,31),(9,32),(10,33),(10,34),(10,35),(11,36),(11,37),(11,38),(11,39),(11,40),(11,41),(12,42),(12,43),(12,44),(12,45),(13,46),(13,47),(14,48),(14,49),(14,50),(14,51),(15,52),(15,53),(15,54),(16,55),(16,56),(16,57),(17,58),(17,59),(17,60),(17,61),(17,62),(17,63),(17,64),(18,65),(18,66),(18,67),(18,68),(18,69),(18,70),(18,71),(19,72),(19,73),(20,74),(20,75),(22,3),(23,1),(23,2);
/*!40000 ALTER TABLE `prototype2property` ENABLE KEYS */;
UNLOCK TABLES;

--
-- Table structure for table `prototype_category`
--

DROP TABLE IF EXISTS `prototype_category`;
/*!40101 SET @saved_cs_client     = @@character_set_client */;
/*!40101 SET character_set_client = utf8 */;
CREATE TABLE `prototype_category` (
  `prototype_id` int(11) NOT NULL,
  `category_id` int(11) NOT NULL,
  PRIMARY KEY (`prototype_id`,`category_id`),
  KEY `IDX_3BFE13A325998077` (`prototype_id`),
  KEY `IDX_3BFE13A312469DE2` (`category_id`),
  CONSTRAINT `FK_3BFE13A312469DE2` FOREIGN KEY (`category_id`) REFERENCES `Category` (`id`),
  CONSTRAINT `FK_3BFE13A325998077` FOREIGN KEY (`prototype_id`) REFERENCES `Prototype` (`id`)
) ENGINE=InnoDB DEFAULT CHARSET=utf8 COLLATE=utf8_unicode_ci;
/*!40101 SET character_set_client = @saved_cs_client */;

--
-- Dumping data for table `prototype_category`
--

LOCK TABLES `prototype_category` WRITE;
/*!40000 ALTER TABLE `prototype_category` DISABLE KEYS */;
INSERT INTO `prototype_category` VALUES (20,562),(22,801),(23,714);
/*!40000 ALTER TABLE `prototype_category` ENABLE KEYS */;
UNLOCK TABLES;

--
-- Table structure for table `rid_page`
--

DROP TABLE IF EXISTS `rid_page`;
/*!40101 SET @saved_cs_client     = @@character_set_client */;
/*!40101 SET character_set_client = utf8 */;
CREATE TABLE `rid_page` (
  `id` int(11) NOT NULL AUTO_INCREMENT,
  `metaTitle` varchar(255) COLLATE utf8_unicode_ci DEFAULT NULL,
  `metaKeywords` longtext COLLATE utf8_unicode_ci,
  `metaDescription` longtext COLLATE utf8_unicode_ci,
  `metaAuthor` varchar(255) COLLATE utf8_unicode_ci DEFAULT NULL,
  `title` varchar(255) COLLATE utf8_unicode_ci DEFAULT NULL,
  `descriptionFormatter` varchar(255) COLLATE utf8_unicode_ci DEFAULT NULL,
  `description` longtext COLLATE utf8_unicode_ci,
  `bodyFormatter` varchar(255) COLLATE utf8_unicode_ci NOT NULL,
  `body` longtext COLLATE utf8_unicode_ci NOT NULL,
  `isPublished` tinyint(1) DEFAULT NULL,
  `isOnHomepage` tinyint(1) DEFAULT NULL,
  `isPartial` tinyint(1) DEFAULT NULL,
  `slug` varchar(255) COLLATE utf8_unicode_ci NOT NULL,
  `createdAt` datetime NOT NULL,
  `updatedAt` datetime NOT NULL,
  PRIMARY KEY (`id`),
  KEY `slug_idx` (`slug`)
) ENGINE=InnoDB AUTO_INCREMENT=11 DEFAULT CHARSET=utf8 COLLATE=utf8_unicode_ci;
/*!40101 SET character_set_client = @saved_cs_client */;

--
-- Dumping data for table `rid_page`
--

LOCK TABLES `rid_page` WRITE;
/*!40000 ALTER TABLE `rid_page` DISABLE KEYS */;
INSERT INTO `rid_page` VALUES (1,NULL,NULL,NULL,NULL,'Главная страница','richhtml','','richhtml','<p>сайт на стадии разработки. по всем вопросам обращайтесь пожалуйста по тел. 067-708-97-95 Аркадий</p>',1,1,0,'homepage','2013-10-15 09:16:27','2013-10-15 11:21:11'),(2,NULL,NULL,NULL,NULL,'Контакты','richhtml','','text','<p><iframe width=\"635\" height=\"350\" frameborder=\"0\" scrolling=\"no\" marginheight=\"0\" marginwidth=\"0\" src=\"https://maps.google.com.ua/maps?f=q&amp;source=s_q&amp;hl=ru&amp;geocode=&amp;q=%D0%91%D0%BB%D0%B0%D0%B3%D0%BE%D0%B2%D0%B5%D1%81%D1%82%D0%BD%D0%B0%D1%8F+393&amp;aq=&amp;sll=49.431276,32.04923&amp;sspn=0.160764,0.393105&amp;ie=UTF8&amp;hq=&amp;hnear=%D1%83%D0%BB.+%D0%91%D0%BB%D0%B0%D0%B3%D0%BE%D0%B2%D0%B5%D1%81%D1%82%D0%BD%D0%B0%D1%8F,+393,+%D0%A7%D0%B5%D1%80%D0%BA%D0%B0%D1%81%D1%81%D1%8B,+%D0%A7%D0%B5%D1%80%D0%BA%D0%B0%D1%81%D1%81%D0%BA%D0%B0%D1%8F+%D0%BE%D0%B1%D0%BB%D0%B0%D1%81%D1%82%D1%8C&amp;t=m&amp;ll=49.427612,32.079821&amp;spn=0.009769,0.027251&amp;z=15&amp;output=embed\"></iframe><br /><small><a href=\"https://maps.google.com.ua/maps?f=q&amp;source=embed&amp;hl=ru&amp;geocode=&amp;q=%D0%91%D0%BB%D0%B0%D0%B3%D0%BE%D0%B2%D0%B5%D1%81%D1%82%D0%BD%D0%B0%D1%8F+393&amp;aq=&amp;sll=49.431276,32.04923&amp;sspn=0.160764,0.393105&amp;ie=UTF8&amp;hq=&amp;hnear=%D1%83%D0%BB.+%D0%91%D0%BB%D0%B0%D0%B3%D0%BE%D0%B2%D0%B5%D1%81%D1%82%D0%BD%D0%B0%D1%8F,+393,+%D0%A7%D0%B5%D1%80%D0%BA%D0%B0%D1%81%D1%81%D1%8B,+%D0%A7%D0%B5%D1%80%D0%BA%D0%B0%D1%81%D1%81%D0%BA%D0%B0%D1%8F+%D0%BE%D0%B1%D0%BB%D0%B0%D1%81%D1%82%D1%8C&amp;t=m&amp;ll=49.427612,32.079821&amp;spn=0.009769,0.027251&amp;z=15\" style=\"color:#0000FF;text-align:left\">Просмотреть увеличенную карту</a></small></p><br />\n<p><strong>г.Черкассы ул.Благовестная 393</strong></p><p><strong>0472 35-92-85,&nbsp;093 731-85-03</strong></p>',1,1,0,'contacts','2013-10-15 10:10:29','2013-10-26 06:39:49'),(3,NULL,NULL,NULL,NULL,'О компании','richhtml','','richhtml','<p>О компании</p>\n\n<p>наша компания тд</p>',1,1,0,'about','2013-10-15 10:11:02','2013-10-15 10:52:56'),(4,NULL,NULL,NULL,NULL,'Оплата и Доставка','richhtml','','richhtml','<p><span style=\"line-height:1.6em\">1.&nbsp;</span><strong style=\"line-height:1.6em\">Доставка за пределы города.</strong></p>\n\n<p>Доставка в Смелу, Золотоношу, Чигирин, Каменку, Чернобай возможна, при предварительном согласовании с менеджером интернет-магазина. Срочная доставка (в день заказа) составляет 2 грн. за километр в одну сторону от границы города до места доставки (оплата в 2 стороны).</p>\n\n<p>2.&nbsp;<strong>Доставка по городу.</strong></p>\n\n<p>Доставка по городу Черкассы осуществляется бесплатно до подъезда (частный сектор &ndash; до въезда) (при заказе на сумму более 1000грн.) в день заказа или на следующий*.</p>\n\n<p><strong>Внимание!!!</strong>&nbsp;Если на пути доставки существуют преграды для проезда автомобиля службы доставки (низкорастущие деревье, дороги, по которым невозможно проехать или их отсутствие и т.п.) - в таких случаях доставка осуществляется до места, куда автомобиль может безопасно доехать.&nbsp;<br />\nВарианты доставки утром и в выходные дни (в качестве исключения) оговариваются непосредственно с менеджером.<br />\nЗаказы, оформленные непосредственно на сайте в субботу или воскресенье, доставляются в понедельник.&nbsp;<br />\nЕсли сумма заказа составляет до 600грн., стоимость доставки - 25 грн.</p>\n\n<p>3.&nbsp;<strong>Доставка по Украине.</strong></p>\n\n<p>Доставка товаров осуществляется на следующих условиях:</p>\n\n<p>- полной предоплаты стоимости товара, при условии возможности доставки в населенный пункт покупателя всеукраинскими службами доставки по согласованию с покупателями;<br />\n- оплаты после проверки товара на складе перевозчика &laquo;Новая Почта&raquo; (+2% покупатель оплачивает товар при получении в своем населенном пункте.)</p>\n\n<p><strong>Стоимость доставки по Украине оплачивает покупатель.</strong></p>\n\n<p>При доставке в регионы также есть возможность заказать дополнительно доставку до подъезда или непосредственно в квартиру. Данная услуга оплачивается покупателем дополнительно и согласовывается заранее! Товар, который отправляется в другие города Украины, страхуется нашей компанией в обязательном порядке.</p>\n\n<p>Просим Вас обратить внимание, что ручной занос(подъем) техники является дополнительной услугой нашей компании и подлежит следующей тарификации (гривен за один этаж):</p>\n\n<p><strong><em>Холодильник (высота свыше 1.85м, &laquo;Side-by-Side&raquo;)&nbsp;<strong>20 грн.</strong><br />\nХолодильник (высота до 1.85м)&nbsp;<strong>15 грн.</strong><br />\nСтиральная машина&nbsp;<strong>10 грн.</strong><br />\nГазовая плита&nbsp;<strong>10 грн</strong>.<br />\nВстраиваемая духовка&nbsp;<strong>5 грн</strong>.<br />\nПосудомоечная машина&nbsp;<strong>10 грн.</strong><br />\nПлазменный или ЖК ТВ свыше 42&quot;&nbsp;<strong>10 грн</strong>.<br />\nПлазменный или ЖК ТВ до 37-42&quot;&nbsp;<strong>5 грн.</strong><br />\nТелевизор ЖК 20-37&quot;&nbsp;<strong>3 грн</strong>.<br />\nДругая техника весом от 25 до 40&nbsp;<strong>5 грн</strong>.<br />\nДругая техника весом от 10 до 25 кг.&nbsp;<strong>3 грн.</strong><br />\nДругая техника весом до 10 кг.&nbsp;<strong>бесплатно</strong></em></strong></p>\n\n<p>&nbsp;</p>\n\n<p><strong>ОПЛАТА</strong></p>\n\n<p>Для наших покупателей мы предлагаем следующие формы оплаты при покупке товаров в интернет-магазине ТехноДар:</p>\n\n<p>1.&nbsp;<strong>Наличная</strong></p>\n\n<p>Оплата производиться наличными в гривне по курсу к USD, который указан в окне &laquo;Курс валют&raquo; в верхней части нашего сайта. Данную оплату Вы можете осуществить непосредственно после доставки нашим экспедитором заказанного товара, или же произвести авансовый платеж при оформлении заказа в нашем офисе.</p>\n\n<p>2.&nbsp;<strong>Безналичная</strong></p>\n\n<p>Оплата производиться безналичным банковским переводом, после предоставления менеджером компании счета-фактуры с перечнем заказанного Вами товара. При данной форме оплаты учитывается безналичный курс валют, который указан в окне &laquo;Курс валют&raquo; в верхней части нашего сайта. Предоставленный Вам счет действителен 3 банковские дня. При получение кредита действуют также действуют условия безналичной оплаты.</p>\n\n<p>Данная форма оплаты осуществляется физическими и юридическими лицами. Для предприятий, которые являются плательщиками налогов на общих основаниях, наша компания предоставляет полный пакет бухгалтерских документов;</p>\n\n<p>3.&nbsp;<strong>Карточная оплата</strong></p>\n\n<p>Оплату товаров в нашей компании Вы можете осуществить банковским переводом, платежными картами MasterCard, Visa, Maestro. При такой форме оплаты Вам необходимо получить реквизиты у менеджеров компании, гарантией и фактом оплаты является платежный документ с Вашими реквизитами, заверенный мокрой печатью банка отправителя;</p>\n\n<p>&nbsp;</p>\n\n<p>&nbsp;</p>\n\n<p><em>*в зависимости от наличия товара на складе, загруженности службы доставки и только в черте города</em></p>',1,1,0,'delivery','2013-10-15 10:11:29','2013-10-23 13:04:50'),(5,NULL,NULL,NULL,NULL,'Кредит','richhtml','','richhtml','<p><img src=\"file:///C:/Users/836D~1/AppData/Local/Temp/msohtmlclip1/01/clip_image002.jpg\" style=\"float:left; height:746px; width:375px\" /></p>\n\n<p>ХВАТИТ ВЫБИРАТЬ - НУЖНО БРАТЬ!</p>\n\n<p>OTP КРЕДИТ - КРЕДИТЫ НА ЖЕЛАНИЯ</p>\n\n<p>&nbsp;</p>\n\n<p>Мы постоянно сомневаемся,</p>\n\n<p>Дадут нам кредит, или нет?</p>\n\n<p>Брать илм не брать?</p>\n\n<p>А так много нужно приобрести.</p>\n\n<p>&nbsp;</p>\n\n<p>&nbsp;</p>\n\n<p>ХВАТИТ СОМНЕВАТЬСЯ!</p>\n\n<p>С ОТП Кредит покупать любую вещь - это просто!</p>\n\n<p>&nbsp;</p>\n\n<p>Вы можете приобрести товар в кредит на прозрачных условиях:</p>\n\n<p>&nbsp;</p>\n\n<p>- нужны только паспорт и идентификационный код;</p>\n\n<p>- сума кредита от 300 до 25 000 грн;</p>\n\n<p>- без справки о доходах, залога и поручителей;</p>\n\n<p>- возраст заемщика от 21 до 69 лет;</p>\n\n<p>- отсутствие скрытых комиссий;</p>\n\n<p>- срок кредита от 3 до 24 месяцев;</p>\n\n<p>- удобные каналы погашения: отделения Укрпочты, развитая сеть банков-партнеров и платежные терминалы City-Pay и QIWI;</p>\n\n<p>- положительные решения по кредиту;</p>\n\n<p>&nbsp;</p>\n\n<p>&nbsp;</p>\n\n<p>ВОСПОЛЬЗУЙТЕСЬ ЧУДЕСНОЙ ВОЗМОЖНОСТЬЮ ПОЛУЧИТЬ ЖЕЛАННОЕ УЖЕ СЕГОДНЯ!</p>\n\n<p>&nbsp;</p>\n\n<p>ХВАТИТ ВЫБИРАТЬ - ПОРА БРАТЬ!</p>\n\n<p>&nbsp;</p>\n\n<p>www.otpcredit.com.ua</p>\n\n<p>0 800 300 031</p>\n\n<p>&nbsp;</p>\n\n<p>&nbsp;</p>',1,1,0,'credit','2013-10-15 10:11:49','2013-10-16 13:54:12'),(6,NULL,NULL,NULL,NULL,'Сервис','richhtml','','richhtml','<p><strong>Гарантия и сервисное обслуживание</strong></p>\n\n<p>На товары в нашем магазине предоставляется гарантия, подтверждающая обязательства по отсутствию в товаре заводских дефектов. Гарантия предоставляется на срок от 2-х недель до 36 месяцев в зависимости от сервисной политики производителя. Подтверждением гарантийных обязательств служит гарантийный талон производителя.</p>\n\n<p>Пожалуйста, проверьте комплектность и отсутствие дефектов в товаре при его получении (комплектность определяется описанием изделия или руководством по его эксплуатации).</p>\n\n<p>Куда обращаться за гарантийным обслуживанием?</p>\n\n<p>Гарантийным обслуживанием занимаются сервисные центры, авторизованные производителями.<br />\nАдреса и телефоны сервисных центров вы можете найти на гарантийном талоне.&nbsp;</p>\n\n<p>Право на бесплатное гарантийное обслуживание дает гарантийный талон, в котором указываются:</p>\n\n<p>Пожалуйста, сохраняйте его в течение всего срока эксплуатации.<br />\n<br />\nСрок ремонта определяется авторизованным СЦ, в случае возникновения проблем с сервис-партнером, вы можете обратиться в точку продажи.</p>\n\n<p>Вы можете обменять или вернуть товар в течение 14 дней после покупки при условии если:</p>\n\n<ul>\n	<li>товар, не был в употреблении и не имеет следов использования: царапин, сколов, потёртостей, на счётчике телефона не более 5 минут разговоров, программное обеспечение не подвергалось изменениям и т. п.;</li>\n	<li>товар полностью укомплектован и не нарушена целостность упаковки;</li>\n	<li>сохранены все ярлыки и заводская маркировка.</li>\n</ul>\n\n<p>Если товар не работает, обмен или возврат товара производится только при наличии заключения сервисного центра, авторизованного производителем, о том, что условия эксплуатации не нарушены.</p>\n\n<p>При возврате товара нужно иметь при себе паспорт. Мы вернем деньги в день возврата товара или, в случае отсутствия денег в кассе, не позже, чем через 7 дней.</p>\n\n<p>Обмен и возврат товаров надлежащего качества осуществляется за счет покупателя в течении 14 дней со дня продажи при условии сохранении товарного вида купленного оборудования, упаковки, и наличии документов, подтверждающих факт покупки.</p>\n\n<p>Если в гарантийный период товар, который вы у нас купили, вышел из строя по вине производителя и не может быть отремонтирован в авторизованном сервисном центре, мы обменяем товар на аналогичный или вернём деньги.</p>\n\n<p><strong>Сервисный центр может отказать в гарантийном ремонте если:</strong></p>\n\n<ul>\n	<li>нарушена сохранность гарантийных пломб;</li>\n	<li>есть механические или иные повреждения, который возникли вследствие умышленных или неосторожных действий покупателя или третьих лиц;</li>\n	<li>нарушены правила использования, изложенные в эксплуатационных документах;</li>\n	<li>было произведено несанкционированное вскрытие, ремонт или изменены внутренние коммуникации и компоненты товара, изменена конструкция или схемы товара;</li>\n	<li>неправильно заполнен гарантийный талон;</li>\n	<li>серийный или IMEI номер, находящийся в памяти изделия, изменён, стёрт или не может быть установлен.</li>\n</ul>\n\n<p><strong>Гарантийные обязательства не распространяются на следующие неисправности:</strong></p>\n\n<ul>\n	<li>естественный износ или исчерпание ресурса;</li>\n	<li>случайные повреждения, причиненные клиентом или повреждения, возникшие вследствие небрежного отношения или использования (воздействие жидкости, запыленности, попадание внутрь корпуса посторонних предметов и т. п.);</li>\n	<li>повреждения в результате стихийных бедствий (природных явлений);</li>\n	<li>повреждения, вызванные аварийным повышением или понижением напряжения в электросети или неправильным подключением к электросети;</li>\n	<li>повреждения, вызванные дефектами системы, в которой использовался данный товар, или возникшие в результате соединения и подключения товара к другим изделиям;</li>\n	<li>повреждения, вызванные использованием товара не по назначению или с нарушением правил эксплуатаций;</li>\n	<li>программное обеспечение, которое не входит в комплект изделия;</li>\n	<li>сохранность информации на жестком диске.</li>\n</ul>',1,1,0,'service','2013-10-15 10:12:31','2013-10-15 11:55:49'),(7,NULL,NULL,NULL,NULL,'Вопрос - ответ','richhtml','','richhtml','<p>Вопрос - ответ</p>',1,1,0,'faq','2013-10-15 10:13:00','2013-10-15 10:13:00'),(8,NULL,NULL,NULL,NULL,'КВМ-коммутаторы','richhtml','','richhtml','<p>КВМ-комму &nbsp;таторыКВМ-ком &nbsp;утаторыКВ &nbsp;М-коммутаторыКВМ-комм &nbsp;утаторыКВМ-коммутаторыКВМ-к &nbsp;оммутаторыКВМ-коммутаторыКВМ &nbsp;-комму &nbsp;таторыКВМ-коммут &nbsp;аторыКВМ-коммутатор &nbsp;ыКВМ-коммутаторыКВМ-коммутаторы &nbsp;КВМ-коммутаторы &nbsp;КВМ-коммутаторыКВМ-коммутаторы</p>',1,1,0,'kvm-komytatoru','2013-10-15 10:14:57','2013-10-15 10:14:57'),(9,NULL,NULL,NULL,NULL,'лсд матрицы','richhtml','','richhtml','<p>какаскас</p>',1,1,0,'lsdmatrici','2013-10-15 10:42:09','2013-10-15 10:42:09'),(10,NULL,NULL,NULL,NULL,'Акции','richhtml','','richhtml','<p>Акции</p>',1,1,0,'actions','2013-10-29 10:50:50','2013-10-29 10:50:50');
/*!40000 ALTER TABLE `rid_page` ENABLE KEYS */;
UNLOCK TABLES;

--
-- Table structure for table `td_action`
--

DROP TABLE IF EXISTS `td_action`;
/*!40101 SET @saved_cs_client     = @@character_set_client */;
/*!40101 SET character_set_client = utf8 */;
CREATE TABLE `td_action` (
  `id` int(11) NOT NULL AUTO_INCREMENT,
  `image` tinytext COLLATE utf8_unicode_ci NOT NULL COMMENT '(DC2Type:rid_image)',
  PRIMARY KEY (`id`)
) ENGINE=InnoDB AUTO_INCREMENT=2 DEFAULT CHARSET=utf8 COLLATE=utf8_unicode_ci;
/*!40101 SET character_set_client = @saved_cs_client */;

--
-- Dumping data for table `td_action`
--

LOCK TABLES `td_action` WRITE;
/*!40000 ALTER TABLE `td_action` DISABLE KEYS */;
INSERT INTO `td_action` VALUES (1,'61801ae9c7ea6885ac734a5dd1f8b83b64699986.jpeg');
/*!40000 ALTER TABLE `td_action` ENABLE KEYS */;
UNLOCK TABLES;
/*!40103 SET TIME_ZONE=@OLD_TIME_ZONE */;

/*!40101 SET SQL_MODE=@OLD_SQL_MODE */;
/*!40014 SET FOREIGN_KEY_CHECKS=@OLD_FOREIGN_KEY_CHECKS */;
/*!40014 SET UNIQUE_CHECKS=@OLD_UNIQUE_CHECKS */;
/*!40101 SET CHARACTER_SET_CLIENT=@OLD_CHARACTER_SET_CLIENT */;
/*!40101 SET CHARACTER_SET_RESULTS=@OLD_CHARACTER_SET_RESULTS */;
/*!40101 SET COLLATION_CONNECTION=@OLD_COLLATION_CONNECTION */;
/*!40111 SET SQL_NOTES=@OLD_SQL_NOTES */;

-- Dump completed on 2013-11-01  7:48:30
