-- MySQL dump 10.13  Distrib 5.5.32, for debian-linux-gnu (x86_64)
--
-- Host: localhost    Database: td
-- ------------------------------------------------------
-- Server version	5.5.32-0ubuntu0.12.10.1

/*!40101 SET @OLD_CHARACTER_SET_CLIENT=@@CHARACTER_SET_CLIENT */;
/*!40101 SET @OLD_CHARACTER_SET_RESULTS=@@CHARACTER_SET_RESULTS */;
/*!40101 SET @OLD_COLLATION_CONNECTION=@@COLLATION_CONNECTION */;
/*!40101 SET NAMES utf8 */;
/*!40103 SET @OLD_TIME_ZONE=@@TIME_ZONE */;
/*!40103 SET TIME_ZONE='+00:00' */;
/*!40014 SET @OLD_UNIQUE_CHECKS=@@UNIQUE_CHECKS, UNIQUE_CHECKS=0 */;
/*!40014 SET @OLD_FOREIGN_KEY_CHECKS=@@FOREIGN_KEY_CHECKS, FOREIGN_KEY_CHECKS=0 */;
/*!40101 SET @OLD_SQL_MODE=@@SQL_MODE, SQL_MODE='NO_AUTO_VALUE_ON_ZERO' */;
/*!40111 SET @OLD_SQL_NOTES=@@SQL_NOTES, SQL_NOTES=0 */;

--
-- Table structure for table `Brand`
--

DROP TABLE IF EXISTS `Brand`;
/*!40101 SET @saved_cs_client     = @@character_set_client */;
/*!40101 SET character_set_client = utf8 */;
CREATE TABLE `Brand` (
  `id` int(11) NOT NULL AUTO_INCREMENT,
  `name` varchar(255) COLLATE utf8_unicode_ci NOT NULL,
  PRIMARY KEY (`id`)
) ENGINE=InnoDB AUTO_INCREMENT=177 DEFAULT CHARSET=utf8 COLLATE=utf8_unicode_ci;
/*!40101 SET character_set_client = @saved_cs_client */;

--
-- Dumping data for table `Brand`
--

LOCK TABLES `Brand` WRITE;
/*!40000 ALTER TABLE `Brand` DISABLE KEYS */;
INSERT INTO `Brand` VALUES (3,'LG'),(4,'Philips'),(5,'Samsung'),(6,'AEG'),(7,'Ardo'),(8,'Atlant'),(9,'Beko'),(10,'Bosh'),(11,'Candy'),(12,'Delfa'),(13,'Electrolux'),(14,'Gorenje'),(15,'Hansa'),(16,'Hotroint-Ariston'),(17,'Indesit'),(18,'Korting'),(20,'Panasonic'),(21,'Saturn'),(22,'Whirlpool'),(23,'Zanussi'),(24,'Dahua'),(25,'Hikvision'),(27,'Speeddome'),(28,'Avigard'),(29,'STS'),(30,'RCI'),(31,'WS'),(32,'3G'),(33,'4U'),(34,'56K'),(35,'A4 Tech'),(36,'Acer'),(37,'A-Data'),(38,'Akasa'),(39,'AMD'),(40,'AOC'),(41,'APC'),(42,'Apple'),(43,'AsRock'),(44,'Asus'),(45,'BBK'),(46,'Belkin'),(47,'Benq'),(48,'Biostar'),(49,'Brain'),(50,'Brother'),(51,'Buffalo'),(52,'Candy'),(53,'Canon'),(54,'Canyon'),(55,'Case Logic'),(56,'Caterpillar'),(57,'Chicony'),(58,'Chieftec'),(59,'Cisco'),(60,'ColorWay'),(61,'Compact Flash (CF)'),(62,'Continent'),(63,'CoolerMaster'),(64,'Corsair'),(65,'Crumpler'),(66,'Deepcool'),(67,'Dell'),(68,'DeTech'),(69,'Divoom'),(70,'D-Link'),(71,'DTS'),(72,'Dynamode'),(73,'Dyno'),(74,'Eaton'),(75,'Edifier'),(76,'Edimax'),(77,'Elite Group'),(78,'Encore'),(79,'Epson'),(80,'Ergo'),(81,'F&D'),(82,'Fly'),(83,'FSP'),(84,'Fuji'),(85,'Gembird'),(86,'Gemix'),(87,'Genius'),(88,'Gigabyte'),(89,'GoClever'),(90,'Golla'),(91,'Goodram'),(92,'HIS'),(93,'Hitachi'),(94,'HP'),(95,'HTC'),(96,'iconBIT'),(97,'Ink-mate'),(98,'InkTec'),(99,'Inno3D'),(100,'Intel'),(101,'JBL'),(102,'Kit'),(103,'Konoos'),(104,'Krusell'),(105,'Lapara'),(106,'Lenovo'),(107,'Lexmark'),(108,'LinkSys'),(109,'LiteOn'),(110,'LogicFox'),(111,'LogicPower'),(112,'Logitech'),(113,'Lowepro'),(114,'Manli'),(115,'Maxtron'),(116,'Microlab'),(117,'Microsoft'),(118,'Minolta'),(119,'Modecom'),(120,'MSI'),(121,'Mustek'),(122,'Mystery'),(123,'NEC'),(124,'Nikon'),(125,'Noctua'),(126,'Nokia'),(127,'OKI'),(128,'Olympus'),(129,'Orion'),(130,'Palit'),(131,'Patron'),(132,'Pentax'),(133,'Pioneer'),(134,'Porto'),(135,'Powercolor'),(136,'PQI'),(137,'Prestigio'),(138,'SanDisc'),(139,'Sapphire'),(140,'Seagate'),(141,'Seasonic'),(142,'Secure Digital (SD)'),(143,'Sharp'),(144,'SiliconPower'),(145,'Sony'),(146,'STLab'),(147,'Sumdex'),(148,'Sven'),(149,'Targus'),(150,'Tenda'),(151,'Toshiba'),(152,'TP-Link'),(153,'Transcend'),(154,'Trendnet'),(155,'Trust'),(156,'Tucano'),(157,'Vanguard'),(158,'Viewsonic'),(159,'Vitek'),(160,'WD'),(161,'WWM'),(162,'X-Digital'),(163,'Xerox'),(164,'Yuandao'),(165,'Zalman'),(166,'Zotac'),(167,'ZTE'),(168,'Zyxel'),(169,'Viatek'),(170,'AVTech'),(171,'Vision Hi-Tech'),(172,'DAEWOO'),(173,'Nord'),(174,'PROFYCOOL'),(175,'SNAIGE'),(176,'SWIZER');
/*!40000 ALTER TABLE `Brand` ENABLE KEYS */;
UNLOCK TABLES;

--
-- Table structure for table `Cart`
--

DROP TABLE IF EXISTS `Cart`;
/*!40101 SET @saved_cs_client     = @@character_set_client */;
/*!40101 SET character_set_client = utf8 */;
CREATE TABLE `Cart` (
  `id` int(11) NOT NULL AUTO_INCREMENT,
  PRIMARY KEY (`id`)
) ENGINE=InnoDB AUTO_INCREMENT=147 DEFAULT CHARSET=utf8 COLLATE=utf8_unicode_ci;
/*!40101 SET character_set_client = @saved_cs_client */;

--
-- Dumping data for table `Cart`
--

LOCK TABLES `Cart` WRITE;
/*!40000 ALTER TABLE `Cart` DISABLE KEYS */;
INSERT INTO `Cart` VALUES (1),(2),(3),(4),(5),(6),(7),(8),(9),(10),(11),(12),(13),(14),(15),(16),(17),(18),(19),(20),(21),(22),(23),(24),(25),(26),(27),(28),(29),(30),(31),(32),(33),(34),(35),(36),(37),(38),(39),(40),(41),(42),(43),(44),(45),(46),(47),(48),(49),(50),(51),(52),(53),(54),(55),(56),(57),(58),(59),(60),(61),(62),(63),(64),(65),(66),(67),(68),(69),(70),(71),(72),(73),(74),(75),(76),(77),(78),(79),(80),(81),(82),(83),(84),(85),(86),(87),(88),(89),(90),(91),(92),(93),(94),(95),(96),(97),(98),(99),(100),(101),(102),(103),(104),(105),(106),(107),(108),(109),(110),(111),(112),(113),(114),(115),(116),(117),(118),(119),(120),(121),(122),(123),(124),(125),(126),(127),(128),(129),(130),(131),(132),(133),(134),(135),(136),(137),(138),(139),(140),(141),(142),(143),(144),(145),(146);
/*!40000 ALTER TABLE `Cart` ENABLE KEYS */;
UNLOCK TABLES;

--
-- Table structure for table `CartItem`
--

DROP TABLE IF EXISTS `CartItem`;
/*!40101 SET @saved_cs_client     = @@character_set_client */;
/*!40101 SET character_set_client = utf8 */;
CREATE TABLE `CartItem` (
  `id` int(11) NOT NULL AUTO_INCREMENT,
  `product_id` int(11) NOT NULL,
  `quantity` int(11) NOT NULL,
  PRIMARY KEY (`id`),
  KEY `IDX_3B24E2CF4584665A` (`product_id`),
  CONSTRAINT `FK_3B24E2CF4584665A` FOREIGN KEY (`product_id`) REFERENCES `Product` (`id`)
) ENGINE=InnoDB AUTO_INCREMENT=11 DEFAULT CHARSET=utf8 COLLATE=utf8_unicode_ci;
/*!40101 SET character_set_client = @saved_cs_client */;

--
-- Dumping data for table `CartItem`
--

LOCK TABLES `CartItem` WRITE;
/*!40000 ALTER TABLE `CartItem` DISABLE KEYS */;
INSERT INTO `CartItem` VALUES (5,219,1),(6,219,1),(7,220,1),(8,219,1),(9,283,1);
/*!40000 ALTER TABLE `CartItem` ENABLE KEYS */;
UNLOCK TABLES;

--
-- Table structure for table `Category`
--

DROP TABLE IF EXISTS `Category`;
/*!40101 SET @saved_cs_client     = @@character_set_client */;
/*!40101 SET character_set_client = utf8 */;
CREATE TABLE `Category` (
  `id` int(11) NOT NULL AUTO_INCREMENT,
  `parent_id` int(11) DEFAULT NULL,
  `page_id` int(11) DEFAULT NULL,
  `name` varchar(255) COLLATE utf8_unicode_ci NOT NULL,
  `image` tinytext COLLATE utf8_unicode_ci NOT NULL COMMENT '(DC2Type:rid_image)',
  `hasProducts` tinyint(1) NOT NULL,
  `priority` double NOT NULL,
  PRIMARY KEY (`id`),
  KEY `IDX_FF3A7B97727ACA70` (`parent_id`),
  KEY `IDX_FF3A7B97C4663E4` (`page_id`),
  CONSTRAINT `FK_FF3A7B97727ACA70` FOREIGN KEY (`parent_id`) REFERENCES `Category` (`id`) ON DELETE SET NULL,
  CONSTRAINT `FK_FF3A7B97C4663E4` FOREIGN KEY (`page_id`) REFERENCES `rid_page` (`id`)
) ENGINE=InnoDB AUTO_INCREMENT=812 DEFAULT CHARSET=utf8 COLLATE=utf8_unicode_ci;
/*!40101 SET character_set_client = @saved_cs_client */;

--
-- Dumping data for table `Category`
--

LOCK TABLES `Category` WRITE;
/*!40000 ALTER TABLE `Category` DISABLE KEYS */;
INSERT INTO `Category` VALUES (172,NULL,NULL,'Компьютерная техника','a8293554c401d1332d350364d01817dd12f42a72.jpeg',0,172),(177,183,NULL,'Мелкая бытовая техника','804bf740aeb6b599d499cc42f0607e458e8c9895.jpeg',0,2),(179,183,NULL,'Крупная бытовая техника','225a8b86f2d7b9828b790b4d3efed890e653880d.jpeg',0,1),(183,NULL,NULL,'Бытовая техника','322c0d9d6801db192915491c70f932b351c2d566.jpeg',0,1),(185,NULL,NULL,'Видеонаблюдение','5e91c45bef2b1d17bf09514965c0db10bf6a1e94.jpeg',0,185),(187,NULL,NULL,'Стройматериалы, профнастил','e20be7ac96fe59ec3e31fff79d1d2fcffa61aa5a.jpeg',0,187),(188,NULL,NULL,'Климатическая техника','6bd16de858b56c095ce34ef5130a9d9f075c4b76.jpeg',0,188),(189,183,NULL,'Встраиваемая техника','b76375655fa240c32856c43449069a85e3dfc9d9.jpeg',0,189),(190,NULL,NULL,'Цифровая техника, TV','adf330b8b101f7399e3c51f05d92615c163cf75b.jpeg',0,190),(191,172,NULL,'Офисная техника','bc773c53e8bb4577fda2c823d1d039d5483a1418.png',0,191),(192,172,NULL,'Комплектующие','d9cd0fed1962da1120ff5fa0abf2e03fdb229bf9.jpeg',0,192),(193,188,NULL,'Кондиционеры','e49a6acbfe3b9323091a2b37647fe2dd3fcc2ef0.jpeg',0,193),(194,188,NULL,'Вентиляторы','66b0e2ec04150e329e83e8028429463630907df7.jpeg',0,194),(196,192,NULL,'Процессоры','5198033ebeb3460660736b87609924e98f9852d6.jpeg',0,196),(199,192,NULL,'Охлаждение','d04d72d1ec05814a9bd3700b0fcaafee920ac2dc.jpeg',0,199),(200,192,NULL,'Материнские платы','edff27ce56a4d858d29c6ee8a54de057b3427bc8.jpeg',0,200),(207,192,NULL,'Оперативная память','e123705fdb5f8fe91302edbb8d080547b045db41.jpeg',0,207),(213,192,NULL,'Видеоадаптеры','5d8e3328d666ffeface561a2ffc3a5d0ff9c8321.jpeg',0,213),(227,192,NULL,'Жесткие диски','',0,227),(244,192,NULL,'Твердотельние накопители SSD','e347b5ae352001c18985db74ecc4144887a286b4.jpeg',0,244),(245,192,NULL,'Карманы для HDD','695b6e92989f5bfd417a9a40a68579988c1278a3.jpeg',0,245),(246,192,NULL,'Оптические приводы','9025d96ce70c6c6f24afd13a4988632b1da00a3e.jpeg',0,246),(254,192,NULL,'Корпуса','d8b1366684bf9f32cef3b0d2817532864dfcaa52.jpeg',0,254),(268,811,NULL,'Блоки питания','5e93884d65ee38ae909524c493e19cbbf50ce9eb.jpeg',0,268),(277,172,NULL,'Контроллеры','9ce25c7bce19d04c61dc97918f84142fb150e8cd.jpeg',0,277),(279,277,NULL,'Адаптеры Bluetooth','ae4e280d4dd98de47886380f625f02aff3b19646.jpeg',0,279),(280,277,NULL,'Контроллеры IDE,SATA','e4d8a16ef42e158b48c575eb9c6b235c245b9ae6.jpeg',0,280),(281,277,NULL,'Контроллеры USB,COM,LPT,1394 и прочие','28b00173c6c244cd5a9f2490002184c5be93543a.jpeg',0,281),(282,172,NULL,'Компьютерная периферия','a29165fd66f7ca1e62c3a4d025350481fdfd3af7.jpeg',0,282),(284,282,NULL,'Кабельная продукция','9295998f07935bf7b5541498ee76d3ef63b3c7f8.jpeg',0,284),(286,284,NULL,'Кабели Firewire (1394)','10ebdd3cc1083f6f51a855d64ebcb2fd8da020a3.jpeg',0,286),(287,284,NULL,'Кабели USB','0e4d34712886afc199d8b5465b5b9f60dc79d7ab.jpeg',0,287),(288,284,NULL,'Кабели аудио','02f857288fad85be0719797c47764d0ac2a91bc1.jpeg',0,288),(289,284,NULL,'Кабели компьютерные','c4951a165bafbb63a9a503ed7c0b083a8555428d.jpeg',0,289),(290,284,NULL,'Кабели компьютерные внутренние','202d0ec7be00f9ec1a56af3c272ec11bc82217c1.jpeg',0,290),(291,284,NULL,'Кабели сетевые (питания)','83c898db162e5610c8a04283d37c50f101467a54.jpeg',0,291),(292,284,NULL,'Кабели сигнальные (видео)','603a2587a8f82dfe156f73d976ed569f3043c729.jpeg',0,292),(294,282,NULL,'Сканеры','d9ebc148223752e5fb63ebb72dd5794496754441.jpeg',0,294),(295,282,NULL,'Сканеры шрих-кода','a1ab53fc775b9c19a849167059b83171a8284116.jpeg',0,295),(296,282,NULL,'Фильтр-удлинители','4ce336139cd6338814f2073fd34e146f40c96b95.jpeg',0,296),(297,282,NULL,'Клавиатуры','276e02ce64b1fa5413fa1bc9180d7473b5bae18c.jpeg',0,297),(308,282,NULL,'Мышки и коврики','c1740c6581d7c0fc4421bffb1bcb15c03443c2ea.jpeg',0,308),(309,308,NULL,'Коврики к мышкам','',0,309),(326,565,NULL,'Геймпады','',0,326),(327,565,NULL,'Графические планшеты','',0,327),(328,763,NULL,'Джойстики','',0,328),(330,565,NULL,'Рули','',0,330),(331,172,NULL,'Мониторы','12efcb25b9337f1f8905c6c236ea1ec5a9051e3c.jpeg',0,3),(343,282,NULL,'Принтеры, МФУ, СНПЧ','503baad9c91013e84bf54d246ba0e5be8e28e1d2.jpeg',0,343),(344,343,NULL,'СНПЧ','',0,344),(345,343,NULL,'Запчасти к принтерам','',0,345),(346,343,NULL,'МФУ лазерные','',0,346),(347,343,NULL,'МФУ струйные','',0,347),(348,343,NULL,'Принтера лазерные','',0,348),(349,343,NULL,'Принтера матричные','',0,349),(350,343,NULL,'Принтера струйные','',0,350),(354,343,NULL,'ЗИП для СНПЧ','',0,354),(356,343,NULL,'Специализированные принтера','',0,356),(357,343,NULL,'Широкоформатные струйные','',0,357),(370,811,NULL,'Стабилизаторы и инверторы','',0,370),(371,172,NULL,'Мультимедиа','b461de3ec347d9edccb3438d8c87eab590f446d6.jpeg',0,371),(373,371,NULL,'Акустические системы','52aaac260dd8ecfa82524feae24e7e43baa53ccc.jpeg',0,373),(392,565,NULL,'Игровые консоли','ed87f9bccb94a60f6de38ab7a0dc05f1597d22df.jpeg',0,196),(395,371,NULL,'Наушники и микрофоны','c592f94848562d5748fd5dbc46722c3cacd33b5d.jpeg',0,395),(396,190,NULL,'Плееры DVD, HDD, портативные','0c0815243b8497e90f3ca7a4c101718e52ffbb7d.jpeg',0,396),(397,190,NULL,'Стереоочки','48127cd00551d08353bd87b17de8584b43d6d45e.jpeg',0,397),(431,190,NULL,'Проекторы, экраны','c7bd2e055c3d15a81a4220db5305e1258dac01ec.jpeg',0,431),(443,192,NULL,'Звуковые платы','',0,443),(444,172,NULL,'Флешпамять, MP3плееры, кардридеры','f9d533f512b1b0be6616a22ccc2563c851e9e333.jpeg',0,444),(445,277,NULL,'Кардридеры','beb6807c911943722a99d14d02f0bbc5999a9289.jpeg',0,445),(446,457,NULL,'Карты памяти','694de08e2ae648066e8c2e9bdb3adffbc8569451.jpeg',0,446),(447,190,NULL,'Плееры MP3/MP4','53dec842c3a7de76eb4c66799c8a6b87c6cbb712.jpeg',0,447),(457,444,NULL,'Флешпамять','dd99b75d6200fa0cdfc33df9bf2c29876c7a7631.jpeg',0,457),(467,190,NULL,'Фото и видеокамеры, диктофоны','941f359a19a9dfb77b0796a3147a895fb8df76f1.jpeg',0,467),(470,478,NULL,'Бленды и крышки объективов','',0,470),(471,478,NULL,'Вспышки','',0,471),(473,478,NULL,'Объективы','',0,473),(478,467,NULL,'Аксессуары к фотокамерам','96dba24fb28e7990c758a85f1162126e8d5cc270.jpeg',0,478),(479,478,NULL,'Штативы','',0,479),(481,478,NULL,'Сумки для фото и видеокамер','',0,481),(488,467,NULL,'Видеокамеры','7f7d8bfd24b1cf155f6cb0962b914d84fcd2e36c.jpeg',0,488),(489,467,NULL,'Диктофоны','b9297d346ce7ee7bbeb2dc84a5e708fc1b7659bf.jpeg',0,489),(490,467,NULL,'Фотокамеры','146727ca503c1a873d15cb3670d37fb9ba223b1a.jpeg',0,490),(498,190,NULL,'Телекоммуникации','c4a4005ac61bedcf7e9300a0961151c6aae07a46.jpeg',0,498),(501,172,NULL,'Компьютеры','0e412ff58cc74fbde7301e16007bf539fccef43b.jpeg',0,1),(502,172,NULL,'Расходные материалы','03e9f1b6ecc9dcb791e37fbe4abb6d793577d625.jpeg',0,502),(503,498,NULL,'Мобильные телефоны','ff5e13efcc32dd62479bc85be93ed5eb92c3e363.jpeg',0,503),(504,498,NULL,'МиниАТС','0109ce5197338234b116fdfa6bdcbaa3dd8d2453.jpeg',0,504),(505,498,NULL,'Модемы','d804aad42b896e1c6f5eb08834ac85a36769cc17.jpeg',0,505),(506,172,NULL,'Сетевое оборудование','b51d5ee50e7c63afdf18addd3665741efc7cbc81.jpeg',0,506),(515,506,NULL,'Стяжки, скобы','',0,515),(517,506,NULL,'Антенны','',0,517),(518,185,NULL,'Камеры IP','b679093b3c820744ca20c6a40df8322f6e95d83c.jpeg',0,518),(519,506,NULL,'Маршрутизаторы','',0,519),(528,506,NULL,'Медиаконвертеры','',0,528),(529,506,NULL,'Свичи','',0,529),(540,506,NULL,'Сетевые карты','',0,540),(541,506,NULL,'Телефоны IP','',0,541),(542,506,NULL,'Точки доступа','',0,542),(544,506,NULL,'Розетки','',0,544),(545,506,NULL,'Патч-корды','',0,545),(546,506,NULL,'Коннекторы','',0,546),(560,185,NULL,'Камеры видеонаблюдения','ca1b93f43066f88ee3080e1631b3629785ddc3a8.jpeg',0,560),(561,185,NULL,'Видеорегистраторы','91b703edf3e5ea8d367a53e8cae9be4d50f1b9e9.jpeg',0,1),(562,191,NULL,'Рации','06ff4e442ff1374ab03dd481c079934052a9bc47.jpeg',0,562),(563,191,NULL,'Телефоны','03d0c0b72a1acd8666b82561cdb061e1799c122a.jpeg',0,563),(564,191,NULL,'Факсы','a1e9cb2801c69e8cc6cc6b02053d2a7ee33b37e7.jpeg',0,564),(565,172,NULL,'КПК Ноутбуки Планшеты','87718b596f27a6bb98903bb47b123a627b6589f3.jpeg',0,2),(566,565,NULL,'Ноутбуки','10c32385e08c18f63aa0430faed952ac03bba0e4.jpeg',0,566),(574,502,NULL,'Чипы для ноутбуков','fba97c457950697119c222902eae9c6925d8e976.jpeg',0,574),(575,566,NULL,'Аксесуары для ноутбуков','cc6500145d890ebc842afe37129247b946dc3f85.jpeg',0,575),(583,565,NULL,'Планшеты','8ed962a00d24d38daadf64d5ed7a9cb74225dd36.jpeg',0,583),(596,583,NULL,'Аксесуары для планшетов','86d31c901a084266cc2cbf05a5ffce371730cbb0.jpeg',0,596),(598,565,NULL,'Электронные книги','35733800d085fcf8dd26a18e2a41a246b0b01aca.jpeg',0,598),(599,565,NULL,'Сумки, чехлы, рюкзаки для ноутбуков и планшетов','cfb749ca721bf1399f547859c4c105ca3a760537.jpeg',0,599),(621,502,NULL,'Бумага','4bf37898eb3c9cbec2aa1d22cef391ae7ca405ba.jpeg',0,621),(625,501,NULL,'Серверы','5043613e68628031aff25a95a5cb3f7d00fe671e.jpeg',0,625),(627,502,NULL,'Фотобумага рулонная','1022e2920a7a9d8f01c7349b74d345518451f838.jpeg',0,627),(632,502,NULL,'Факс-бумага','f9ffca57357f2ce57aa9c5ce7b3580a6d69f6780.jpeg',0,632),(642,502,NULL,'Диски','f41371105e15e533aecfc1a771cd6f2dee71938b.jpeg',0,642),(643,502,NULL,'Картриджи','3a5580b86ecf5917583084dfdf665997575d19e7.jpeg',0,643),(644,643,NULL,'Картриджи лазерные','08f7728751e4b107b9a9cf93350cd9431e30bbbf.jpeg',0,644),(645,644,NULL,'Неоригинальные','303efd155431f7d6b3490491be2f869e37a3a4e0.jpeg',0,645),(646,644,NULL,'Оригинальные','4e12351769d3cd5a00340f67db9cfe80ac728db3.jpeg',0,646),(656,643,NULL,'Картриджи матричные','d1a486eb898e53b9a0e8c0d3b49a65d8b57d98b7.jpeg',0,656),(657,643,NULL,'Картриджи струйные','48bbd9afc75bb47340270bd3c590aa8c51fe49a1.jpeg',0,657),(660,643,NULL,'Печатающие головки','bb573326466aefb14297ab0f0061cfa54a5c073a.jpeg',0,660),(661,643,NULL,'Лезвия для чистки, дозирования','b36bebf59a6ce061275d1b9683c7f06d45c14e04.jpeg',0,661),(662,643,NULL,'Комплектующие к картриджам','5de0e9a0da058919fff8286962fb43c2cf59482e.jpeg',0,662),(669,643,NULL,'Ленты','15761c5d58f15ecf78d87c08416120bf48a31e26.jpeg',0,669),(670,643,NULL,'Термопленки','a9eb128659adcab805ebb855fcf6ad6aaa58658b.jpeg',0,670),(671,502,NULL,'Чипы','f3915ae58f8b0e3f9809b545dee3f011d82a779c.jpeg',0,671),(676,502,NULL,'Пленка для ламинирования','cdd11d8b4dd0b81ebf771a6c122a78b18f9eda4d.jpeg',0,676),(677,502,NULL,'Чернила','c9964927525fdc4a117faec81b0a2653d1880ce3.jpeg',0,677),(678,502,NULL,'Чистящие средства','b61ec506cda49d5e6620629cf2599f643b9b57df.jpeg',0,678),(686,502,NULL,'Тонер','b055763d96505ccb3869ec839b1f0ed27c292a26.jpeg',0,686),(693,190,NULL,'Домашние кинотеатры, музыкальные центры, магнитолы','78cfb92d4fe015d82f2f609e6f31164eb24ee6df.jpeg',0,693),(699,188,NULL,'Водонагреватели','4baf594a80f92f52f685d9db7712ea9473841d84.jpeg',0,699),(700,179,NULL,'Микроволновые печи','0acce59f25a61d28f1e7016f993520b31cb55853.jpeg',0,700),(708,179,NULL,'Плиты','e08a55ab5842c86b0c57514f6ebaa19c891089e0.jpeg',0,3),(713,179,NULL,'Посудомоечные машины','90a4aa347206ece84f7a81f1185260cc2ff6e637.jpeg',0,4),(714,179,NULL,'Стиральные и сушильные машины','d63203209ca6b8b090143efa8c024886494866d6.jpeg',0,2),(715,179,NULL,'Пылесосы','cf8dfbc7954a806f119995ced759134a3477437c.jpeg',0,715),(722,179,NULL,'Холодильники и морозильные камеры','874bdd97a28679d4bd6f334e1c93a03b04a65a1e.jpeg',0,1),(728,177,NULL,'Блендеры, миксеры','48582cae0afe65fa7cddc918208d995691adfc0a.jpeg',0,728),(729,177,NULL,'Блинницы, сэндвичницы и бутербродницы','0102ad69ec05e7fe1c769c1b648ce2f200089c3c.jpeg',0,729),(731,177,NULL,'Весы','af0388adfc32bb21f851d555f18665936d22568b.jpeg',0,731),(732,177,NULL,'Йогуртницы и мороженицы','7e74822989c9146224b04a41e153a96a32df4f3f.jpeg',0,732),(733,177,NULL,'Кофеварки','4537a5ab933e12606d4bb96488042d6f73b317ce.jpeg',0,733),(734,177,NULL,'Кофемолки','429c8b17ba4d2c23d9829ae42ff27c4c1f3d320b.jpeg',0,734),(735,177,NULL,'Кухонные комбайны','002d07702a17236eb4ba8a27c0ea946f035f7449.jpeg',0,735),(736,177,NULL,'Машинки для стрижки и триммеры','f3e0aced0bf5c5a4d05082fd55921696d6674e4f.jpeg',0,736),(738,177,NULL,'Мясорубки','fe70a4c9db4ca05651901a806ecdb07f169e6d8a.jpeg',0,738),(739,177,NULL,'Пароварки, мультиварки','82ec2e67ed0ae949d4a9373048c7fa87129f4977.jpeg',0,739),(741,177,NULL,'Соковыжималки','75ca6260580de14f97a5b7b68811940a5653f6b8.jpeg',0,741),(742,177,NULL,'Утюги','80e6b9e35936e2326a5df08ebd8ece75b8b43c97.jpeg',0,742),(743,177,NULL,'Фены,стайлеры,щипцы, плойки','a0f5210c8f650a288c2bce67c819290f2e98ff07.jpeg',0,743),(745,177,NULL,'Фритюрницы','edda3fd365d1d8c040a7d96caae59b3c722d5094.jpeg',0,745),(746,177,NULL,'Хлебопечки','0d4c736caef7a72335d64039c5df7e58e3435556.jpeg',0,746),(747,177,NULL,'Электробритвы','0071a684ebb1a02e7b1a362612821c7c5a5f7aeb.jpeg',0,747),(748,177,NULL,'Электрочайники','65ef99885b05a668eb14c49cd88fb647b7dc5a4f.png',0,748),(749,177,NULL,'Эпиляторы','aa3fcd7f95c153d1552983b57c21b461fe3ea38c.jpeg',0,749),(763,503,NULL,'Запчасти для телефонов','',0,763),(764,503,NULL,'Гарнитуры','',0,764),(768,763,NULL,'Громкоговорители','',0,768),(770,763,NULL,'Динамики','',0,770),(771,763,NULL,'Дисплеи','',0,771),(775,763,NULL,'Кнопки','',0,775),(782,763,NULL,'Среднии части телефонов','',0,782),(783,763,NULL,'Стекло','',0,783),(784,763,NULL,'Стилусы','',0,784),(786,763,NULL,'Шлейфы','',0,786),(799,503,NULL,'Чехлы, сумки','',0,799),(801,190,NULL,'Телевизоры','2650c80f99a0c91615ec4d94f87a38d0975f70bd.jpeg',0,1),(805,189,NULL,'Варочные поверхности','9298d736758f813629df2daa0bf4266954762dc4.jpeg',0,50),(806,189,NULL,'Духовки','ec15596d00e4ca875c4e970c2f2767279c3d315e.jpeg',0,51),(807,189,NULL,'Вытяжки','46b4ce218f7df4cabdcf95a58f41db7ea69a3993.jpeg',0,52),(808,502,NULL,'Фотобарабаны, валы','',0,3),(809,501,NULL,'Персональные компьютеры','a5f205358cf415d443e3bcdb16834cd6835c1005.jpeg',0,0),(811,282,NULL,'ИБП, блоки питания, зарядки','',0,0);
/*!40000 ALTER TABLE `Category` ENABLE KEYS */;
UNLOCK TABLES;

--
-- Table structure for table `Mention`
--

DROP TABLE IF EXISTS `Mention`;
/*!40101 SET @saved_cs_client     = @@character_set_client */;
/*!40101 SET character_set_client = utf8 */;
CREATE TABLE `Mention` (
  `id` int(11) NOT NULL AUTO_INCREMENT,
  `user_id` int(11) DEFAULT NULL,
  `fio` varchar(255) COLLATE utf8_unicode_ci NOT NULL,
  `email` varchar(255) COLLATE utf8_unicode_ci DEFAULT NULL,
  `comments` varchar(255) COLLATE utf8_unicode_ci NOT NULL,
  `createdAt` datetime NOT NULL,
  `product_id` int(11) NOT NULL,
  PRIMARY KEY (`id`),
  KEY `IDX_2DBF6051A76ED395` (`user_id`),
  KEY `IDX_2DBF60514584665A` (`product_id`),
  CONSTRAINT `FK_2DBF60514584665A` FOREIGN KEY (`product_id`) REFERENCES `Product` (`id`),
  CONSTRAINT `FK_2DBF6051A76ED395` FOREIGN KEY (`user_id`) REFERENCES `fos_user` (`id`)
) ENGINE=InnoDB AUTO_INCREMENT=2 DEFAULT CHARSET=utf8 COLLATE=utf8_unicode_ci;
/*!40101 SET character_set_client = @saved_cs_client */;

--
-- Dumping data for table `Mention`
--

LOCK TABLES `Mention` WRITE;
/*!40000 ALTER TABLE `Mention` DISABLE KEYS */;
/*!40000 ALTER TABLE `Mention` ENABLE KEYS */;
UNLOCK TABLES;

--
-- Table structure for table `Product`
--

DROP TABLE IF EXISTS `Product`;
/*!40101 SET @saved_cs_client     = @@character_set_client */;
/*!40101 SET character_set_client = utf8 */;
CREATE TABLE `Product` (
  `id` int(11) NOT NULL AUTO_INCREMENT,
  `category_id` int(11) DEFAULT NULL,
  `brand_id` int(11) DEFAULT NULL,
  `name` varchar(255) COLLATE utf8_unicode_ci NOT NULL,
  `guaranty` int(11) DEFAULT NULL,
  `info` varchar(255) COLLATE utf8_unicode_ci DEFAULT NULL,
  `description` longtext COLLATE utf8_unicode_ci,
  `descriptionFormatter` varchar(50) COLLATE utf8_unicode_ci NOT NULL,
  `price` double NOT NULL,
  `code` int(11) NOT NULL,
  `isPresent` tinyint(1) DEFAULT NULL,
  `image` tinytext COLLATE utf8_unicode_ci NOT NULL COMMENT '(DC2Type:rid_image)',
  `image2` tinytext COLLATE utf8_unicode_ci NOT NULL COMMENT '(DC2Type:rid_image)',
  `image3` tinytext COLLATE utf8_unicode_ci NOT NULL COMMENT '(DC2Type:rid_image)',
  `image4` tinytext COLLATE utf8_unicode_ci NOT NULL COMMENT '(DC2Type:rid_image)',
  PRIMARY KEY (`id`),
  KEY `IDX_1CF73D3112469DE2` (`category_id`),
  KEY `IDX_1CF73D3144F5D008` (`brand_id`),
  CONSTRAINT `FK_1CF73D3144F5D008` FOREIGN KEY (`brand_id`) REFERENCES `Brand` (`id`) ON DELETE SET NULL,
  CONSTRAINT `FK_1CF73D3112469DE2` FOREIGN KEY (`category_id`) REFERENCES `Category` (`id`)
) ENGINE=InnoDB AUTO_INCREMENT=712 DEFAULT CHARSET=utf8 COLLATE=utf8_unicode_ci;
/*!40101 SET character_set_client = @saved_cs_client */;

--
-- Dumping data for table `Product`
--

LOCK TABLES `Product` WRITE;
/*!40000 ALTER TABLE `Product` DISABLE KEYS */;
INSERT INTO `Product` VALUES (219,801,3,'LG 32LA620S',12,'ЖК-телевизор, LED-подсветка диагональ 32\" (81 см) поддержка 3D-изображения поддержка 1080p Full HD разрешение 1920x1080 (16:9) доступ в интернет (Smart TV) просмотр видео с USB-накопителей','<p>ЖК-телевизор, LED-подсветка диагональ 32&quot; (81 см) поддержка 3D-изображения поддержка 1080p Full HD разрешение 1920x1080 (16:9) доступ в интернет (Smart TV) просмотр видео с USB-накопителей</p>','richhtml',4900,123456,1,'c59aee12ba5156bfd7bd8e7afc6e7da7fec05286.jpeg','','',''),(220,801,3,'LG 32LM620S',12,'ЖК-телевизор, LED-подсветка диагональ 32\" (81 см) поддержка 3D-изображения поддержка 1080p Full HD разрешение 1920x1080 (16:9) доступ в интернет (Smart TV) просмотр видео с USB-накопителей','<p>ЖК-телевизор, LED-подсветка диагональ 32&quot; (81 см) поддержка 3D-изображения поддержка 1080p Full HD разрешение 1920x1080 (16:9) доступ в интернет (Smart TV) просмотр видео с USB-накопителей</p>','richhtml',4800,123457,1,'5ec8f3e238e937ff28cb6ba75bc9cc9347b3b8c8.jpeg','','',''),(221,801,3,'LG 32LN540B',12,'ЖК-телевизор, LED-подсветка диагональ 32\" (81 см) поддержка 720p HD разрешение 1366x768 (16:9) просмотр видео с USB-накопителей три HDMI-входа','<p>ЖК-телевизор, LED-подсветка диагональ 32&quot; (81 см) поддержка 720p HD разрешение 1366x768 (16:9) просмотр видео с USB-накопителей три HDMI-входа</p>','richhtml',3150,123458,1,'836526f147b45ce3fc0bb37e8374fb7e2d7d0907.jpeg','','',''),(222,801,3,'LG 42LA620S',12,'ЖК-телевизор, LED-подсветка диагональ 42\" (107 см) поддержка 3D-изображения поддержка 1080p Full HD разрешение 1920x1080 (16:9) доступ в интернет (Smart TV) просмотр видео с USB-накопителей','<p>ЖК-телевизор, LED-подсветка диагональ 42&quot; (107 см) поддержка 3D-изображения поддержка 1080p Full HD разрешение 1920x1080 (16:9) доступ в интернет (Smart TV) просмотр видео с USB-накопителей</p>','richhtml',5900,123459,1,'831919e041857193991916db649b0e023dfb586c.jpeg','','',''),(223,801,3,'LG 42LA640S',12,'ЖК-телевизор, LED-подсветка диагональ 42\" (107 см) поддержка 3D-изображения поддержка 1080p Full HD разрешение 1920x1080 (16:9) доступ в интернет (Smart TV) просмотр видео с USB-накопителей','<p>ЖК-телевизор, LED-подсветка диагональ 42&quot; (107 см) поддержка 3D-изображения поддержка 1080p Full HD разрешение 1920x1080 (16:9) доступ в интернет (Smart TV) просмотр видео с USB-накопителей</p>','richhtml',7230,123460,1,'a7ae6a29a4809036a432628c3743e48f523c5c7c.jpeg','','',''),(224,801,3,'LG 42LA641S',12,'ЖК-телевизор, LED-подсветка диагональ 42\" (107 см), матрица TFT IPS поддержка 3D-изображения поддержка 1080p Full HD разрешение 1920x1080 (16:9) доступ в  интернет (Smart TV) просмотр видео с USB-накопителей','<p>ЖК-телевизор, LED-подсветка диагональ 42&quot; (107 см), матрица TFT IPS поддержка 3D-изображения поддержка 1080p Full HD разрешение 1920x1080 (16:9) доступ в интернет (Smart TV) просмотр видео с USB-накопителей</p>','richhtml',6260,123461,1,'bf146af5f8f388f81e1990f4cae936988d314176.jpeg','','',''),(225,801,3,'LG 42LA660S',12,'ЖК-телевизор, LED-подсветка диагональ 42\" (107 см) поддержка 3D-изображения поддержка 1080p Full HD разрешение 1920x1080 (16:9) доступ в интернет (Smart TV) просмотр видео с USB-накопителей','<p>ЖК-телевизор, LED-подсветка диагональ 42&quot; (107 см) поддержка 3D-изображения поддержка 1080p Full HD разрешение 1920x1080 (16:9) доступ в интернет (Smart TV) просмотр видео с USB-накопителей</p>','richhtml',7280,123462,1,'33d614ea858cc07c4dc0a6e05f3c246753760717.jpeg','','',''),(226,801,3,'LG 42LA691S',12,'ЖК-телевизор, LED-подсветка диагональ 42\" (107 см) поддержка 3D-изображения поддержка 1080p Full HD разрешение 1920x1080 (16:9) доступ в интернет (Smart TV) просмотр видео с USB-накопителей','<p>ЖК-телевизор, LED-подсветка диагональ 42&quot; (107 см) поддержка 3D-изображения поддержка 1080p Full HD разрешение 1920x1080 (16:9) доступ в интернет (Smart TV) просмотр видео с USB-накопителей</p>','richhtml',8500,123463,1,'8494cb675933152daf4741af74bc8f12b7e962b6.jpeg','','',''),(227,801,3,'LG 42LM620S',12,'ЖК-телевизор, LED-подсветка диагональ 42\" (107 см) поддержка 3D-изображения поддержка 1080p Full HD разрешение 1920x1080 (16:9) доступ в интернет (Smart TV) просмотр видео с USB-накопителей','<p>ЖК-телевизор, LED-подсветка диагональ 42&quot; (107 см) поддержка 3D-изображения поддержка 1080p Full HD разрешение 1920x1080 (16:9) доступ в интернет (Smart TV) просмотр видео с USB-накопителей</p>','richhtml',6000,123464,1,'81406bcddc429b7b602d5b06c5675d94201aa993.jpeg','','',''),(228,801,3,'LG 42LM660S',12,'ЖК-телевизор, LED-подсветка диагональ 42\" (107 см) поддержка 3D-изображения поддержка 1080p Full HD разрешение 1920x1080 (16:9) доступ в интернет (Smart TV) просмотр видео с USB-накопителей','<p>ЖК-телевизор, LED-подсветка диагональ 42&quot; (107 см) поддержка 3D-изображения поддержка 1080p Full HD разрешение 1920x1080 (16:9) доступ в интернет (Smart TV) просмотр видео с USB-накопителей</p>','richhtml',6920,123465,1,'9814125be782e1c6000e0ec1b6c29cfc7f2a09f2.jpeg','','',''),(229,801,3,'LG 42LN5400',12,'ЖК-телевизор, LED-подсветка диагональ 42\" (107 см) поддержка 1080p Full HD разрешение 1920x1080 (16:9) три HDMI-входа','<p>ЖК-телевизор, LED-подсветка диагональ 42&quot; (107 см) поддержка 1080p Full HD разрешение 1920x1080 (16:9) три HDMI-входа</p>','richhtml',4700,123466,1,'387e5b36a32662b7b9cd29cd4fb3d5a34c728f2d.jpeg','','',''),(230,801,3,'LG 42LN570S',12,'ЖК-телевизор, LED-подсветка диагональ 42\" (107 см) поддержка 1080p Full HD разрешение 1920x1080 (16:9) доступ в интернет (Smart TV) просмотр видео с USB- накопителей подключение к проводной локальной сети','<p>ЖК-телевизор, LED-подсветка диагональ 42&quot; (107 см) поддержка 1080p Full HD разрешение 1920x1080 (16:9) доступ в интернет (Smart TV) просмотр видео с USB- накопителей подключение к проводной локальной сети</p>','richhtml',5000,123467,1,'ce87ec5c9aeb0c9e5044c502d4d0626b79115241.jpeg','','',''),(231,801,3,'LG 42PN450B',12,'плазменная панель диагональ 42\" (107 см) поддержка 720p HD разрешение 1024x768 (16:9) просмотр видео с USB-накопителей два HDMI-входа','<p>плазменная панель диагональ 42&quot; (107 см) поддержка 720p HD разрешение 1024x768 (16:9) просмотр видео с USB-накопителей два HDMI-входа</p>','richhtml',3900,123468,1,'65050b76b2aeac017f6a31f940a4ba7f0155e53f.jpeg','','',''),(233,801,3,'LG 47LA660S',12,'ЖК-телевизор, LED-подсветка диагональ 47\" (119 см) поддержка 3D-изображения поддержка 1080p Full HD разрешение 1920x1080 (16:9) доступ в интернет (Smart TV) просмотр видео с USB-накопителей','<p>ЖК-телевизор, LED-подсветка диагональ 47&quot; (119 см) поддержка 3D-изображения поддержка 1080p Full HD разрешение 1920x1080 (16:9) доступ в интернет (Smart TV) просмотр видео с USB-накопителей</p>','richhtml',9220,123470,1,'78c4f502f12fbfb135d8975fbc1dff6fd3740ce1.jpeg','','',''),(234,801,3,'LG 47LA691S',12,'ЖК-телевизор, LED-подсветка диагональ 47\" (119 см) поддержка 3D-изображения поддержка 1080p Full HD разрешение 1920x1080 (16:9) доступ в интернет (Smart TV) просмотр видео с USB-накопителей','<p>ЖК-телевизор, LED-подсветка диагональ 47&quot; (119 см) поддержка 3D-изображения поддержка 1080p Full HD разрешение 1920x1080 (16:9) доступ в интернет (Smart TV) просмотр видео с USB-накопителей</p>','richhtml',9700,123471,1,'4507588367277e34531e1a28f865479234f155d3.jpeg','','',''),(235,801,3,'LG 47LM620S',12,'ЖК-телевизор, LED-подсветка диагональ 47\" (119 см) поддержка 3D-изображения поддержка 1080p Full HD разрешение 1920x1080 (16:9) доступ в интернет (Smart TV) просмотр видео с USB-накопителей','<p>ЖК-телевизор, LED-подсветка диагональ 47&quot; (119 см) поддержка 3D-изображения поддержка 1080p Full HD разрешение 1920x1080 (16:9) доступ в интернет (Smart TV) просмотр видео с USB-накопителей</p>','richhtml',7500,123472,1,'cdf795cd46731a0a26d6717c6c4f55b45aa6c2a1.jpeg','','',''),(236,801,3,'LG 47LM660S',12,'ЖК-телевизор, LED-подсветка диагональ 47\" (119 см) поддержка 3D-изображения поддержка 1080p Full HD разрешение 1920x1080 (16:9) доступ в интернет (Smart TV) просмотр видео с USB-накопителей','<p>ЖК-телевизор, LED-подсветка диагональ 47&quot; (119 см) поддержка 3D-изображения поддержка 1080p Full HD разрешение 1920x1080 (16:9) доступ в интернет (Smart TV) просмотр видео с USB-накопителей</p>','richhtml',9000,123473,1,'4e275e0f45cae36166c414855e9fc47840f1696e.jpeg','','',''),(237,801,3,'LG 50PN450B',12,'плазменная панель диагональ 50\" (127 см) поддержка 720p HD разрешение 1024x768 (16:9) просмотр видео с USB-накопителей два HDMI-входа','<p>плазменная панель диагональ 50&quot; (127 см) поддержка 720p HD разрешение 1024x768 (16:9) просмотр видео с USB-накопителей два HDMI-входа</p>','richhtml',5500,123474,1,'e4c76557666588f148d97bef9ed0611ffc2c41aa.jpeg','','',''),(238,801,3,'LG 50PN6500',12,'плазменная панель диагональ 50\" (127 см) поддержка 1080p Full HD разрешение 1920x1080 (16:9) просмотр видео с USB-накопителей два HDMI-входа','<p>плазменная панель диагональ 50&quot; (127 см) поддержка 1080p Full HD разрешение 1920x1080 (16:9) просмотр видео с USB-накопителей два HDMI-входа</p>','richhtml',5400,123475,1,'b107ddbac8952b67825a2c7a0624d64362c134ae.jpeg','','',''),(239,801,3,'LG 55LA620S',12,'ЖК-телевизор, LED-подсветка диагональ 55\" (140 см) поддержка 3D-изображения поддержка 1080p Full HD разрешение 1920x1080 (16:9) доступ в интернет (Smart TV) просмотр видео с USB-накопителей','<p>ЖК-телевизор, LED-подсветка диагональ 55&quot; (140 см) поддержка 3D-изображения поддержка 1080p Full HD разрешение 1920x1080 (16:9) доступ в интернет (Smart TV) просмотр видео с USB-накопителей</p>','richhtml',11000,123476,1,'3b9f2b62d1f0f6c23ba78d3687f8e1c357809b25.jpeg','','',''),(240,801,3,'LG 55LA660S',12,'ЖК-телевизор, LED-подсветка диагональ 55\" (140 см) поддержка 3D-изображения поддержка 1080p Full HD разрешение 1920x1080 (16:9) доступ в интернет (Smart TV) просмотр видео с USB-накопителей','<p>ЖК-телевизор, LED-подсветка диагональ 55&quot; (140 см) поддержка 3D-изображения поддержка 1080p Full HD разрешение 1920x1080 (16:9) доступ в интернет (Smart TV) просмотр видео с USB-накопителей</p>','richhtml',13000,123477,1,'ebb01fe68f6ea4b0e24a666bf637a7002a951a52.jpeg','','',''),(241,801,3,'LG 55LA691S',12,'ЖК-телевизор, LED-подсветка диагональ 55\" (140 см) поддержка 3D-изображения поддержка 1080p Full HD разрешение 1920x1080 (16:9) доступ в интернет (Smart TV) просмотр видео с USB-накопителей','<p>ЖК-телевизор, LED-подсветка диагональ 55&quot; (140 см) поддержка 3D-изображения поддержка 1080p Full HD разрешение 1920x1080 (16:9) доступ в интернет (Smart TV) просмотр видео с USB-накопителей</p>','richhtml',13000,123478,1,'0a2b9eee1fa41bae18d7dcee10868d5e966d9ed7.jpeg','','',''),(242,801,3,'LG 47LA620S',12,'ЖК-телевизор, LED-подсветка диагональ 47\" (119 см) поддержка 3D-изображения поддержка 1080p Full HD разрешение 1920x1080 (16:9) доступ в интернет (Smart TV) просмотр видео с USB-накопителей','<p>ЖК-телевизор, LED-подсветка диагональ 47&quot; (119 см) поддержка 3D-изображения поддержка 1080p Full HD разрешение 1920x1080 (16:9) доступ в интернет (Smart TV) просмотр видео с USB-накопителей</p>','richhtml',8000,123479,1,'fdd9bdb7ebb69800211e570800a6bec429b79bef.jpeg','','',''),(243,801,4,'PHILIPS 32PFL3008H',12,'ЖК-телевизор, LED-подсветка диагональ 32\" (81 см) поддержка 720p HD разрешение 1366x768 (16:9) просмотр видео с USB-накопителей два HDMI-входа','<p>ЖК-телевизор, LED-подсветка диагональ 32&quot; (81 см) поддержка 720p HD разрешение 1366x768 (16:9) просмотр видео с USB-накопителей два HDMI-входа</p>','richhtml',3000,123480,1,'0536de0336c1f9f507d357b1f1ab602f3104e0f6.jpeg','','',''),(244,801,4,'PHILIPS 32PFL3258H',12,'ЖК-телевизор, LED-подсветка диагональ 32\" (81 см) поддержка 1080p Full HD разрешение 1920x1080 (16:9) доступ в интернет (Smart TV) просмотр видео с USB- накопителей подключение к проводной локальной сети','<p>ЖК-телевизор, LED-подсветка диагональ 32&quot; (81 см) поддержка 1080p Full HD разрешение 1920x1080 (16:9) доступ в интернет (Smart TV) просмотр видео с USB- накопителей подключение к проводной локальной сети</p>','richhtml',3700,123481,1,'7a78b7e5cc6531f00e3d8d3034fb59b022f3a815.jpeg','','',''),(245,801,4,'PHILIPS 40PFL3008H',12,'ЖК-телевизор, LED-подсветка диагональ 40\" (102 см) поддержка 1080p Full HD разрешение 1920x1080 (16:9) просмотр видео с USB-накопителей два HDMI-входа','<p>ЖК-телевизор, LED-подсветка диагональ 40&quot; (102 см) поддержка 1080p Full HD разрешение 1920x1080 (16:9) просмотр видео с USB-накопителей два HDMI-входа</p>','richhtml',4270,123482,1,'aedcdf7b64330781936eca8dfe5057fba16b65bf.jpeg','','',''),(246,801,4,'PHILIPS 42PFL3108H',12,'ЖК-телевизор, LED-подсветка диагональ 42\" (107 см) поддержка 1080p Full HD разрешение 1920x1080 (16:9) просмотр видео с USB-накопителей два HDMI-входа','<p>ЖК-телевизор, LED-подсветка диагональ 42&quot; (107 см) поддержка 1080p Full HD разрешение 1920x1080 (16:9) просмотр видео с USB-накопителей два HDMI-входа</p>','richhtml',4870,123483,1,'d28b47e939e710bcbba90ebc74739f6da7cac214.jpeg','','',''),(247,801,4,'PHILIPS 42PFL3208H',12,'ЖК-телевизор, LED-подсветка диагональ 42\" (107 см) поддержка 1080p Full HD разрешение 1920x1080 (16:9) доступ в интернет (Smart TV) просмотр видео с USB-накопителей подключение к проводной локальной сети','<p>ЖК-телевизор, LED-подсветка диагональ 42&quot; (107 см) поддержка 1080p Full HD разрешение 1920x1080 (16:9) доступ в интернет (Smart TV) просмотр видео с USB-накопителей подключение к проводной локальной сети</p>','richhtml',4920,123484,1,'31c64ed8dec0da590b8296da30679a26e86c9a0e.jpeg','','',''),(248,801,4,'PHILIPS 42PFL4208H',12,'ЖК-телевизор, LED-подсветка диагональ 42\" (107 см) поддержка 1080p Full HD разрешение 1920x1080 (16:9) доступ в интернет (Smart TV) просмотр видео с USB-накопителей подключение к локальной сети Wi-Fi','<p>ЖК-телевизор, LED-подсветка диагональ 42&quot; (107 см) поддержка 1080p Full HD разрешение 1920x1080 (16:9) доступ в интернет (Smart TV) просмотр видео с USB-накопителей подключение к локальной сети Wi-Fi</p>','richhtml',5400,123485,1,'47031bff10618242b36aab68aa951d45d6314f69.jpeg','','',''),(249,801,5,'SAMSUNG UE22F5000',12,'ЖК-телевизор, LED-подсветка диагональ 22\" (56 см) поддержка 1080p Full HD разрешение 1920x1080 (16:9) прием цифрового телевидения (DVB-T2) просмотр видео с USB-накопителей картинка в картинке','<p>ЖК-телевизор, LED-подсветка диагональ 22&quot; (56 см) поддержка 1080p Full HD разрешение 1920x1080 (16:9) прием цифрового телевидения (DVB-T2) просмотр видео с USB-накопителей картинка в картинке</p>','richhtml',2740,123486,1,'d636ef91626ee4fae2c56b0bee4f5d3fe9a79d33.jpeg','','',''),(251,801,5,'SAMSUNG UE32F4000',12,'ЖК-телевизор, LED-подсветка диагональ 32\" (81 см) поддержка 720p HD разрешение 1366x768 (16:9) просмотр видео с USB-накопителей картинка в картинке два HDMI-входа','<p>ЖК-телевизор, LED-подсветка диагональ 32&quot; (81 см) поддержка 720p HD разрешение 1366x768 (16:9) просмотр видео с USB-накопителей картинка в картинке два HDMI-входа</p>','richhtml',3280,123488,1,'cbd295b63138ef3c6e3e62ca1dc3a027202945ce.jpeg','','',''),(252,801,5,'SAMSUNG UE32F5000',12,'ЖК-телевизор, LED-подсветка диагональ 32\" (81 см) поддержка 1080p Full HD разрешение 1920x1080 (16:9) прием цифрового телевидения (DVB-T2) просмотр видео с USB-накопителей картинка в картинке','<p>ЖК-телевизор, LED-подсветка диагональ 32&quot; (81 см) поддержка 1080p Full HD разрешение 1920x1080 (16:9) прием цифрового телевидения (DVB-T2) просмотр видео с USB-накопителей картинка в картинке</p>','richhtml',3600,123489,1,'2b95049962a6d8225ca30ae76cf63b17851bb05d.jpeg','','',''),(253,801,5,'SAMSUNG UE32F5300',12,'ЖК-телевизор, LED-подсветка диагональ 32\" (81 см) поддержка 1080p Full HD разрешение 1920x1080 (16:9) прием цифрового телевидения (DVB-T2) доступ в интернет (Smart TV) просмотр видео с USB-накопителей','<p>ЖК-телевизор, LED-подсветка диагональ 32&quot; (81 см) поддержка 1080p Full HD разрешение 1920x1080 (16:9) прием цифрового телевидения (DVB-T2) доступ в интернет (Smart TV) просмотр видео с USB-накопителей</p>','richhtml',3970,123490,1,'caa49abb08533aa541c4eec4f8d2a9677fc10654.jpeg','','',''),(254,801,5,'SAMSUNG UE32F5500',12,'ЖК-телевизор, LED-подсветка диагональ 32\" (81 см) поддержка 1080p Full HD разрешение 1920x1080 (16:9) прием цифрового телевидения (DVB-T2) доступ в интернет (Smart TV) просмотр видео с USB-накопителей','<p>ЖК-телевизор, LED-подсветка диагональ 32&quot; (81 см) поддержка 1080p Full HD разрешение 1920x1080 (16:9) прием цифрового телевидения (DVB-T2) доступ в интернет (Smart TV) просмотр видео с USB-накопителей</p>','richhtml',4440,123491,1,'0dbfdc7466c0b320424a3c15f5fcc904f014c577.jpeg','','',''),(255,801,5,'SAMSUNG UE32F6100',12,'ЖК-телевизор, LED-подсветка диагональ 32\" (81 см) поддержка 3D-изображения поддержка 1080p Full HD разрешение 1920x1080 (16:9) прием цифрового телевидения (DVB-T2) просмотр видео с USB-накопителей','<p>ЖК-телевизор, LED-подсветка диагональ 32&quot; (81 см) поддержка 3D-изображения поддержка 1080p Full HD разрешение 1920x1080 (16:9) прием цифрового телевидения (DVB-T2) просмотр видео с USB-накопителей</p>','richhtml',4640,123492,1,'b5c9ec7350b5aac023023bf061620e8cf89aeb66.jpeg','','',''),(256,801,5,'SAMSUNG UE32F6400',12,'ЖК-телевизор, LED-подсветка диагональ 32\" (81 см) поддержка 3D-изображения поддержка 1080p Full HD разрешение 1920x1080 (16:9) прием цифрового телевидения (DVB-T2) доступ в интернет (Smart TV)','<p>ЖК-телевизор, LED-подсветка диагональ 32&quot; (81 см) поддержка 3D-изображения поддержка 1080p Full HD разрешение 1920x1080 (16:9) прием цифрового телевидения (DVB-T2) доступ в интернет (Smart TV)</p>','richhtml',5260,123493,1,'b1a5c86b326f9dec87b8a2dc4bf60ff828da60c3.jpeg','','',''),(258,801,5,'SAMSUNG UE40F6100',12,'ЖК-телевизор, LED-подсветка диагональ 40\" (102 см) поддержка 3D-изображения поддержка 1080p Full HD разрешение 1920x1080 (16:9) прием цифрового телевидения (DVB-T2) просмотр видео с USB-накопителей','<p>ЖК-телевизор, LED-подсветка диагональ 40&quot; (102 см) поддержка 3D-изображения поддержка 1080p Full HD разрешение 1920x1080 (16:9) прием цифрового телевидения (DVB-T2) просмотр видео с USB-накопителей</p>','richhtml',5290,123495,1,'93257759c8c85e6d0091ff30812e8a31e7ac0e0b.jpeg','','',''),(259,801,5,'SAMSUNG UE40F6400',12,'ЖК-телевизор, LED-подсветка диагональ 40\" (102 см) поддержка 3D-изображения поддержка 1080p Full HD разрешение 1920x1080 (16:9) прием цифрового телевидения (DVB-T2) доступ в интернет (Smart TV)','<p>ЖК-телевизор, LED-подсветка диагональ 40&quot; (102 см) поддержка 3D-изображения поддержка 1080p Full HD разрешение 1920x1080 (16:9) прием цифрового телевидения (DVB-T2) доступ в интернет (Smart TV)</p>','richhtml',6180,123496,1,'852de52a1540e3ad4ab588a061616f3b99728c88.jpeg','','',''),(260,801,5,'SAMSUNG UE40F6500',12,'ЖК-телевизор, LED-подсветка диагональ 40\" (102 см) поддержка 3D-изображения поддержка 1080p Full HD разрешение 1920x1080 (16:9) прием цифрового телевидения (DVB-T2) доступ в интернет (Smart TV)','<p>ЖК-телевизор, LED-подсветка диагональ 40&quot; (102 см) поддержка 3D-изображения поддержка 1080p Full HD разрешение 1920x1080 (16:9) прием цифрового телевидения (DVB-T2) доступ в интернет (Smart TV)</p>','richhtml',6760,123497,1,'770d95848287f7bc483e7aa62a013d206a6b7b1c.jpeg','','',''),(261,801,5,'SAMSUNG UE40F6800',12,'ЖК-телевизор, LED-подсветка диагональ 40\" (102 см) поддержка 3D-изображения поддержка 1080p Full HD разрешение 1920x1080 (16:9) прием цифрового телевидения (DVB-T2) доступ в интернет (Smart TV)','<p>ЖК-телевизор, LED-подсветка диагональ 40&quot; (102 см) поддержка 3D-изображения поддержка 1080p Full HD разрешение 1920x1080 (16:9) прием цифрового телевидения (DVB-T2) доступ в интернет (Smart TV)</p>','richhtml',7290,123498,1,'9f5c1fcfa2492d03e37542c9c5c18a2ab9fdc6ec.jpeg','','',''),(262,801,5,'SAMSUNG UE40F7000',12,'ЖК-телевизор, LED-подсветка диагональ 40\" (102 см) поддержка 3D-изображения поддержка 1080p Full HD разрешение 1920x1080 (16:9) прием цифрового телевидения (DVB-T2) доступ в интернет (Smart TV)','<p>ЖК-телевизор, LED-подсветка диагональ 40&quot; (102 см) поддержка 3D-изображения поддержка 1080p Full HD разрешение 1920x1080 (16:9) прием цифрового телевидения (DVB-T2) доступ в интернет (Smart TV)</p>','richhtml',10240,123499,1,'d7c0befc1b9df466fd4bf9fd64b11887a0d05d9a.jpeg','','',''),(263,801,5,'SAMSUNG UE40F8000',12,'ЖК-телевизор, LED-подсветка диагональ 40\" (102 см) поддержка 3D-изображения поддержка 1080p Full HD разрешение 1920x1080 (16:9) прием цифрового телевидения (DVB-T2) доступ в интернет (Smart TV)','<p>ЖК-телевизор, LED-подсветка диагональ 40&quot; (102 см) поддержка 3D-изображения поддержка 1080p Full HD разрешение 1920x1080 (16:9) прием цифрового телевидения (DVB-T2) доступ в интернет (Smart TV)</p>','richhtml',11160,123500,1,'75bb32cfb5561bf7382f5fda133ccf463dbf3809.jpeg','','',''),(264,801,5,'SAMSUNG UE42F5000',12,'ЖК-телевизор, LED-подсветка диагональ 42\" (107 см) поддержка 1080p Full HD разрешение 1920x1080 (16:9) прием цифрового телевидения (DVB-T2) просмотр видео с USB-накопителей картинка в картинке','<p>ЖК-телевизор, LED-подсветка диагональ 42&quot; (107 см) поддержка 1080p Full HD разрешение 1920x1080 (16:9) прием цифрового телевидения (DVB-T2) просмотр видео с USB-накопителей картинка в картинке</p>','richhtml',4840,123501,1,'bf566d5138760c452dc10e29f7ddd892ad2e2752.jpeg','','',''),(265,801,5,'SAMSUNG UE42F5300',12,'ЖК-телевизор, LED-подсветка диагональ 42\" (107 см) поддержка 1080p Full HD разрешение 1920x1080 (16:9) прием цифрового телевидения (DVB-T2) доступ в интернет (Smart TV) просмотр видео с USB-накопителей','<p>ЖК-телевизор, LED-подсветка диагональ 42&quot; (107 см) поддержка 1080p Full HD разрешение 1920x1080 (16:9) прием цифрового телевидения (DVB-T2) доступ в интернет (Smart TV) просмотр видео с USB-накопителей</p>','richhtml',5380,123502,1,'fc894831777ced38481332099d5422a340ec6302.jpeg','','',''),(266,801,5,'SAMSUNG UE42F5500',12,'ЖК-телевизор, LED-подсветка диагональ 42\" (107 см) поддержка 1080p Full HD разрешение 1920x1080 (16:9) прием цифрового телевидения (DVB-T2) доступ в интернет (Smart TV) просмотр видео с USB-накопителей','<p>ЖК-телевизор, LED-подсветка диагональ 42&quot; (107 см) поддержка 1080p Full HD разрешение 1920x1080 (16:9) прием цифрового телевидения (DVB-T2) доступ в интернет (Smart TV) просмотр видео с USB-накопителей</p>','richhtml',5840,123503,1,'2221606ff3f7fff9c3e2795715a7d43b16d82052.jpeg','','',''),(269,801,5,'SAMSUNG UE46F5000',12,'ЖК-телевизор, LED-подсветка диагональ 46\" (117 см) поддержка 1080p Full HD разрешение 1920x1080 (16:9) прием цифрового телевидения (DVB-T2) просмотр видео с USB-накопителей картинка в картинке','<p>ЖК-телевизор, LED-подсветка диагональ 46&quot; (117 см) поддержка 1080p Full HD разрешение 1920x1080 (16:9) прием цифрового телевидения (DVB-T2) просмотр видео с USB-накопителей картинка в картинке</p>','richhtml',6220,123506,1,'7c9b0d8865d82ecf6d9ab1d79f78df94ddd83536.jpeg','','',''),(270,801,5,'SAMSUNG UE46F5300',12,'ЖК-телевизор, LED-подсветка диагональ 46\" (117 см) поддержка 1080p Full HD разрешение 1920x1080 (16:9) прием цифрового телевидения (DVB-T2) доступ в интернет (Smart TV) просмотр видео с USB-накопителей','<p>ЖК-телевизор, LED-подсветка диагональ 46&quot; (117 см) поддержка 1080p Full HD разрешение 1920x1080 (16:9) прием цифрового телевидения (DVB-T2) доступ в интернет (Smart TV) просмотр видео с USB-накопителей</p>','richhtml',6740,123507,1,'9dfc6e4ccafc24237a09293edb240b98a0e0ce8e.jpeg','','',''),(271,801,5,'SAMSUNG UE46F5500',12,'ЖК-телевизор, LED-подсветка диагональ 46\" (117 см) поддержка 1080p Full HD разрешение 1920x1080 (16:9) прием цифрового телевидения (DVB-T2) доступ в интернет (Smart TV) просмотр видео с USB-накопителей','<p>ЖК-телевизор, LED-подсветка диагональ 46&quot; (117 см) поддержка 1080p Full HD разрешение 1920x1080 (16:9) прием цифрового телевидения (DVB-T2) доступ в интернет (Smart TV) просмотр видео с USB-накопителей</p>','richhtml',7080,123508,1,'0b240126ce2b33b114a094fc2297562dd390f905.jpeg','','',''),(272,801,5,'SAMSUNG UE46F6500',12,'ЖК-телевизор, LED-подсветка диагональ 46\" (117 см) поддержка 3D-изображения поддержка 1080p Full HD разрешение 1920x1080 (16:9) прием цифрового телевидения (DVB-T2) доступ в интернет (Smart TV)','<p>ЖК-телевизор, LED-подсветка диагональ 46&quot; (117 см) поддержка 3D-изображения поддержка 1080p Full HD разрешение 1920x1080 (16:9) прием цифрового телевидения (DVB-T2) доступ в интернет (Smart TV)</p>','richhtml',8840,123509,1,'992a29e0f46356dfa934d442732f62968479289a.jpeg','','',''),(273,801,5,'SAMSUNG UE46F7000',12,'ЖК-телевизор, LED-подсветка диагональ 46\" (117 см) поддержка 3D-изображения поддержка 1080p Full HD разрешение 1920x1080 (16:9) прием цифрового телевидения (DVB-T2) доступ в интернет (Smart TV)','<p>ЖК-телевизор, LED-подсветка диагональ 46&quot; (117 см) поддержка 3D-изображения поддержка 1080p Full HD разрешение 1920x1080 (16:9) прием цифрового телевидения (DVB-T2) доступ в интернет (Smart TV)</p>','richhtml',12680,123510,1,'f6bb8593a007eaf5235eb3c580e3074f40dc12f5.jpeg','','',''),(275,801,5,'SAMSUNG UE50F5000',12,'ЖК-телевизор, LED-подсветка диагональ 50\" (127 см) поддержка 1080p Full HD разрешение 1920x1080 (16:9) прием цифрового телевидения (DVB-T2) просмотр видео с USB-накопителей картинка в картинке','<p>ЖК-телевизор, LED-подсветка диагональ 50&quot; (127 см) поддержка 1080p Full HD разрешение 1920x1080 (16:9) прием цифрового телевидения (DVB-T2) просмотр видео с USB-накопителей картинка в картинке</p>','richhtml',8840,123512,1,'5ae5a993b696756e499ac373dfd40e12302b6539.jpeg','','',''),(276,801,5,'SAMSUNG UE50F6100',12,'ЖК-телевизор, LED-подсветка диагональ 50\" (127 см) поддержка 3D-изображения поддержка 1080p Full HD разрешение 1920x1080 (16:9) прием цифрового телевидения (DVB-T2) просмотр видео с USB-накопителей','<p>ЖК-телевизор, LED-подсветка диагональ 50&quot; (127 см) поддержка 3D-изображения поддержка 1080p Full HD разрешение 1920x1080 (16:9) прием цифрового телевидения (DVB-T2) просмотр видео с USB-накопителей</p>','richhtml',9440,123513,1,'50986baf46f71f221d69d6cb6c9bbec9965c2ea5.jpeg','','',''),(277,801,5,'SAMSUNG UE55F6100',12,'ЖК-телевизор, LED-подсветка диагональ 55\" (140 см) поддержка 3D-изображения поддержка 1080p Full HD разрешение 1920x1080 (16:9) прием цифрового телевидения (DVB-T2) просмотр видео с USB-накопителей','<p>ЖК-телевизор, LED-подсветка диагональ 55&quot; (140 см) поддержка 3D-изображения поддержка 1080p Full HD разрешение 1920x1080 (16:9) прием цифрового телевидения (DVB-T2) просмотр видео с USB-накопителей</p>','richhtml',10830,123514,1,'75386b9f98e01b5cbd9423d58fc72fbf0cf06751.jpeg','','',''),(278,801,5,'SAMSUNG UE55F6400',12,'ЖК-телевизор, LED-подсветка диагональ 55\" (140 см) поддержка 3D-изображения поддержка 1080p Full HD разрешение 1920x1080 (16:9) прием цифрового телевидения (DVB-T2) доступ в интернет (Smart TV)','<p>ЖК-телевизор, LED-подсветка диагональ 55&quot; (140 см) поддержка 3D-изображения поддержка 1080p Full HD разрешение 1920x1080 (16:9) прием цифрового телевидения (DVB-T2) доступ в интернет (Smart TV)</p>','richhtml',12090,123515,1,'100d0c27aae1a79bfaea4157a0aaf62c161bb1dc.jpeg','','',''),(279,801,5,'SAMSUNG UE55F6500',12,'ЖК-телевизор, LED-подсветка диагональ 55\" (140 см) поддержка 3D-изображения поддержка 1080p Full HD разрешение 1920x1080 (16:9) прием цифрового телевидения (DVB-T2) доступ в интернет (Smart TV)','<p>ЖК-телевизор, LED-подсветка диагональ 55&quot; (140 см) поддержка 3D-изображения поддержка 1080p Full HD разрешение 1920x1080 (16:9) прием цифрового телевидения (DVB-T2) доступ в интернет (Smart TV)</p>','richhtml',12280,123516,1,'5631d5a60a3b340615c76980587e10845e8a3f69.jpeg','','',''),(280,714,6,'AEG L86560 TL',12,'вертикальная загрузка (до 6 кг), отдельно стоящая, электронное управление, класс стирки A, 1500 oб/мин, отложенный старт, защита от протечек воды, интеллектуальное управление стиркой, стирка шерсти, размеры (ШxГxВ): 40x60x85 см, цвет: белый.','<p>вертикальная загрузка (до 6 кг), отдельно стоящая, электронное управление, класс стирки A, 1500 oб/мин, отложенный старт, защита от протечек воды, интеллектуальное управление стиркой, стирка шерсти, размеры (ШxГxВ): 40x60x85 см, цвет: белый.</p>','richhtml',7086,0,1,'4dc11850d0720f056838cd1ba81bbc826f78142e.jpeg','','',''),(281,714,7,'ARDO TLN126LW',13,'вертикальная загрузка (до 6 кг), отдельно стоящая, электронное управление, класс стирки A, 1200 oб/мин, отложенный старт, защита от протечек воды, интеллектуальное управление стиркой, стирка шерсти, размеры (ШxГxВ): 40x60x90 см, цвет: белый.','<p>вертикальная загрузка (до 6 кг), отдельно стоящая, электронное управление, класс стирки A, 1200 oб/мин, отложенный старт, защита от протечек воды, интеллектуальное управление стиркой, стирка шерсти, размеры (ШxГxВ): 40x60x90 см, цвет: белый.</p>','richhtml',3891,0,1,'7518da1f271d8a209b329c7b350e63a411e48967.jpeg','','',''),(282,714,8,'ATLANT 50C104',14,'Автоматическая стиральная машина с фронтальной загрузкой и электронным управлением. Количество программ стирки - 15. Защита от перепадов напряжения. Электронный контроль дисбаланса. Габариты (ВхШхГ) - 846x596x556 мм. Цвет: белый.','<p>Автоматическая стиральная машина с фронтальной загрузкой и электронным управлением. Количество программ стирки - 15. Защита от перепадов напряжения. Электронный контроль дисбаланса. Габариты (ВхШхГ) - 846x596x556 мм. Цвет: белый.</p>','richhtml',2753,50,1,'b9478c6f39ec08f9cc0f18524c2721c32c66055b.jpeg','','',''),(283,714,8,'ATLANT 50Y88',15,'фронтальная загрузка (до 5 кг), отдельно стоящая, электронное управление, класс стирки A, 800 oб/мин, отложенный старт, защита от протечек воды, интеллектуальное управление стиркой, стирка шерсти, размеры (ШxГxВ): 60x42x85 см, цвет: белый.','<p>фронтальная загрузка (до 5 кг), отдельно стоящая, электронное управление, класс стирки A, 800 oб/мин, отложенный старт, защита от протечек воды, интеллектуальное управление стиркой, стирка шерсти, размеры (ШxГxВ): 60x42x85 см, цвет: белый.</p>','richhtml',2165,50,1,'813a2110e398a5ee8cd5aef3843ec8feb725f4fe.jpeg','','',''),(284,714,8,'ATLANT 60C86',16,'Отжим: 800 об/мин. Вместимость для стирки: 6 кг. Класс энергопотребления: А. Класс стирки: А. Расход электроэнергии за цикл стирки: 1,14 кВт/ч. Габариты (ШхВхГ): 596х846х511 мм. Цвет: белый.Cтрана производитель: Беларусь','<p>Отжим: 800 об/мин. Вместимость для стирки: 6 кг. Класс энергопотребления: А. Класс стирки: А. Расход электроэнергии за цикл стирки: 1,14 кВт/ч. Габариты (ШхВхГ): 596х846х511 мм. Цвет: белый.Cтрана производитель: Беларусь</p>','richhtml',2414,60,1,'3c69fbbac8141fff2053f04073f8b3166e8ad9a7.jpeg','','',''),(285,714,8,'ATLANT 60C88',17,'фронтальная загрузка (до 6 кг), отдельно стоящая, электронное управление, класс стирки A, 800 oб/мин, отложенный старт, защита от протечек воды, интеллектуальное управление стиркой, стирка шерсти, размеры (ШxГxВ): 60x57x85 см, цвет: белый.','<p>фронтальная загрузка (до 6 кг), отдельно стоящая, электронное управление, класс стирки A, 800 oб/мин, отложенный старт, защита от протечек воды, интеллектуальное управление стиркой, стирка шерсти, размеры (ШxГxВ): 60x57x85 см, цвет: белый.</p>','richhtml',2123,60,1,'e71fa3ecfe5fcf9d5468ac16d1f244164bdea05b.jpeg','','',''),(286,714,9,'BEKO WMB60831M',18,'фронтальная загрузка (до 6 кг), отдельно стоящая, электронное управление, класс стирки A, 800 oб/мин, отложенный старт, защита от протечек воды, интеллектуальное управление стиркой, стирка шерсти, размеры (ШxГxВ): 60x54x85 см, цвет: белый.','<p>фронтальная загрузка (до 6 кг), отдельно стоящая, электронное управление, класс стирки A, 800 oб/мин, отложенный старт, защита от протечек воды, интеллектуальное управление стиркой, стирка шерсти, размеры (ШxГxВ): 60x54x85 см, цвет: белый.</p>','richhtml',2354,60831,1,'0197f2fd2804da68a8e102df2bcb3ca7675eb410.jpeg','','',''),(287,714,9,'BEKO WMB81241LMB',19,'фронтальная загрузка (до 8 кг), отдельно стоящая, электронное управление, класс стирки A, 1200 oб/мин, отложенный старт, защита от протечек воды, интеллектуальное управление стиркой, стирка шерсти, размеры (ШxГxВ): 60x54x85 см, цвет: черный.','<p>фронтальная загрузка (до 8 кг), отдельно стоящая, электронное управление, класс стирки A, 1200 oб/мин, отложенный старт, защита от протечек воды, интеллектуальное управление стиркой, стирка шерсти, размеры (ШxГxВ): 60x54x85 см, цвет: черный.</p>','richhtml',3891,81241,1,'0d0d4ac839cebcf0b4567888e4c098af7bc43622.jpeg','','',''),(288,714,9,'BEKO WML51021',20,'фронтальная загрузка (до 5 кг), отдельно стоящая, электронное управление, класс стирки A, 1000 oб/мин, отложенный старт, защита от протечек воды, интеллектуальное управление стиркой, стирка шерсти, размеры (ШxГxВ): 60x45x85 см, цвет: белый.','<p>фронтальная загрузка (до 5 кг), отдельно стоящая, электронное управление, класс стирки A, 1000 oб/мин, отложенный старт, защита от протечек воды, интеллектуальное управление стиркой, стирка шерсти, размеры (ШxГxВ): 60x45x85 см, цвет: белый.</p>','richhtml',2217,0,1,'c57a40a7eac3bfecf199183f1cc7ba341c14b542.jpeg','','',''),(289,714,10,'BOSCH WAB20063',21,'фронтальная загрузка (до 5.5 кг), отдельно стоящая, электронное управление, класс стирки A, 1000 oб/мин, защита от протечек воды, интеллектуальное управление стиркой, стирка шерсти, размеры (ШxГxВ): 60x56x85 см, цвет: белый.','<p>фронтальная загрузка (до 5.5 кг), отдельно стоящая, электронное управление, класс стирки A, 1000 oб/мин, защита от протечек воды, интеллектуальное управление стиркой, стирка шерсти, размеры (ШxГxВ): 60x56x85 см, цвет: белый.</p>','richhtml',3103,0,1,'daa43e0b12db7f28139e1f4834da714438de33cc.jpeg','','',''),(290,714,10,'BOSCH WAE20444OE',22,'фронтальная загрузка (до 7 кг), отдельно стоящая, электронное управление, класс стирки A, 1000 oб/мин, отложенный старт, защита от протечек воды, интеллектуальное управление стиркой, стирка шерсти, размеры (ШxГxВ): 60x59x85 см, цвет: белый.','<p>фронтальная загрузка (до 7 кг), отдельно стоящая, электронное управление, класс стирки A, 1000 oб/мин, отложенный старт, защита от протечек воды, интеллектуальное управление стиркой, стирка шерсти, размеры (ШxГxВ): 60x59x85 см, цвет: белый.</p>','richhtml',6263,20444,1,'fd982e9dc9f1a3547a984678bee72ceb723c7714.jpeg','','',''),(291,714,10,'BOSCH WOT26483OE',23,'вертикальная загрузка (до 6 кг), отдельно стоящая, электронное управление, класс стирки A, 1300 oб/мин, отложенный старт, защита от протечек воды, интеллектуальное управление стиркой, стирка шерсти, размеры (ШxГxВ): 40x62x90 см, цвет: белый.','<p>вертикальная загрузка (до 6 кг), отдельно стоящая, электронное управление, класс стирки A, 1300 oб/мин, отложенный старт, защита от протечек воды, интеллектуальное управление стиркой, стирка шерсти, размеры (ШxГxВ): 40x62x90 см, цвет: белый.</p>','richhtml',6748,26483,1,'315af33d35a2c9f4358cde0b10388ab8ab9612ef.jpeg','','',''),(292,714,10,'BOSCH WTC84102',24,'Цвет белый Мощность (W): 2600 Загрузка: 1 - 7 kg Система сушки DUO-Tronic Класс энергопотребления: B Потребляемая мощность:3,92 кВт Шум 66 дБ (относительно 1 пВт)','<p>Цвет белый Мощность (W): 2600 Загрузка: 1 - 7 kg Система сушки DUO-Tronic Класс энергопотребления: B Потребляемая мощность:3,92 кВт Шум 66 дБ (относительно 1 пВт)</p>','richhtml',5520,0,1,'89c657715a38a15b0b8faf2d4b7b0ca7bd02e844.jpeg','','',''),(293,714,11,'CANDY COS105DF16S',25,'фронтальная загрузка (до 5 кг), отдельно стоящая, электронное управление, класс стирки A, 1000 oб/мин, отложенный старт, защита от протечек воды, интеллектуальное управление стиркой, стирка шерсти, размеры (ШxГxВ): 60x40x85 см, цвет: белый.','<p>фронтальная загрузка (до 5 кг), отдельно стоящая, электронное управление, класс стирки A, 1000 oб/мин, отложенный старт, защита от протечек воды, интеллектуальное управление стиркой, стирка шерсти, размеры (ШxГxВ): 60x40x85 см, цвет: белый.</p>','richhtml',2508,105,1,'b3bbd275dddb285d3399cb5aa6f093a6f6b8625d.jpeg','','',''),(294,714,11,'CANDY EVO1494LW',26,'фронтальная загрузка (до 9 кг), отдельно стоящая, электронное управление, класс стирки A, 1400 oб/мин, отложенный старт, защита от протечек воды, интеллектуальное управление стиркой, стирка шерсти, размеры (ШxГxВ): 60x60x85 см, цвет: белый.','<p>фронтальная загрузка (до 9 кг), отдельно стоящая, электронное управление, класс стирки A, 1400 oб/мин, отложенный старт, защита от протечек воды, интеллектуальное управление стиркой, стирка шерсти, размеры (ШxГxВ): 60x60x85 см, цвет: белый.</p>','richhtml',4166,1494,1,'abda074b051790e00e77ddcdc7763e958ca6f011.jpeg','','',''),(295,714,11,'CANDY GO4106DFL1S',27,'фронтальная загрузка (до 6 кг), отдельно стоящая, электронное управление, класс стирки A, 1000 oб/мин, отложенный старт, защита от протечек воды, интеллектуальное управление стиркой, стирка шерсти, размеры (ШxГxВ): 60x40x85 см, цвет: белый.','<p>фронтальная загрузка (до 6 кг), отдельно стоящая, электронное управление, класс стирки A, 1000 oб/мин, отложенный старт, защита от протечек воды, интеллектуальное управление стиркой, стирка шерсти, размеры (ШxГxВ): 60x40x85 см, цвет: белый.</p>','richhtml',2594,4106,1,'fa68fb41c4fda40fb1560a6a5397cab1d1fba126.jpeg','','',''),(296,714,11,'CANDY GO41272D16S',28,'фронтальная загрузка (до 7 кг), отдельно стоящая, электронное управление, класс стирки A, 1200 oб/мин, отложенный старт, защита от протечек воды, интеллектуальное управление стиркой, стирка шерсти, размеры (ШxГxВ): 60x54x85 см, цвет: белый.','<p>фронтальная загрузка (до 7 кг), отдельно стоящая, электронное управление, класс стирки A, 1200 oб/мин, отложенный старт, защита от протечек воды, интеллектуальное управление стиркой, стирка шерсти, размеры (ШxГxВ): 60x54x85 см, цвет: белый.</p>','richhtml',3179,41272,1,'7492058da7e44291edf296aeaff31bd573245b0c.jpeg','','',''),(297,714,12,'DELFA DDW3208',29,'компактная, отдельно стоящая, на 6 комплектов, класс мойки A, 3 программ, конденсационная сушка, защита от протечек, таймер отсрочки запуска, размеры (ШxГxВ): 55x50x44 см, цвет: белый.','<p>компактная, отдельно стоящая, на 6 комплектов, класс мойки A, 3 программ, конденсационная сушка, защита от протечек, таймер отсрочки запуска, размеры (ШxГxВ): 55x50x44 см, цвет: белый.</p>','richhtml',1477,0,1,'a56cf20fb5890ea94b85e45f2fd7a6b0b3d1b858.jpeg','','',''),(298,714,12,'DELFA DF605',30,'вертикальная загрузка (до 6 кг), активаторная, отдельно стоящая, механическое управление, цвет: белый.','<p>вертикальная загрузка (до 6 кг), активаторная, отдельно стоящая, механическое управление, цвет: белый.</p>','richhtml',977,0,1,'d1994d10a71649668b27a13d282328a1073ffea4.jpeg','','',''),(299,714,12,'DELFA DF606',31,'вертикальная загрузка (до 6 кг), активаторная, отдельно стоящая, механическое управление, цвет: белый.','<p>вертикальная загрузка (до 6 кг), активаторная, отдельно стоящая, механическое управление, цвет: белый.</p>','richhtml',977,0,1,'2a86a70018c4c29b72c3c7f616cae31e9f300ba6.jpeg','','',''),(300,714,13,'ELECTROLUX EWB105205 W',32,'Стиральная машина с вертикальной загрузкой Объем загрузки: 5.5 кг Максимальная скорость отжима: 1000 об/мин Класс энергопотребления A-10% Цвет белый Мощность подключения, Вт 2300 Номинальное напряжение, Вт 230 Предохранители, А 10 Размеры (ВхШхГ), мм 850','<p>Стиральная машина с вертикальной загрузкой Объем загрузки: 5.5 кг Максимальная скорость отжима: 1000 об/мин Класс энергопотребления A-10% Цвет белый Мощность подключения, Вт 2300 Номинальное напряжение, Вт 230 Предохранители, А 10 Размеры (ВхШхГ), мм 850 x 400 x 600</p>','richhtml',3428,105205,1,'4db5b78c745e5afc7ed7f7aa54e98e8ff52e5078.jpeg','','',''),(301,714,13,'ELECTROLUX EWS11277FW',33,'фронтальная загрузка (до 6.5 кг), отдельно стоящая, электронное управление, класс стирки A, 1200 oб/мин, отложенный старт, защита от протечек воды, интеллектуальное управление стиркой, стирка шерсти, размеры (ШxГxВ): 60x45x85 см, цвет: белый.','<p>фронтальная загрузка (до 6.5 кг), отдельно стоящая, электронное управление, класс стирки A, 1200 oб/мин, отложенный старт, защита от протечек воды, интеллектуальное управление стиркой, стирка шерсти, размеры (ШxГxВ): 60x45x85 см, цвет: белый.</p>','richhtml',4867,11277,1,'ebff762376cc1d05b47c2ef4953fd867462d304a.jpeg','','',''),(302,714,13,'ELECTROLUX EWT1066TDW',34,'вертикальная загрузка (до 6 кг), отдельно стоящая, электронное управление, класс стирки A, 1000 oб/мин, отложенный старт, защита от протечек воды, интеллектуальное управление стиркой, стирка шерсти, размеры (ШxГxВ): 40x60x85 см, цвет: белый.','<p>вертикальная загрузка (до 6 кг), отдельно стоящая, электронное управление, класс стирки A, 1000 oб/мин, отложенный старт, защита от протечек воды, интеллектуальное управление стиркой, стирка шерсти, размеры (ШxГxВ): 40x60x85 см, цвет: белый.</p>','richhtml',4199,1066,1,'743344bb188216c782b4b00edbde5c7cf6e0fe3e.jpeg','','',''),(303,714,13,'ELECTROLUX EWX 147410W',35,'фронтальная загрузка (до 7 кг), встраиваемая, электронное управление, класс стирки A, 1400 oб/мин, сушка, отложенный старт, защита от протечек воды, интеллектуальное управление стиркой, стирка шерсти, размеры (ШxГxВ): 60x55x82 см, цвет: белый.','<p>фронтальная загрузка (до 7 кг), встраиваемая, электронное управление, класс стирки A, 1400 oб/мин, сушка, отложенный старт, защита от протечек воды, интеллектуальное управление стиркой, стирка шерсти, размеры (ШxГxВ): 60x55x82 см, цвет: белый.</p>','richhtml',7233,147410,1,'f3f77ba831a239bf276e2508f5f90b200dbbe2e4.jpeg','','',''),(304,714,14,'GORENJE D844BH',36,'Сушильная машина Материал: оцинкованная сталь Загрузка, кг: 8 Материал барабана: нержавеющая сталь Освещение барабана Количество программ: 15 Цифровой дисплейВозможность подключения к сливу Габаритные размеры (в/ш/г), мм: 850/600/600Цвет: белый Вес с/без','<p>Сушильная машина Материал: оцинкованная сталь Загрузка, кг: 8 Материал барабана: нержавеющая сталь Освещение барабана Количество программ: 15 Цифровой дисплейВозможность подключения к сливу Габаритные размеры (в/ш/г), мм: 850/600/600Цвет: белый Вес с/без упаковки, кг: 40/38</p>','richhtml',4834,0,1,'571ff7f4f7a058a0df8012f675a0b4339ef51c3f.jpeg','','',''),(305,714,14,'GORENJE W6202S',37,'фронтальная загрузка (до 6 кг), отдельно стоящая, электронное управление, класс стирки A, 1000 oб/мин, защита от протечек воды, интеллектуальное управление стиркой, стирка шерсти, размеры (ШxГxВ): 60x65x87 см, цвет: белый.','<p>фронтальная загрузка (до 6 кг), отдельно стоящая, электронное управление, класс стирки A, 1000 oб/мин, защита от протечек воды, интеллектуальное управление стиркой, стирка шерсти, размеры (ШxГxВ): 60x65x87 см, цвет: белый.</p>','richhtml',2934,0,1,'9e6e259188a3d67d263f214f983e108e724d8079.jpeg','','',''),(306,714,14,'GORENJE W6222S',38,'фронтальная загрузка (до 6 кг), отдельно стоящая, электронное управление, класс стирки A, 1200 oб/мин, защита от протечек воды, интеллектуальное управление стиркой, стирка шерсти, размеры (ШxГxВ): 60x60x85 см, цвет: белый.','<p>фронтальная загрузка (до 6 кг), отдельно стоящая, электронное управление, класс стирки A, 1200 oб/мин, защита от протечек воды, интеллектуальное управление стиркой, стирка шерсти, размеры (ШxГxВ): 60x60x85 см, цвет: белый.</p>','richhtml',3043,0,1,'df59541d9bced15085a637fb47fcb9b9d13419e0.jpeg','','',''),(307,714,14,'GORENJE W62Z2S',39,'фронтальная загрузка (до 6 кг), отдельно стоящая, электронное управление, класс стирки A, 900 oб/мин, защита от протечек воды, интеллектуальное управление стиркой, стирка шерсти, размеры (ШxГxВ): 60x44x85 см, цвет: белый.','<p>фронтальная загрузка (до 6 кг), отдельно стоящая, электронное управление, класс стирки A, 900 oб/мин, защита от протечек воды, интеллектуальное управление стиркой, стирка шерсти, размеры (ШxГxВ): 60x44x85 см, цвет: белый.</p>','richhtml',2599,0,1,'78a947d9b0e18611544f8c2ed938376f3064f691.jpeg','','',''),(308,714,14,'GORENJE W6413S',40,'фронтальная загрузка (до 6 кг), отдельно стоящая, электронное управление, класс стирки A, 1100 oб/мин, отложенный старт, защита от протечек воды, интеллектуальное управление стиркой, стирка шерсти, размеры (ШxГxВ): 60x44x85 см, цвет: белый.','<p>фронтальная загрузка (до 6 кг), отдельно стоящая, электронное управление, класс стирки A, 1100 oб/мин, отложенный старт, защита от протечек воды, интеллектуальное управление стиркой, стирка шерсти, размеры (ШxГxВ): 60x44x85 см, цвет: белый.</p>','richhtml',2997,0,1,'82839b8efaa2d05b9d43a7e0bf876cc6ade5ce1b.jpeg','','',''),(309,714,14,'GORENJE W6823LS',41,'фронтальная загрузка (до 6 кг), отдельно стоящая, электронное управление, класс стирки A, 1200 oб/мин, отложенный старт, защита от протечек воды, интеллектуальное управление стиркой, стирка шерсти, размеры (ШxГxВ): 60x44x85 см, цвет: белый.','<p>фронтальная загрузка (до 6 кг), отдельно стоящая, электронное управление, класс стирки A, 1200 oб/мин, отложенный старт, защита от протечек воды, интеллектуальное управление стиркой, стирка шерсти, размеры (ШxГxВ): 60x44x85 см, цвет: белый.</p>','richhtml',3934,0,1,'f6a0bdfb39ddc7662ecafad98c9875f363006966.jpeg','','',''),(310,714,14,'GORENJE W6843LS',42,'фронтальная загрузка (до 6 кг), отдельно стоящая, электронное управление, класс стирки A, 1400 oб/мин, отложенный старт, защита от протечек воды, интеллектуальное управление стиркой, стирка шерсти, размеры (ШxГxВ): 60x44x85 см, цвет: белый.','<p>фронтальная загрузка (до 6 кг), отдельно стоящая, электронное управление, класс стирки A, 1400 oб/мин, отложенный старт, защита от протечек воды, интеллектуальное управление стиркой, стирка шерсти, размеры (ШxГxВ): 60x44x85 см, цвет: белый.</p>','richhtml',4044,0,1,'5469e44ceff1fb8db9797e949437816f26e7d719.jpeg','','',''),(311,714,14,'GORENJE W72X1R+ бак',43,'фронтальная загрузка (до 7 кг), отдельно стоящая, электронное управление, класс стирки A, 600 oб/мин, защита от протечек воды, интеллектуальное управление стиркой, стирка шерсти, размеры (ШxГxВ): 60x60x85 см, цвет: белый.','<p>фронтальная загрузка (до 7 кг), отдельно стоящая, электронное управление, класс стирки A, 600 oб/мин, защита от протечек воды, интеллектуальное управление стиркой, стирка шерсти, размеры (ШxГxВ): 60x60x85 см, цвет: белый.</p>','richhtml',3208,0,1,'d0e4ec25c9f62c7b4c531e81bef9cbd79b788b90.jpeg','','',''),(312,714,14,'GORENJE W9825I',44,'фронтальная загрузка (до 9 кг), отдельно стоящая, электронное управление, класс стирки A, 1200 oб/мин, отложенный старт, защита от протечек воды, интеллектуальное управление стиркой, стирка шерсти, размеры (ШxГxВ): 60x60x85 см, цвет: белый.','<p>фронтальная загрузка (до 9 кг), отдельно стоящая, электронное управление, класс стирки A, 1200 oб/мин, отложенный старт, защита от протечек воды, интеллектуальное управление стиркой, стирка шерсти, размеры (ШxГxВ): 60x60x85 см, цвет: белый.</p>','richhtml',5588,0,1,'33d2702026f0aa5ecba2f56eb7e0e035a317891f.jpeg','','',''),(313,714,15,'HANSA AWB508LR',45,'фронтальная загрузка (до 5 кг), отдельно стоящая, электронное управление, класс стирки A, 800 oб/мин, защита от протечек воды, интеллектуальное управление стиркой, стирка шерсти, размеры (ШxГxВ): 60x40x85 см, цвет: белый.','<p>фронтальная загрузка (до 5 кг), отдельно стоящая, электронное управление, класс стирки A, 800 oб/мин, защита от протечек воды, интеллектуальное управление стиркой, стирка шерсти, размеры (ШxГxВ): 60x40x85 см, цвет: белый.</p>','richhtml',2006,0,1,'7f638a1611f8e10b6388df88cecc8c8a50c9138b.jpeg','','',''),(314,714,15,'HANSA AWB510DE',46,'фронтальная загрузка (до 5 кг), отдельно стоящая, электронное управление, класс стирки A, 1000 oб/мин, защита от протечек воды, интеллектуальное управление стиркой, стирка шерсти, размеры (ШxГxВ): 60x40x85 см, цвет: белый.','<p>фронтальная загрузка (до 5 кг), отдельно стоящая, электронное управление, класс стирки A, 1000 oб/мин, защита от протечек воды, интеллектуальное управление стиркой, стирка шерсти, размеры (ШxГxВ): 60x40x85 см, цвет: белый.</p>','richhtml',2392,0,1,'417aee2b57b24ba20ff755f9abbe2c92613f9d02.jpeg','','',''),(315,714,15,'HANSA AWB510LR',47,'фронтальная загрузка (до 5 кг), отдельно стоящая, электронное управление, класс стирки A, 1000 oб/мин, защита от протечек воды, интеллектуальное управление стиркой, стирка шерсти, размеры (ШxГxВ): 60x40x85 см, цвет: белый.','<p>фронтальная загрузка (до 5 кг), отдельно стоящая, электронное управление, класс стирки A, 1000 oб/мин, защита от протечек воды, интеллектуальное управление стиркой, стирка шерсти, размеры (ШxГxВ): 60x40x85 см, цвет: белый.</p>','richhtml',2081,0,1,'4cec0c5d0cab421a81c331923437c6915a1c1a18.jpeg','','',''),(316,714,15,'HANSA AWN510DR',48,'фронтальная загрузка (до 5 кг), отдельно стоящая, электронное управление, класс стирки A, 1000 oб/мин, отложенный старт, защита от протечек воды, интеллектуальное управление стиркой, стирка шерсти, размеры (ШxГxВ): 60x40x85 см, цвет: белый.','<p>фронтальная загрузка (до 5 кг), отдельно стоящая, электронное управление, класс стирки A, 1000 oб/мин, отложенный старт, защита от протечек воды, интеллектуальное управление стиркой, стирка шерсти, размеры (ШxГxВ): 60x40x85 см, цвет: белый.</p>','richhtml',2382,0,1,'1719781050a8864f1f9ab8763b533dd9852110d3.jpeg','','',''),(317,714,16,'HOTPOINT-ARISTON AQS1F09(CIS)',49,'фронтальная загрузка (до 6 кг), отдельно стоящая, электронное управление, класс стирки A, 1000 oб/мин, отложенный старт, защита от протечек воды, интеллектуальное управление стиркой, стирка шерсти, размеры (ШxГxВ): 60x44x85 см, цвет: белый.','<p>фронтальная загрузка (до 6 кг), отдельно стоящая, электронное управление, класс стирки A, 1000 oб/мин, отложенный старт, защита от протечек воды, интеллектуальное управление стиркой, стирка шерсти, размеры (ШxГxВ): 60x44x85 см, цвет: белый.</p>','richhtml',3871,0,1,'16ae99b2b5476128742351d556e06ab3e99c9426.png','','',''),(318,714,16,'HOTPOINT-ARISTON AQS62L09(EU)',50,'фронтальная загрузка (до 6 кг), отдельно стоящая, электронное управление, класс стирки A, 1000 oб/мин, отложенный старт, защита от протечек воды, интеллектуальное управление стиркой, стирка шерсти, размеры (ШxГxВ): 60x45x85 см, цвет: белый.','<p>фронтальная загрузка (до 6 кг), отдельно стоящая, электронное управление, класс стирки A, 1000 oб/мин, отложенный старт, защита от протечек воды, интеллектуальное управление стиркой, стирка шерсти, размеры (ШxГxВ): 60x45x85 см, цвет: белый.</p>','richhtml',3968,0,1,'5fc5a27b0ebc18255b5568823e98d4cd4bbbe358.jpeg','','',''),(319,714,16,'HOTPOINT-ARISTON AQS63F29(EU)',51,'фронтальная загрузка (до 6 кг), отдельно стоящая, электронное управление, класс стирки A, 1200 oб/мин, отложенный старт, защита от протечек воды, интеллектуальное управление стиркой, стирка шерсти, размеры (ШxГxВ): 60x45x85 см, цвет: белый.','<p>фронтальная загрузка (до 6 кг), отдельно стоящая, электронное управление, класс стирки A, 1200 oб/мин, отложенный старт, защита от протечек воды, интеллектуальное управление стиркой, стирка шерсти, размеры (ШxГxВ): 60x45x85 см, цвет: белый.</p>','richhtml',3865,0,1,'b28ed8dbf2617ee1560498daacb7e191b8e2c6a8.jpeg','','',''),(320,714,16,'HOTPOINT-ARISTON ARSL100(CSI)',52,'фронтальная загрузка (до 5 кг), отдельно стоящая, электронное управление, класс стирки A, 1000 oб/мин, отложенный старт, защита от протечек воды, интеллектуальное управление стиркой, стирка шерсти, размеры (ШxГxВ): 60x40x85 см, цвет: белый.','<p>фронтальная загрузка (до 5 кг), отдельно стоящая, электронное управление, класс стирки A, 1000 oб/мин, отложенный старт, защита от протечек воды, интеллектуальное управление стиркой, стирка шерсти, размеры (ШxГxВ): 60x40x85 см, цвет: белый.</p>','richhtml',2742,0,1,'280fd7d293c9962f6a7a8a1ec7c07bbcd7a0f34f.jpeg','','',''),(321,714,16,'HOTPOINT-ARISTON WMD702B(CIS)',53,'фронтальная загрузка (до 7 кг), отдельно стоящая, электронное управление, класс стирки A, 1000 oб/мин, отложенный старт, защита от протечек воды, интеллектуальное управление стиркой, стирка шерсти, размеры (ШxГxВ): 60x54x85 см, цвет: белый.','<p>фронтальная загрузка (до 7 кг), отдельно стоящая, электронное управление, класс стирки A, 1000 oб/мин, отложенный старт, защита от протечек воды, интеллектуальное управление стиркой, стирка шерсти, размеры (ШxГxВ): 60x54x85 см, цвет: белый.</p>','richhtml',4036,0,1,'fe6a85c2d55d1aa8baa589e73d9e3b0e607c71f7.jpeg','','',''),(322,714,16,'HOTPOINT-ARISTON WMD942K(EU)',54,'фронтальная загрузка (до 9 кг), отдельно стоящая, электронное управление, класс стирки A, 1400 oб/мин, отложенный старт, защита от протечек воды, интеллектуальное управление стиркой, стирка шерсти, размеры (ШxГxВ): 60x60x85 см, цвет: черный.','<p>фронтальная загрузка (до 9 кг), отдельно стоящая, электронное управление, класс стирки A, 1400 oб/мин, отложенный старт, защита от протечек воды, интеллектуальное управление стиркой, стирка шерсти, размеры (ШxГxВ): 60x60x85 см, цвет: черный.</p>','richhtml',4374,0,1,'63fbdb7880d8579dd12f57beb23d06dbe54d4f14.jpeg','','',''),(323,714,16,'HOTPOINT-ARISTON WML7080(CIS)',55,'фронтальная загрузка (до 7 кг), отдельно стоящая, электронное управление, класс стирки A, 800 oб/мин, отложенный старт, защита от протечек воды, интеллектуальное управление стиркой, стирка шерсти, размеры (ШxГxВ): 60x54x85 см, цвет: белый.','<p>фронтальная загрузка (до 7 кг), отдельно стоящая, электронное управление, класс стирки A, 800 oб/мин, отложенный старт, защита от протечек воды, интеллектуальное управление стиркой, стирка шерсти, размеры (ШxГxВ): 60x54x85 см, цвет: белый.</p>','richhtml',3126,0,1,'982227dd03a5a06c7860a52ca7625d79a43a714a.jpeg','','',''),(324,714,16,'HOTPOINT-ARISTON WMSF605B(CIS)',56,'фронтальная загрузка (до 6 кг), отдельно стоящая, электронное управление, класс стирки A, 1000 oб/мин, отложенный старт, защита от протечек воды, интеллектуальное управление стиркой, стирка шерсти, размеры (ШxГxВ): 60x43x85 см, цвет: белый.','<p>фронтальная загрузка (до 6 кг), отдельно стоящая, электронное управление, класс стирки A, 1000 oб/мин, отложенный старт, защита от протечек воды, интеллектуальное управление стиркой, стирка шерсти, размеры (ШxГxВ): 60x43x85 см, цвет: белый.</p>','richhtml',2839,0,1,'e0c64e582797396488b6f30afa09ce4546870830.jpeg','','',''),(325,714,17,'INDESIT IWB5103(CIS)',57,'фронтальная загрузка (до 5 кг), отдельно стоящая, электронное управление, класс стирки A, 1000 oб/мин, отложенный старт, интеллектуальное управление стиркой, стирка шерсти, размеры (ШxГxВ): 60x54x85 см, цвет: белый.','<p>фронтальная загрузка (до 5 кг), отдельно стоящая, электронное управление, класс стирки A, 1000 oб/мин, отложенный старт, интеллектуальное управление стиркой, стирка шерсти, размеры (ШxГxВ): 60x54x85 см, цвет: белый.</p>','richhtml',2272,0,1,'f90b2cf1d94ca71004cd30272eb2b04c03bef25f.jpeg','','',''),(326,714,17,'INDESIT IWSB6085(CIS)',58,'фронтальная загрузка (до 6 кг), отдельно стоящая, электронное управление, класс стирки A, 800 oб/мин, отложенный старт, защита от протечек воды, интеллектуальное управление стиркой, стирка шерсти, размеры (ШxГxВ): 60x53x85 см, цвет: белый.','<p>фронтальная загрузка (до 6 кг), отдельно стоящая, электронное управление, класс стирки A, 800 oб/мин, отложенный старт, защита от протечек воды, интеллектуальное управление стиркой, стирка шерсти, размеры (ШxГxВ): 60x53x85 см, цвет: белый.</p>','richhtml',2064,0,1,'20204419064c9d9740933c1f6a7d4328aa96ec2d.jpeg','','',''),(327,714,17,'INDESIT WITL90',59,'вертикальная загрузка (до 5 кг), отдельно стоящая, электронное управление, класс стирки A, 900 oб/мин, отложенный старт, защита от протечек воды, интеллектуальное управление стиркой, размеры (ШxГxВ): 40x60x85 см, цвет: белый.','<p>вертикальная загрузка (до 5 кг), отдельно стоящая, электронное управление, класс стирки A, 900 oб/мин, отложенный старт, защита от протечек воды, интеллектуальное управление стиркой, размеры (ШxГxВ): 40x60x85 см, цвет: белый.</p>','richhtml',2927,0,1,'28b35d01596104ecca5ebb04929263fe29434f6c.jpeg','','',''),(328,714,17,'INDESIT WITXL105',60,'вертикальная загрузка (до 6 кг), отдельно стоящая, электронное управление, класс стирки A, 1000 oб/мин, отложенный старт, защита от протечек воды, интеллектуальное управление стиркой, стирка шерсти, размеры (ШxГxВ): 40x60x85 см, цвет: белый.','<p>вертикальная загрузка (до 6 кг), отдельно стоящая, электронное управление, класс стирки A, 1000 oб/мин, отложенный старт, защита от протечек воды, интеллектуальное управление стиркой, стирка шерсти, размеры (ШxГxВ): 40x60x85 см, цвет: белый.</p>','richhtml',3047,0,1,'aebab34f9b3f754f6cd82f5602fc56c7c73e2641.jpeg','','',''),(329,714,17,'INDESIT WIUN102(CSI)',61,'фронтальная загрузка (до 3.5 кг), отдельно стоящая, электронное управление, класс стирки A, 1000 oб/мин, защита от протечек воды, интеллектуальное управление стиркой, размеры (ШxГxВ): 60x33x85 см, цвет: белый.','<p>фронтальная загрузка (до 3.5 кг), отдельно стоящая, электронное управление, класс стирки A, 1000 oб/мин, защита от протечек воды, интеллектуальное управление стиркой, размеры (ШxГxВ): 60x33x85 см, цвет: белый.</p>','richhtml',2392,0,1,'d55b286cbbd468985c71de5e7ba35ab40b96d0d7.jpeg','','',''),(330,714,18,'KORTING KWA60085R',62,'Тип: стиральная Класс: автоматическая Способ загрузки: фронтальная Отжим: 800 об/мин Вместимость для стирки 6 кг Класс энергопотребления A+ Класс стирки A Класс отжима C Количество программ 15 Высота 85 см Ширина 60 см Глубина 60 см Цвет белый','<p>Тип: стиральная Класс: автоматическая Способ загрузки: фронтальная Отжим: 800 об/мин Вместимость для стирки 6 кг Класс энергопотребления A+ Класс стирки A Класс отжима C Количество программ 15 Высота 85 см Ширина 60 см Глубина 60 см Цвет белый</p>','richhtml',3030,0,1,'29466737533ce1d40a5a2057ac598bab2d9ec4ad.jpeg','','',''),(331,714,18,'KORTING KWS50085R',63,'Стиральная машина Загрузка белья Фронтальная Максимальная загрузка 5 кг Класс стирки A Класс отжима C Скорость отжима 800 об/мин Тип управления Электронное Количество программ стирки 15 Материал бака Пластик Класс потребления энергии A Размеры (ШхВхГ) 60x','<p>Стиральная машина Загрузка белья Фронтальная Максимальная загрузка 5 кг Класс стирки A Класс отжима C Скорость отжима 800 об/мин Тип управления Электронное Количество программ стирки 15 Материал бака Пластик Класс потребления энергии A Размеры (ШхВхГ) 60x85x60</p>','richhtml',3089,0,1,'fda54be49aad503304d4d334b52c9f30b3d2d2de.jpeg','','',''),(332,714,3,'LG F1039SD',64,'фронтальная загрузка (до 4 кг), отдельно стоящая, электронное управление, класс стирки A, 1000 oб/мин, отложенный старт, защита от протечек воды, интеллектуальное управление стиркой, стирка шерсти, размеры (ШxГxВ): 60x36x85 см, цвет: белый.','<p>фронтальная загрузка (до 4 кг), отдельно стоящая, электронное управление, класс стирки A, 1000 oб/мин, отложенный старт, защита от протечек воды, интеллектуальное управление стиркой, стирка шерсти, размеры (ШxГxВ): 60x36x85 см, цвет: белый.</p>','richhtml',3315,1039,1,'1ba3b6ae3793414002ee667a75fd615a5e3fbbe7.jpeg','','',''),(333,714,3,'LG F1068SD',65,'фронтальная загрузка (до 4 кг), отдельно стоящая, электронное управление, класс стирки A, 1000 oб/мин, отложенный старт, защита от протечек воды, интеллектуальное управление стиркой, стирка шерсти, размеры (ШxГxВ): 60x36x85 см, цвет: белый.','<p>фронтальная загрузка (до 4 кг), отдельно стоящая, электронное управление, класс стирки A, 1000 oб/мин, отложенный старт, защита от протечек воды, интеллектуальное управление стиркой, стирка шерсти, размеры (ШxГxВ): 60x36x85 см, цвет: белый.</p>','richhtml',3416,1068,1,'3e8fee4dbf682e8b8946fd3d6d533d07d40fe715.jpeg','','',''),(334,714,3,'LG F1089ND',66,'фронтальная загрузка (до 6 кг), отдельно стоящая, электронное управление, класс стирки A, 1000 oб/мин, отложенный старт, защита от протечек воды, интеллектуальное управление стиркой, стирка шерсти, размеры (ШxГxВ): 60x44x85 см, цвет: белый.','<p>фронтальная загрузка (до 6 кг), отдельно стоящая, электронное управление, класс стирки A, 1000 oб/мин, отложенный старт, защита от протечек воды, интеллектуальное управление стиркой, стирка шерсти, размеры (ШxГxВ): 60x44x85 см, цвет: белый.</p>','richhtml',3646,1089,1,'1682e29acb48e776060a3dd0314a343f63ec21c7.jpeg','','',''),(335,714,3,'LG F1091LD',67,'фронтальная загрузка (до 5 кг), отдельно стоящая, электронное управление, класс стирки A, 1000 oб/мин, отложенный старт, интеллектуальное управление стиркой, стирка шерсти, размеры (ШxГxВ): 60x44x85 см, цвет: белый.','<p>фронтальная загрузка (до 5 кг), отдельно стоящая, электронное управление, класс стирки A, 1000 oб/мин, отложенный старт, интеллектуальное управление стиркой, стирка шерсти, размеры (ШxГxВ): 60x44x85 см, цвет: белый.</p>','richhtml',2726,1091,1,'99061f52d89f7811923d7eee5b53421221ab3da6.jpeg','','',''),(336,714,3,'LG F1092MD',68,'фронтальная загрузка (до 5.5 кг), отдельно стоящая, электронное управление, класс стирки A, 1000 oб/мин, отложенный старт, защита от протечек воды, интеллектуальное управление стиркой, стирка шерсти, размеры (ШxГxВ): 60x44x85 см, цвет: белый.','<p>фронтальная загрузка (до 5.5 кг), отдельно стоящая, электронное управление, класс стирки A, 1000 oб/мин, отложенный старт, защита от протечек воды, интеллектуальное управление стиркой, стирка шерсти, размеры (ШxГxВ): 60x44x85 см, цвет: белый.</p>','richhtml',3030,1092,1,'0c1434d6fb56ce367d28b269d99bac20b0a747a4.jpeg','','',''),(337,714,3,'LG F1092MD5',69,'Класс энергопотребления: A+. Класс стирки: A. Изменяемая скорость отжима: 1000/800/400/без отжима. Макс. загрузка: 5,5 кг. Емкость барабана: 44 л. Автобалансировка. Детектор загрузки. Дисплей: LED. Отсрочка старта: 3-19 ч. Габариты (ШxГxВ): 600x440x850 мм','<p>Класс энергопотребления: A+. Класс стирки: A. Изменяемая скорость отжима: 1000/800/400/без отжима. Макс. загрузка: 5,5 кг. Емкость барабана: 44 л. Автобалансировка. Детектор загрузки. Дисплей: LED. Отсрочка старта: 3-19 ч. Габариты (ШxГxВ): 600x440x850 мм. Цвет: серебристый</p>','richhtml',3265,1092,1,'a88380d6de107779d9d7b23b019b62e414207828.jpeg','','',''),(338,714,3,'LG F1096SD3',70,'фронтальная загрузка (до 8 кг), отдельно стоящая, электронное управление, класс стирки A, 1000 oб/мин, отложенный старт, защита от протечек воды, интеллектуальное управление стиркой, стирка шерсти, размеры (ШxГxВ): 60x55x85 см, цвет: белый.','<p>фронтальная загрузка (до 8 кг), отдельно стоящая, электронное управление, класс стирки A, 1000 oб/мин, отложенный старт, защита от протечек воды, интеллектуальное управление стиркой, стирка шерсти, размеры (ШxГxВ): 60x55x85 см, цвет: белый.</p>','richhtml',3391,1096,1,'19e2450c246c1ba3cbba1d40830293e29964e519.jpeg','','',''),(339,714,3,'LG F1289ND',71,'фронтальная загрузка (до 6 кг), отдельно стоящая, электронное управление, класс стирки A, 1200 oб/мин, отложенный старт, защита от протечек воды, интеллектуальное управление стиркой, стирка шерсти, размеры (ШxГxВ): 60x44x85 см, цвет: белый.','<p>фронтальная загрузка (до 6 кг), отдельно стоящая, электронное управление, класс стирки A, 1200 oб/мин, отложенный старт, защита от протечек воды, интеллектуальное управление стиркой, стирка шерсти, размеры (ШxГxВ): 60x44x85 см, цвет: белый.</p>','richhtml',3747,1289,1,'ec98dd8d598b6b3b9cc9f5e123a0cc32024ee08d.jpeg','','',''),(340,714,3,'LG F1292MD',72,'фронтальная загрузка (до 5.5 кг), отдельно стоящая, электронное управление, класс стирки A, 1200 oб/мин, отложенный старт, защита от протечек воды, интеллектуальное управление стиркой, стирка шерсти, размеры (ШxГxВ): 60x44x85 см, цвет: белый.','<p>фронтальная загрузка (до 5.5 кг), отдельно стоящая, электронное управление, класс стирки A, 1200 oб/мин, отложенный старт, защита от протечек воды, интеллектуальное управление стиркой, стирка шерсти, размеры (ШxГxВ): 60x44x85 см, цвет: белый.</p>','richhtml',3156,1292,1,'2b5941867b765724a1cd1d7d42b9cf4089fdfbd7.jpeg','','',''),(341,714,3,'LG F1292MD1',73,'фронтальная загрузка (до 5.5 кг), отдельно стоящая, электронное управление, класс стирки A, 1200 oб/мин, отложенный старт, защита от протечек воды, интеллектуальное управление стиркой, стирка шерсти, размеры (ШxГxВ): 60x44x85 см, цвет: белый.','<p>фронтальная загрузка (до 5.5 кг), отдельно стоящая, электронное управление, класс стирки A, 1200 oб/мин, отложенный старт, защита от протечек воды, интеллектуальное управление стиркой, стирка шерсти, размеры (ШxГxВ): 60x44x85 см, цвет: белый.</p>','richhtml',3603,1292,1,'d6cfd703e89f1274cc5bf5d54c726e497b5c34be.jpeg','','',''),(342,714,3,'LG F1296QD3',74,'фронтальная загрузка (до 7 кг), отдельно стоящая, электронное управление, класс стирки A, 1000 oб/мин, отложенный старт, защита от протечек воды, интеллектуальное управление стиркой, стирка шерсти, размеры (ШxГxВ): 60x55x85 см, цвет: белый.','<p>фронтальная загрузка (до 7 кг), отдельно стоящая, электронное управление, класс стирки A, 1000 oб/мин, отложенный старт, защита от протечек воды, интеллектуальное управление стиркой, стирка шерсти, размеры (ШxГxВ): 60x55x85 см, цвет: белый.</p>','richhtml',3942,1296,1,'6f15aa468c16a6877621cbf4cd6b81d0253079d7.jpeg','','',''),(343,714,3,'LG F12A8HD',75,'фронтальная загрузка (до 7 кг), отдельно стоящая, электронное управление, класс стирки A, 1200 oб/мин, отложенный старт, защита от протечек воды, интеллектуальное управление стиркой, стирка шерсти, размеры (ШxГxВ): 60x48x85 см, цвет: белый.','<p>фронтальная загрузка (до 7 кг), отдельно стоящая, электронное управление, класс стирки A, 1200 oб/мин, отложенный старт, защита от протечек воды, интеллектуальное управление стиркой, стирка шерсти, размеры (ШxГxВ): 60x48x85 см, цвет: белый.</p>','richhtml',4631,12,1,'c600d75209ff2773f6602e2182a35fd3a75d7cbe.jpeg','','',''),(344,714,3,'LG F1495BDS',76,'фронтальная загрузка (до 12 кг), отдельно стоящая, электронное управление, класс стирки A, 1400 oб/мин, отложенный старт, защита от протечек воды, интеллектуальное управление стиркой, стирка шерсти, размеры (ШxГxВ): 60x64x85 см, цвет: белый.','<p>фронтальная загрузка (до 12 кг), отдельно стоящая, электронное управление, класс стирки A, 1400 oб/мин, отложенный старт, защита от протечек воды, интеллектуальное управление стиркой, стирка шерсти, размеры (ШxГxВ): 60x64x85 см, цвет: белый.</p>','richhtml',9692,1495,1,'ad4e4cd65102e0f5069bcba311e9986ca06c07d5.jpeg','','',''),(345,714,3,'LG F1495BDS7',77,'фронтальная загрузка (до 12 кг), отдельно стоящая, электронное управление, класс стирки A, 1400 oб/мин, отложенный старт, защита от протечек воды, интеллектуальное управление стиркой, стирка шерсти, размеры (ШxГxВ): 60x64x85 см, цвет: серебристый.','<p>фронтальная загрузка (до 12 кг), отдельно стоящая, электронное управление, класс стирки A, 1400 oб/мин, отложенный старт, защита от протечек воды, интеллектуальное управление стиркой, стирка шерсти, размеры (ШxГxВ): 60x64x85 см, цвет: серебристый.</p>','richhtml',9622,1495,1,'71d0e28b1eeab1a0d247c0c0cb434004ee431eee.jpeg','','',''),(346,714,3,'LG F1496AD3',78,'фронтальная загрузка (до 8 кг), отдельно стоящая, электронное управление, класс стирки A, 1400 oб/мин, сушка, отложенный старт, защита от протечек воды, интеллектуальное управление стиркой, стирка шерсти, размеры (ШxГxВ): 60x55x85 см, цвет: белый.','<p>фронтальная загрузка (до 8 кг), отдельно стоящая, электронное управление, класс стирки A, 1400 oб/мин, сушка, отложенный старт, защита от протечек воды, интеллектуальное управление стиркой, стирка шерсти, размеры (ШxГxВ): 60x55x85 см, цвет: белый.</p>','richhtml',5180,1496,1,'85b5c960e19d29aa0eb5fffbd176ff573dcba64f.jpeg','','',''),(347,714,3,'LG F8091LD',79,'фронтальная загрузка (до 5 кг), отдельно стоящая, электронное управление, класс стирки A, 800 oб/мин, отложенный старт, интеллектуальное управление стиркой, стирка шерсти, размеры (ШxГxВ): 60x44x85 см, цвет: белый.','<p>фронтальная загрузка (до 5 кг), отдельно стоящая, электронное управление, класс стирки A, 800 oб/мин, отложенный старт, интеллектуальное управление стиркой, стирка шерсти, размеры (ШxГxВ): 60x44x85 см, цвет: белый.</p>','richhtml',2612,8091,1,'1cfebcdb32b6ba94dcd115ce0afc846fb0902ae1.jpeg','','',''),(348,714,129,'ORION OMG800',80,'фронтальная загрузка (до 5 кг), отдельно стоящая, электронное управление, класс стирки B, 800 oб/мин, защита от протечек воды, интеллектуальное управление стиркой, стирка шерсти, размеры (ШxГxВ): 60x51x85 см, цвет: белый.','<p>фронтальная загрузка (до 5 кг), отдельно стоящая, электронное управление, класс стирки B, 800 oб/мин, защита от протечек воды, интеллектуальное управление стиркой, стирка шерсти, размеры (ШxГxВ): 60x51x85 см, цвет: белый.</p>','richhtml',2028,0,1,'2c87f140d3d87c226f5ec225bff0839f13ee33cd.jpeg','','',''),(349,714,129,'ORION OMG840D',81,'Питание: 220-240/50 В/Гц. Максимальная мощность: 2200 Вт. Максимальная загрузка: 5 кг. Отжим: 800об/мин. Объем барабана: 40 л. Программ стирки: 15. Электронный дисплей. Ручка выбора скорости. Защита от перепада напряжения. Габариты (ВxШxГ): 416х595х850 мм','<p>Питание: 220-240/50 В/Гц. Максимальная мощность: 2200 Вт. Максимальная загрузка: 5 кг. Отжим: 800об/мин. Объем барабана: 40 л. Программ стирки: 15. Электронный дисплей. Ручка выбора скорости. Защита от перепада напряжения. Габариты (ВxШxГ): 416х595х850 мм. Цвет: белый.</p>','richhtml',2303,0,1,'16b784eafac2c38c64e4c866c3b298c3e5156351.jpeg','','',''),(350,714,20,'PANASONIC NA140VG3W',82,'фронтальная загрузка (до 10 кг), отдельно стоящая, электронное управление, класс стирки A, 1400 oб/мин, отложенный старт, защита от протечек воды, интеллектуальное управление стиркой, стирка шерсти, размеры (ШxГxВ): 60x60x85 см, цвет: белый.','<p>фронтальная загрузка (до 10 кг), отдельно стоящая, электронное управление, класс стирки A, 1400 oб/мин, отложенный старт, защита от протечек воды, интеллектуальное управление стиркой, стирка шерсти, размеры (ШxГxВ): 60x60x85 см, цвет: белый.</p>','richhtml',6521,0,1,'80117425359cacb5b772e6ad729803d74814e64a.jpeg','','',''),(351,714,5,'SAMSUNG WF0400N2N',83,'фронтальная загрузка (до 4 кг), отдельно стоящая, электронное управление, класс стирки A, 1000 oб/мин, отложенный старт, защита от протечек воды, интеллектуальное управление стиркой, размеры (ШxГxВ): 60x34x85 см, цвет: белый.','<p>фронтальная загрузка (до 4 кг), отдельно стоящая, электронное управление, класс стирки A, 1000 oб/мин, отложенный старт, защита от протечек воды, интеллектуальное управление стиркой, размеры (ШxГxВ): 60x34x85 см, цвет: белый.</p>','richhtml',2723,400,1,'5f0f3e88c75cd7ad83db034ebd2a87adaa0a2169.jpeg','','',''),(352,714,5,'SAMSUNG WF0408N2N',84,'фронтальная загрузка (до 4 кг), отдельно стоящая, электронное управление, класс стирки A, 800 oб/мин, отложенный старт, защита от протечек воды, интеллектуальное управление стиркой, стирка шерсти, размеры (ШxГxВ): 60x34x85 см, цвет: белый.','<p>фронтальная загрузка (до 4 кг), отдельно стоящая, электронное управление, класс стирки A, 800 oб/мин, отложенный старт, защита от протечек воды, интеллектуальное управление стиркой, стирка шерсти, размеры (ШxГxВ): 60x34x85 см, цвет: белый.</p>','richhtml',2499,408,1,'d0bb74a0069d38723f75780775185d38521b793f.jpeg','','',''),(353,714,5,'SAMSUNG WF0700NCW',85,'фронтальная загрузка (до 7 кг), отдельно стоящая, электронное управление, класс стирки A, 1000 oб/мин, защита от протечек воды, интеллектуальное управление стиркой, стирка шерсти, размеры (ШxГxВ): 60x51x85 см, цвет: белый.','<p>фронтальная загрузка (до 7 кг), отдельно стоящая, электронное управление, класс стирки A, 1000 oб/мин, защита от протечек воды, интеллектуальное управление стиркой, стирка шерсти, размеры (ШxГxВ): 60x51x85 см, цвет: белый.</p>','richhtml',3104,700,1,'ee31253d2b0d25e96316cff0761055dac82fd771.jpeg','','',''),(354,714,5,'SAMSUNG WF1600WCW',86,'фронтальная загрузка (до 6 кг), отдельно стоящая, электронное управление, класс стирки A, 1000 oб/мин, отложенный старт, защита от протечек воды, интеллектуальное управление стиркой, стирка шерсти, размеры (ШxГxВ): 60x45x85 см, цвет: белый.','<p>фронтальная загрузка (до 6 кг), отдельно стоящая, электронное управление, класс стирки A, 1000 oб/мин, отложенный старт, защита от протечек воды, интеллектуальное управление стиркой, стирка шерсти, размеры (ШxГxВ): 60x45x85 см, цвет: белый.</p>','richhtml',3214,1600,1,'37df7f48fb3aa9cc53c10bb35e99788bff5f3cd0.jpeg','','',''),(355,714,5,'SAMSUNG WF1802XEK',87,'фронтальная загрузка (до 8 кг), отдельно стоящая, электронное управление, класс стирки A, 1200 oб/мин, отложенный старт, защита от протечек воды, интеллектуальное управление стиркой, стирка шерсти, размеры (ШxГxВ): 60x45x85 см, цвет: белый.','<p>фронтальная загрузка (до 8 кг), отдельно стоящая, электронное управление, класс стирки A, 1200 oб/мин, отложенный старт, защита от протечек воды, интеллектуальное управление стиркой, стирка шерсти, размеры (ШxГxВ): 60x45x85 см, цвет: белый.</p>','richhtml',4283,1802,1,'dc24046d8b6024719f8067b1f4ae999b313db70c.jpeg','','',''),(356,714,5,'SAMSUNG WF600W0BCW',88,'фронтальная загрузка (до 6 кг), отдельно стоящая, электронное управление, класс стирки A, 1000 oб/мин, отложенный старт, защита от протечек воды, интеллектуальное управление стиркой, стирка шерсти, размеры (ШxГxВ): 60x45x85 см, цвет: белый.','<p>фронтальная загрузка (до 6 кг), отдельно стоящая, электронное управление, класс стирки A, 1000 oб/мин, отложенный старт, защита от протечек воды, интеллектуальное управление стиркой, стирка шерсти, размеры (ШxГxВ): 60x45x85 см, цвет: белый.</p>','richhtml',3160,600,1,'41e4da0caf3e700c5928bc48d21bedc051fdf4f8.jpeg','','',''),(357,714,5,'SAMSUNG WF8590NMW9',89,'фронтальная загрузка (до 6 кг), отдельно стоящая, электронное управление, класс стирки A, 1000 oб/мин, отложенный старт, защита от протечек воды, интеллектуальное управление стиркой, стирка шерсти, размеры (ШxГxВ): 60x45x85 см, цвет: белый.','<p>фронтальная загрузка (до 6 кг), отдельно стоящая, электронное управление, класс стирки A, 1000 oб/мин, отложенный старт, защита от протечек воды, интеллектуальное управление стиркой, стирка шерсти, размеры (ШxГxВ): 60x45x85 см, цвет: белый.</p>','richhtml',2559,8590,1,'0882a2da9282c54a38fb18c35f0e1a840c386490.jpeg','','',''),(358,714,5,'SAMSUNG WF8598NMW9',90,'фронтальная загрузка (до 6 кг), отдельно стоящая, электронное управление, класс стирки A, 800 oб/мин, отложенный старт, защита от протечек воды, интеллектуальное управление стиркой, стирка шерсти, размеры (ШxГxВ): 60x45x85 см, цвет: белый.','<p>фронтальная загрузка (до 6 кг), отдельно стоящая, электронное управление, класс стирки A, 800 oб/мин, отложенный старт, защита от протечек воды, интеллектуальное управление стиркой, стирка шерсти, размеры (ШxГxВ): 60x45x85 см, цвет: белый.</p>','richhtml',2456,8598,1,'a455dcb88d26d1c59ff864b2baf8e31198105f01.jpeg','','',''),(359,714,5,'SAMSUNG WFE592NMW',91,'фронтальная загрузка (до 6 кг), отдельно стоящая, электронное управление, класс стирки A, 1200 oб/мин, отложенный старт, защита от протечек воды, интеллектуальное управление стиркой, стирка шерсти, размеры (ШxГxВ): 60x45x85 см, цвет: белый.','<p>фронтальная загрузка (до 6 кг), отдельно стоящая, электронное управление, класс стирки A, 1200 oб/мин, отложенный старт, защита от протечек воды, интеллектуальное управление стиркой, стирка шерсти, размеры (ШxГxВ): 60x45x85 см, цвет: белый.</p>','richhtml',2754,0,1,'7ee36d5710037d819f68e796aa7b9a69560271a0.jpeg','','',''),(360,714,21,'SATURN ST-WK7618 серый',92,'вертикальная загрузка (до 6.5 кг), активаторная, отдельно стоящая, механическое управление, размеры (ШxГxВ): 75x43x86 см, цвет: белый.','<p>вертикальная загрузка (до 6.5 кг), активаторная, отдельно стоящая, механическое управление, размеры (ШxГxВ): 75x43x86 см, цвет: белый.</p>','richhtml',929,0,1,'22a77f8975ab682b8b10025e34514e1a165ab76c.jpeg','','',''),(361,714,21,'SATURN ST-WM0601',93,'вертикальная загрузка (до 6.5 кг), активаторная, отдельно стоящая, механическое управление, размеры (ШxГxВ): 45x43x82 см, цвет: белый.','<p>вертикальная загрузка (до 6.5 кг), активаторная, отдельно стоящая, механическое управление, размеры (ШxГxВ): 45x43x82 см, цвет: белый.</p>','richhtml',790,0,1,'0bc9d1f795bcd9ef5c9ba45658bd4324e61fd115.png','','',''),(362,714,21,'SATURN ST-WM0613',94,'вертикальная загрузка (до 4.5 кг), активаторная, отдельно стоящая, механическое управление, размеры (ШxГxВ): 66x40x79 см, цвет: белый.','<p>вертикальная загрузка (до 4.5 кг), активаторная, отдельно стоящая, механическое управление, размеры (ШxГxВ): 66x40x79 см, цвет: белый.</p>','richhtml',912,0,1,'69c7146c7db88357433eececfae6444e6f3e4db4.jpeg','','',''),(363,714,21,'SATURN ST-WM0614',95,'вертикальная загрузка (до 4.5 кг), активаторная, отдельно стоящая, механическое управление, размеры (ШxГxВ): 66x40x79 см, цвет: белый.','<p>вертикальная загрузка (до 4.5 кг), активаторная, отдельно стоящая, механическое управление, размеры (ШxГxВ): 66x40x79 см, цвет: белый.</p>','richhtml',912,0,1,'4e49266305187b47ae9086d4fc52b3617c701e29.jpeg','','',''),(364,714,22,'WHIRLPOOL AWE2221',96,'вертикальная загрузка (до 5 кг), отдельно стоящая, электронное управление, класс стирки A, 800 oб/мин, защита от протечек воды, интеллектуальное управление стиркой, стирка шерсти, размеры (ШxГxВ): 40x60x90 см, цвет: белый.','<p>вертикальная загрузка (до 5 кг), отдельно стоящая, электронное управление, класс стирки A, 800 oб/мин, защита от протечек воды, интеллектуальное управление стиркой, стирка шерсти, размеры (ШxГxВ): 40x60x90 см, цвет: белый.</p>','richhtml',2482,0,1,'65d609bf4d7a1221c0dcdd583290f0361b386eda.jpeg','','',''),(365,714,22,'WHIRLPOOL AWE2322',97,'вертикальная загрузка (до 5 кг), отдельно стоящая, электронное управление, класс стирки A, 1000 oб/мин, защита от протечек воды, интеллектуальное управление стиркой, стирка шерсти, размеры (ШxГxВ): 40x60x90 см, цвет: белый.','<p>вертикальная загрузка (до 5 кг), отдельно стоящая, электронное управление, класс стирки A, 1000 oб/мин, защита от протечек воды, интеллектуальное управление стиркой, стирка шерсти, размеры (ШxГxВ): 40x60x90 см, цвет: белый.</p>','richhtml',2568,0,1,'2789a0be1abe0db8d3080f3e5491491430f23294.jpeg','','',''),(366,714,22,'WHIRLPOOL AWE7515',98,'Объем барабана (л) 42 Максимальная загрузка (кг) 5 Скорость отжима (об/мин) 1000 Регулировка температуры Пошаговая регулировка (LCD) Класс энергопотребления А+ Класс стирки А Класс отжима С Количество программ 18 Материал бака Фибран Уровень шума при стир','<p>Объем барабана (л) 42 Максимальная загрузка (кг) 5 Скорость отжима (об/мин) 1000 Регулировка температуры Пошаговая регулировка (LCD) Класс энергопотребления А+ Класс стирки А Класс отжима С Количество программ 18 Материал бака Фибран Уровень шума при стирке (дБ) 62 Габариты нетто (ВхШхГ (см)): 90?40x60 Вес нетто (кг): 58</p>','richhtml',2808,0,1,'2e4d147efe68ea8d5fdf914d9408a5a2b7455eb1.jpeg','','',''),(367,714,22,'WHIRLPOOL AWE7615',99,'вертикальная загрузка (до 6 кг), отдельно стоящая, электронное управление, класс стирки A, 1100 oб/мин, отложенный старт, защита от протечек воды, интеллектуальное управление стиркой, стирка шерсти, размеры (ШxГxВ): 40x60x90 см, цвет: белый.','<p>вертикальная загрузка (до 6 кг), отдельно стоящая, электронное управление, класс стирки A, 1100 oб/мин, отложенный старт, защита от протечек воды, интеллектуальное управление стиркой, стирка шерсти, размеры (ШxГxВ): 40x60x90 см, цвет: белый.</p>','richhtml',2882,0,1,'01ccb8ffed6884a71ac0b15f3e9cddf1f606f401.jpeg','','',''),(368,714,22,'WHIRLPOOL AWOC0614',100,'фронтальная загрузка (до 6 кг), встраиваемая, электронное управление, класс стирки A, 1400 oб/мин, отложенный старт, защита от протечек воды, интеллектуальное управление стиркой, стирка шерсти, размеры (ШxГxВ): 60x54x82 см, цвет: белый.','<p>фронтальная загрузка (до 6 кг), встраиваемая, электронное управление, класс стирки A, 1400 oб/мин, отложенный старт, защита от протечек воды, интеллектуальное управление стиркой, стирка шерсти, размеры (ШxГxВ): 60x54x82 см, цвет: белый.</p>','richhtml',4662,0,1,'dba26ad9e74351b6479ffc977ea58f29e768b223.jpeg','','',''),(369,714,22,'WHIRLPOOL AWOD41140',101,'фронтальная загрузка (до 5 кг), отдельно стоящая, электронное управление, класс стирки A, 800 oб/мин, отложенный старт, защита от протечек воды, интеллектуальное управление стиркой, стирка шерсти, размеры (ШxГxВ): 60x55x85 см, цвет: белый.','<p>фронтальная загрузка (до 5 кг), отдельно стоящая, электронное управление, класс стирки A, 800 oб/мин, отложенный старт, защита от протечек воды, интеллектуальное управление стиркой, стирка шерсти, размеры (ШxГxВ): 60x55x85 см, цвет: белый.</p>','richhtml',2813,0,1,'fa5b9145bb4cb8f536c7edcd7e3cc071685a9a31.jpeg','','',''),(370,714,22,'WHIRLPOOL AWOD43130',102,'фронтальная загрузка (до 5 кг), отдельно стоящая, электронное управление, класс стирки A, 1000 oб/мин, отложенный старт, защита от протечек воды, интеллектуальное управление стиркой, стирка шерсти, размеры (ШxГxВ): 60x54x85 см, цвет: белый.','<p>фронтальная загрузка (до 5 кг), отдельно стоящая, электронное управление, класс стирки A, 1000 oб/мин, отложенный старт, защита от протечек воды, интеллектуальное управление стиркой, стирка шерсти, размеры (ШxГxВ): 60x54x85 см, цвет: белый.</p>','richhtml',2813,0,1,'7b7b74fd3a2aa885b200a9b4e02c14d9a5ec330b.jpeg','','',''),(393,561,24,'DVR3104H',12,'4 - канальный цифровой видеорегистратор, Пентаплекс, Н.264, запись: D1, 25 кадров/с, видео 4вх./1вых, HDMI, VGA, 1 TВ BNC; аудио 1вх/1вых; 1 HDD (sata до 4Тб), LAN, USB интерфейс, USB мышка, RS485, 325х245х45мм U1, 1,5 кг','<p>4 - канальный цифровой видеорегистратор, Пентаплекс, Н.264, запись: D1, 25 кадров/с, видео 4вх./1вых, HDMI, VGA, 1 TВ BNC; аудио 1вх/1вых; 1 HDD (sata до 4Тб), LAN, USB интерфейс, USB мышка, RS485, 325х245х45мм U1, 1,5 кг</p>','richhtml',711,112233,1,'','','',''),(394,561,28,'AVG3104H',12,'4 - канальный цифровой видеорегистратор, Пентаплекс, Н.264, запись: D1, 25 кадров/с, видео 4вх./1вых, HDMI, VGA, 1 TВ BNC; аудио 1вх/1вых; 1 HDD (sata до 4Тб), LAN, USB интерфейс, USB мышка, RS485, 325х245х45мм U1, 1,5 кг','<p>4 - канальный цифровой видеорегистратор, Пентаплекс, Н.264, запись: D1, 25 кадров/с, видео 4вх./1вых, HDMI, VGA, 1 TВ BNC; аудио 1вх/1вых; 1 HDD (sata до 4Тб), LAN, USB интерфейс, USB мышка, RS485, 325х245х45мм U1, 1,5 кг</p>','richhtml',855,112234,1,'','','',''),(395,561,24,'DVR5104',12,'4 - канальный цифровой видеорегистратор, Н.264; Запись: 4CIF(D1) - 25 кадров/с, Выходы: VGA, 1 TВ BNC; 1 HDD (sata до 4Тб), LAN, USB интерфейс, 205х205мм U1, DC12В/10Вт, 0.5 кг','<p>4 - канальный цифровой видеорегистратор, Н.264; Запись: 4CIF(D1) - 25 кадров/с, Выходы: VGA, 1 TВ BNC; 1 HDD (sata до 4Тб), LAN, USB интерфейс, 205х205мм U1, DC12В/10Вт, 0.5 кг</p>','richhtml',774,112235,1,'','','',''),(396,561,28,'AVG5104',12,'4 - канальный цифровой видеорегистратор, Н.264; Запись: 4CIF(D1) - 25 кадров/с, Выходы: VGA, 1 TВ BNC; 1 HDD (sata до 4Тб), LAN, USB интерфейс, 205х205мм U1, DC12В/10Вт, 0.5 кг','<p>4 - канальный цифровой видеорегистратор, Н.264; Запись: 4CIF(D1) - 25 кадров/с, Выходы: VGA, 1 TВ BNC; 1 HDD (sata до 4Тб), LAN, USB интерфейс, 205х205мм U1, DC12В/10Вт, 0.5 кг</p>','richhtml',774,112236,1,'','','',''),(397,561,24,'DVR0404LF-AS',12,'4 - канальный цифровой видеорегистратор, Пентаплекс, Н.264, запись: D1, 25 кадров/с, Видео: 4вх./1вых, HDMI, VGA, 1 TВ BNC; Аудио: 1вх/1вых; Тревога: 4вх/1вых; 1 HDD (sata до 4Тб), LAN, USB интерфейс, USB мышка, RS485, 325х245х45мм U1, 1,5 кг','<p>4 - канальный цифровой видеорегистратор, Пентаплекс, Н.264, запись: D1, 25 кадров/с, Видео: 4вх./1вых, HDMI, VGA, 1 TВ BNC; Аудио: 1вх/1вых; Тревога: 4вх/1вых; 1 HDD (sata до 4Тб), LAN, USB интерфейс, USB мышка, RS485, 325х245х45мм U1, 1,5 кг</p>','richhtml',927,112237,1,'','','',''),(398,561,24,'DVR0404LE-AN',12,'4 видео и 2 аудио. Выход: 1BNC, 1 VGA. Пентаплекс, Н 264, русскоязычное меню, ОП  LINUX,  1 HDD (SATA), Записи 100 (CIF),  25 (D1). Сетевой. Габариты 325 х 245 х 45 мм.','<p>4 видео и 2 аудио. Выход: 1BNC, 1 VGA. Пентаплекс, Н 264, русскоязычное меню, ОП LINUX, 1 HDD (SATA), Записи 100 (CIF), 25 (D1). Сетевой. Габариты 325 х 245 х 45 мм.</p>','richhtml',891,112238,1,'','','',''),(399,561,24,'DVR0404LE-A',12,'4 видео и 4 аудио. Выход: 1BNC, 1 VGA, 1 HDMI. Пентаплекс, Н 264, русскоязычное меню, ОП  LINUX,  1 HDD (SATA), Записи 100 (CIF),  25 (D1). Тревожные входы, выходы. Сетевой. Габариты 375 х 285 х 45 мм.','<p>4 видео и 4 аудио. Выход: 1BNC, 1 VGA, 1 HDMI. Пентаплекс, Н 264, русскоязычное меню, ОП LINUX, 1 HDD (SATA), Записи 100 (CIF), 25 (D1). Тревожные входы, выходы. Сетевой. Габариты 375 х 285 х 45 мм.</p>','richhtml',1566,112239,1,'','','',''),(400,561,24,'DVR0404HF-AN',12,'4 - канальный цифровой видеорегистратор, Пентаплекс, Н.264, D1-CIF, 400 к/с, видео 4вх./1вых, 1 TВ, 1Spot, VGA, HDMI; аудио 4вх/1вых; разрешение записи 704x576 - 25 к/с, 704x288 - 25 к/с, 352x288 - 25 к/с на канал; 1 HDD (sata) до 3Тб, LAN, USB интерфейс,','<p>4 - канальный цифровой видеорегистратор, Пентаплекс, Н.264, D1-CIF, 400 к/с, видео 4вх./1вых, 1 TВ, 1Spot, VGA, HDMI; аудио 4вх/1вых; разрешение записи 704x576 - 25 к/с, 704x288 - 25 к/с, 352x288 - 25 к/с на канал; 1 HDD (sata) до 3Тб, LAN, USB интерфейс, USB мышка, 325x240x45 мм U1, 6 кг, DC 12В/20Вт, Realtime с разрешением D1 по всем каналам.</p>','richhtml',1206,112240,1,'','','',''),(401,561,28,'AVG0404HF-AN',12,'4 - канальный цифровой видеорегистратор, Пентаплекс, Н.264, D1-CIF, 400 к/с, видео 4вх./1вых, 1 TВ, 1Spot, VGA, HDMI; аудио 4вх/1вых; разрешение записи 704x576 - 25 к/с, 704x288 - 25 к/с, 352x288 - 25 к/с на канал; 1 HDD (sata) до 3Тб, LAN, USB интерфейс,','<p>4 - канальный цифровой видеорегистратор, Пентаплекс, Н.264, D1-CIF, 400 к/с, видео 4вх./1вых, 1 TВ, 1Spot, VGA, HDMI; аудио 4вх/1вых; разрешение записи 704x576 - 25 к/с, 704x288 - 25 к/с, 352x288 - 25 к/с на канал; 1 HDD (sata) до 3Тб, LAN, USB интерфейс, USB мышка, 325x240x45 мм U1, 6 кг, DC 12В/20Вт, Realtime с разрешением D1 по всем каналам.</p>','richhtml',1314,112241,1,'','','',''),(402,561,24,'DVR0404HF-A',12,'4 видео и 4 аудио. Выход: 1BNC, 1 VGA, HDMI. Пентаплекс, Н 264, русскоязычное меню, LINUX, 2 HDD (SATA), Записи 100 (D1). Тревожные входы, выходы. Сетевой. Габариты 375х285х 45 мм.','<p>4 видео и 4 аудио. Выход: 1BNC, 1 VGA, HDMI. Пентаплекс, Н 264, русскоязычное меню, LINUX, 2 HDD (SATA), Записи 100 (D1). Тревожные входы, выходы. Сетевой. Габариты 375х285х 45 мм.</p>','richhtml',2430,112242,1,'','','',''),(403,561,24,'DVR0404HF-S',12,'4 видео и 4 аудио. Выход: 1BNC, 1 VGA, 1 HDMI, 1 SPOT. Пентаплекс, Н 264, русскоязычное меню, LINUX, 8 HDD (SATA), Записи 100 (D1). Тревожные входы, выходы, Сетевой. Габариты 440 x 460 x 89 мм.','<p>4 видео и 4 аудио. Выход: 1BNC, 1 VGA, 1 HDMI, 1 SPOT. Пентаплекс, Н 264, русскоязычное меню, LINUX, 8 HDD (SATA), Записи 100 (D1). Тревожные входы, выходы, Сетевой. Габариты 440 x 460 x 89 мм.</p>','richhtml',4275,112243,1,'','','',''),(404,561,24,'DVR0404HF-S-E',12,'4 видео и 4 аудио. Выход: 1BNC, 1 VGA, HDMI. Пентаплекс, Н 264, русскоязычное меню, LINUX, 8 HDD (SATA), Записи 100 (D1), 100 (960Н). Тревожные входы, выходы. Сетевой. Габариты 440 х 460 х 89 мм.','<p>4 видео и 4 аудио. Выход: 1BNC, 1 VGA, HDMI. Пентаплекс, Н 264, русскоязычное меню, LINUX, 8 HDD (SATA), Записи 100 (D1), 100 (960Н). Тревожные входы, выходы. Сетевой. Габариты 440 х 460 х 89 мм.</p>','richhtml',5922,112244,1,'','','',''),(405,561,24,'DVR3108',12,'8 видео и 4 аудио. Выход: 1BNC, 1 VGA,  Пентаплекс, Н 264, русскоязычное меню,   ОП LINUX,  1 HDD (SATA), Записи 200 (CIF),  50 (D1). Сетевой. Габариты 325 х 245 х 45 мм.','<p>8 видео и 4 аудио. Выход: 1BNC, 1 VGA, Пентаплекс, Н 264, русскоязычное меню, ОП LINUX, 1 HDD (SATA), Записи 200 (CIF), 50 (D1). Сетевой. Габариты 325 х 245 х 45 мм.</p>','richhtml',1197,112245,1,'','','',''),(406,561,24,'DVR0804LE-AS',12,'8 видео и 4 аудио. Выход: 1BNC, 1 VGA. Пентаплекс, Н 264, русскоязычное меню, LINUX, 1 HDD (SATA), Записи 50 (D1). Тревожные входы, выходы. Сетевой. Габариты 375 х 245 х 45 мм.','<p>8 видео и 4 аудио. Выход: 1BNC, 1 VGA. Пентаплекс, Н 264, русскоязычное меню, LINUX, 1 HDD (SATA), Записи 50 (D1). Тревожные входы, выходы. Сетевой. Габариты 375 х 245 х 45 мм.</p>','richhtml',1485,112246,1,'','','',''),(407,561,24,'DVR0804LF-AS',12,'8 - канальный цифровой видеорегистратор, Пентаплекс, Н.264, запись: 2CIF или 2ch D1 + 6ch CIF, 25 кадров/с, Видео: 8вх./1вых, HDMI, VGA, 1 TВ BNC; Аудио: 1вх/1вых; Тревога: 8вх/1вых; 1 HDD (sata до 4Тб), LAN, USB интерфейс, USB мышка, RS485, 325х245х45мм','<p>8 - канальный цифровой видеорегистратор, Пентаплекс, Н.264, запись: 2CIF или 2ch D1 + 6ch CIF, 25 кадров/с, Видео: 8вх./1вых, HDMI, VGA, 1 TВ BNC; Аудио: 1вх/1вых; Тревога: 8вх/1вых; 1 HDD (sata до 4Тб), LAN, USB интерфейс, USB мышка, RS485, 325х245х45мм U1, 1,5 кг</p>','richhtml',1395,112247,1,'','','',''),(408,561,24,'DVR0804HF-A',12,'8 видео и 8 аудио. Выход: 1BNC, 1 VGA, HDMI. Пентаплекс, Н 264, русскоязычное меню, LINUX, 2 HDD (SATA), Записи 200 (D1). Тревожные входы, выходы. Сетевой. Габариты 375 х 285 х 45 мм.','<p>8 видео и 8 аудио. Выход: 1BNC, 1 VGA, HDMI. Пентаплекс, Н 264, русскоязычное меню, LINUX, 2 HDD (SATA), Записи 200 (D1). Тревожные входы, выходы. Сетевой. Габариты 375 х 285 х 45 мм.</p>','richhtml',3105,112248,1,'','','',''),(409,561,24,'DVR0804HF-L',12,'8 видео и 4 аудио. Выход: 1BNC, 1 VGA, HDMI. Пентаплекс, Н 264, русскоязычное меню, LINUX, 4 HDD (SATA), Записи 200 (D1). Сетевой. Габариты 440 х 460 х 68 мм.','<p>8 видео и 4 аудио. Выход: 1BNC, 1 VGA, HDMI. Пентаплекс, Н 264, русскоязычное меню, LINUX, 4 HDD (SATA), Записи 200 (D1). Сетевой. Габариты 440 х 460 х 68 мм.</p>','richhtml',3870,112249,1,'','','',''),(410,561,24,'DVR0804HF-S',12,'8 видео и 8 аудио. Выход: 1BNC, 1 VGA, HDMI. Пентаплекс, Н 264, русскоязычное меню, LINUX,  8HDD (SATA), Записи 200 (D1). Тревожные входы, выходы. Сетевой. Габариты 440 х 460 х 89 мм.','<p>8 видео и 8 аудио. Выход: 1BNC, 1 VGA, HDMI. Пентаплекс, Н 264, русскоязычное меню, LINUX, 8HDD (SATA), Записи 200 (D1). Тревожные входы, выходы. Сетевой. Габариты 440 х 460 х 89 мм.</p>','richhtml',5400,112250,1,'','','',''),(411,561,24,'DVR0804HF-S-Е',12,'8 видео и 8 аудио. Выход: 1BNC, 1 VGA, HDMI. Пентаплекс, Н 264, русскоязычное меню, LINUX,  8HDD (SATA), Записи 200 (D1), 200 (960Н). Тревожные входы, выходы.Тревожные входы, выходы. Сетевой. Габариты 440 х 460 х 89 мм.','<p>8 видео и 8 аудио. Выход: 1BNC, 1 VGA, HDMI. Пентаплекс, Н 264, русскоязычное меню, LINUX, 8HDD (SATA), Записи 200 (D1), 200 (960Н). Тревожные входы, выходы.Тревожные входы, выходы. Сетевой. Габариты 440 х 460 х 89 мм.</p>','richhtml',7551,112251,1,'','','',''),(412,561,24,'DVR3116',12,'16 видео и 4 аудио. Выход: 1BNC, 1 VGA . Пентаплекс, Н 264, русскоязычное меню, 1 HDD (SATA), Записи 400 (CIF),  100 (D1). Сетевой.  Габариты 325 х 245 х 45 мм.','<p>16 видео и 4 аудио. Выход: 1BNC, 1 VGA . Пентаплекс, Н 264, русскоязычное меню, 1 HDD (SATA), Записи 400 (CIF), 100 (D1). Сетевой. Габариты 325 х 245 х 45 мм.</p>','richhtml',1575,112252,1,'','','',''),(413,561,24,'DVR1604HF-A',12,'16 видео и 4 аудио. Выход: 1BNC, 1 VGA, HDMI. Пентаплекс, Н264, русскоязычное меню,  2 HDD (SATA), Записи 400 (D1). Сетевой. Габариты 375 х 285 х 45 мм.','<p>16 видео и 4 аудио. Выход: 1BNC, 1 VGA, HDMI. Пентаплекс, Н264, русскоязычное меню, 2 HDD (SATA), Записи 400 (D1). Сетевой. Габариты 375 х 285 х 45 мм.</p>','richhtml',4005,112253,1,'','','',''),(414,561,24,'DVR1604HF-L',12,'16 видео и 4 аудио. Выход: 1BNC, 1 VGA, HDMI. Пентаплекс, Н264, русскоязычное меню,   4 HDD (SATA), Записи 400 (D1). Сетевой.  Габариты 440 х 460 х 68 мм.','<p>16 видео и 4 аудио. Выход: 1BNC, 1 VGA, HDMI. Пентаплекс, Н264, русскоязычное меню, 4 HDD (SATA), Записи 400 (D1). Сетевой. Габариты 440 х 460 х 68 мм.</p>','richhtml',5148,112254,1,'','','',''),(415,561,25,'DS-7104HWI-SH (960H)',12,'4-канальный Full 960H Mini 1U Home цифровой видеорегистратор, H.264; Запись: 960H/D1/2CIF/CIF - 25 к/с; Видео выходы: VGA, TV; Аудио 1вх/1вых(RCA); 1xHDD(SATA) до 4Тб, RJ-45, 2 USB, управление: мышка; DC 12В, 0.8кг, 45(В)х 205(Ш)х 205(Г) мм.','<p>4-канальный Full 960H Mini 1U Home цифровой видеорегистратор, H.264; Запись: 960H/D1/2CIF/CIF - 25 к/с; Видео выходы: VGA, TV; Аудио 1вх/1вых(RCA); 1xHDD(SATA) до 4Тб, RJ-45, 2 USB, управление: мышка; DC 12В, 0.8кг, 45(В)х 205(Ш)х 205(Г) мм.</p>','richhtml',648,112258,1,'','','',''),(466,722,6,'AEG S73200CNS1',12,'холодильник с морозильником, отдельно стоящий, морозильник снизу, общий объем 301 л, 2-камерный, электромеханическое управление, габариты (ШxГxВ): 59.5x65.8x175 см, цвет: серебристый.','<p>холодильник с морозильником, отдельно стоящий, морозильник снизу, общий объем 301 л, 2-камерный, электромеханическое управление, габариты (ШxГxВ): 59.5x65.8x175 см, цвет: серебристый.</p>','richhtml',5958,102033325,1,'8368267d60ad34f2e7394b986d1c8785576ff4b5.jpeg','','',''),(467,722,6,'AEG S73200CNW1',12,'холодильник с морозильником, отдельно стоящий, морозильник снизу, общий объем 301 л, 2-камерный, электромеханическое управление, габариты (ШxГxВ): 59.5x65.8x175 см, цвет: белый.','<p>холодильник с морозильником, отдельно стоящий, морозильник снизу, общий объем 301 л, 2-камерный, электромеханическое управление, габариты (ШxГxВ): 59.5x65.8x175 см, цвет: белый.</p>','richhtml',5379,102033326,1,'ef6b16610d90ca9abedc77fb692417bccc14b006.jpeg','','',''),(468,722,6,'AEG S83600CMM0',12,'холодильник с морозильником, отдельно стоящий, морозильник снизу, общий объем 358 л, 2-камерный, электронное управление, зона свежести, защита от детей, габариты (ШxГxВ): 60x66x203 см, цвет: серый.','<p>холодильник с морозильником, отдельно стоящий, морозильник снизу, общий объем 358 л, 2-камерный, электронное управление, зона свежести, защита от детей, габариты (ШxГxВ): 60x66x203 см, цвет: серый.</p>','richhtml',9291,102033327,1,'094aafb604c9458022170a89ee3e2a60c72e5712.jpeg','','',''),(469,722,6,'AEG S83600CMW1',12,'холодильник с морозильником, отдельно стоящий, морозильник снизу, общий объем 358 л, 2-камерный, электронное управление, зона свежести, габариты (ШxГxВ): 59.5x65.8x202.5 см, цвет: белый.','<p>холодильник с морозильником, отдельно стоящий, морозильник снизу, общий объем 358 л, 2-камерный, электронное управление, зона свежести, габариты (ШxГxВ): 59.5x65.8x202.5 см, цвет: белый.</p>','richhtml',10881,102033328,1,'cb4462b6707a240f356966b53c20afafe2682517.jpeg','','',''),(470,722,7,'ARDO COF2110SA',12,'холодильник с морозильником, отдельно стоящий, морозильник снизу, общий объем 292 л, 2-камерный, электромеханическое управление, зона свежести, габариты (ШxГxВ): 59.3x67.7x185 см, цвет: белый.','<p>холодильник с морозильником, отдельно стоящий, морозильник снизу, общий объем 292 л, 2-камерный, электромеханическое управление, зона свежести, габариты (ШxГxВ): 59.3x67.7x185 см, цвет: белый.</p>','richhtml',5273,102033329,1,'4a600c878f28ca870cb4867cfa77f2382570b095.jpeg','','',''),(471,722,7,'ARDO MP22SA',12,'Однокамерный холодильник Высота: 120,4 см. Общий объем: 200 л. Холодильная камера: 175 л. Морозильная камера: верхняя, 20 л. Класс энергопотр.: А','<p>Однокамерный холодильник Высота:&nbsp;120,4 см. Общий объем:&nbsp;200 л. Холодильная камера:&nbsp;175 л. Морозильная камера:&nbsp;верхняя, 20 л. Класс энергопотр.:&nbsp;А</p>','richhtml',2502,102033330,1,'a406a37da881723fa260d257db187da7e5fc1df6.jpeg','','',''),(472,722,8,'ATLANT 1845-62',12,'холодильник с морозильником, отдельно стоящий, морозильник снизу, общий объем 384 л, 2-камерный, электронное управление, габариты (ШxГxВ): 60x64x205 см, цвет: белый.','<p>холодильник с морозильником, отдельно стоящий, морозильник снизу, общий объем 384 л, 2-камерный, электронное управление, габариты (ШxГxВ): 60x64x205 см, цвет: белый.</p>','richhtml',4571,102033331,1,'ba6e2f2df6c32ad95a09d0bff8f75c96871724c8.jpeg','','',''),(473,722,8,'ATLANT 1845-80',12,'холодильник с морозильником, отдельно стоящий, морозильник снизу, общий объем 384 л, 2-камерный, электронное управление, габариты (ШxГxВ): 60x64x205 см, цвет: серебристый.','<p>холодильник с морозильником, отдельно стоящий, морозильник снизу, общий объем 384 л, 2-камерный, электронное управление, габариты (ШxГxВ): 60x64x205 см, цвет: серебристый.</p>','richhtml',4571,102033332,1,'5790d2f44f37826219da377e58fe0a7cd0c4bc92.jpeg','','',''),(474,722,8,'ATLANT 1847-62',12,'холодильник с морозильником, отдельно стоящий, морозильник снизу, общий объем 345 л, 2-камерный, электронное управление, габариты (ШxГxВ): 60x64x186 см, цвет: белый.','<p>холодильник с морозильником, отдельно стоящий, морозильник снизу, общий объем 345 л, 2-камерный, электронное управление, габариты (ШxГxВ): 60x64x186 см, цвет: белый.</p>','richhtml',4022,102033333,1,'33e1cf9787001aa9b7bad0d3f54ba302b35dc0dd.jpeg','','',''),(475,722,8,'ATLANT 1848-10',12,'холодильник с морозильником, отдельно стоящий, морозильник снизу, общий объем 359 л, 2-камерный, электронное управление, габариты (ШxГxВ): 60x64x195 см, цвет: белый.','<p>холодильник с морозильником, отдельно стоящий, морозильник снизу, общий объем 359 л, 2-камерный, электронное управление, габариты (ШxГxВ): 60x64x195 см, цвет: белый.</p>','richhtml',4194,102033334,1,'8aecc3fba153bcdc05594183e15b2c084c9823af.jpeg','','',''),(476,722,8,'ATLANT 1848-80',12,'холодильник с морозильником, отдельно стоящий, морозильник снизу, общий объем 359 л, 2-камерный, электронное управление, габариты (ШxГxВ): 60x64x195 см, цвет: серебристый.','<p>холодильник с морозильником, отдельно стоящий, морозильник снизу, общий объем 359 л, 2-камерный, электронное управление, габариты (ШxГxВ): 60x64x195 см, цвет: серебристый.</p>','richhtml',4500,102033335,1,'35f9a5e312b9f24fffcfef5cbf678d7dfc01bf7c.jpeg','','',''),(477,722,8,'ATLANT 2808-90',12,'холодильник с морозильником, отдельно стоящий, морозильник сверху, общий объем 263 л, 2-камерный, электромеханическое управление, габариты (ШxГxВ): 60x63x154 см, цвет: белый.','<p>холодильник с морозильником, отдельно стоящий, морозильник сверху, общий объем 263 л, 2-камерный, электромеханическое управление, габариты (ШxГxВ): 60x63x154 см, цвет: белый.</p>','richhtml',2596,102033336,1,'fa2657978c600e72f4f7625f1f58dcba8e60d93d.jpeg','','',''),(478,722,8,'ATLANT 2826-95',12,'холодильник с морозильником, отдельно стоящий, морозильник сверху, общий объем 293 л, 2-камерный, электромеханическое управление, габариты (ШxГxВ): 60x63x167 см, цвет: белый.','<p>холодильник с морозильником, отдельно стоящий, морозильник сверху, общий объем 293 л, 2-камерный, электромеханическое управление, габариты (ШxГxВ): 60x63x167 см, цвет: белый.</p>','richhtml',2772,102033337,1,'064c82969d6742a701be708859d1751e092bd327.jpeg','','',''),(479,722,8,'ATLANT 4012-022',12,'холодильник с морозильником, отдельно стоящий, морозильник снизу, общий объем 320 л, 2-камерный, электромеханическое управление, габариты (ШxГxВ): 60x63x176 см, цвет: белый.','<p>холодильник с морозильником, отдельно стоящий, морозильник снизу, общий объем 320 л, 2-камерный, электромеханическое управление, габариты (ШxГxВ): 60x63x176 см, цвет: белый.</p>','richhtml',3208,102033338,1,'0b935b18e2b9c5f4cefc7e18078f80b4b1fb9bf4.jpeg','','',''),(480,722,8,'ATLANT 4012-080G',12,'холодильник с морозильником, отдельно стоящий, морозильник снизу, общий объем 320 л, 2-камерный, электромеханическое управление, габариты (ШxГxВ): 60x63x176 см, цвет: серебристый.','<p>холодильник с морозильником, отдельно стоящий, морозильник снизу, общий объем 320 л, 2-камерный, электромеханическое управление, габариты (ШxГxВ): 60x63x176 см, цвет: серебристый.</p>','richhtml',3500,102033339,1,'66a0b53fab43afd4fe3048662a53fd997a0f15d0.jpeg','','',''),(481,722,8,'ATLANT 4012-082',12,'холодильник с морозильником, отдельно стоящий, морозильник снизу, общий объем 320 л, 2-камерный, электромеханическое управление, габариты (ШxГxВ): 60x63x176 см, цвет: зелёный.','<p>холодильник с морозильником, отдельно стоящий, морозильник снизу, общий объем 320 л, 2-камерный, электромеханическое управление, габариты (ШxГxВ): 60x63x176 см, цвет: зелёный.</p>','richhtml',3616,102033340,1,'910e54ae44862a44694e39bf2ac85832b427f662.jpeg','','',''),(482,722,8,'ATLANT 4214-014',12,'холодильник с морозильником, отдельно стоящий, морозильник снизу, общий объем 248 л, 2-камерный, электромеханическое управление, габариты (ШxГxВ): 54.5x60x180.5 см.','<p>холодильник с морозильником, отдельно стоящий, морозильник снизу, общий объем 248 л, 2-камерный, электромеханическое управление, габариты (ШxГxВ): 54.5x60x180.5 см.</p>','richhtml',3182,102033341,1,'463e01dfc92c0667d5612fa76ca4e9f8aba6e571.jpeg','','',''),(483,722,8,'ATLANT 6020-031',12,'холодильник с морозильником, отдельно стоящий, морозильник снизу, общий объем 328 л, 2-камерный, электромеханическое управление, габариты (ШxГxВ): 60x63x176 см, цвет: белый.','<p>холодильник с морозильником, отдельно стоящий, морозильник снизу, общий объем 328 л, 2-камерный, электромеханическое управление, габариты (ШxГxВ): 60x63x176 см, цвет: белый.</p>','richhtml',3662,102033342,1,'1e88e1a8a5790843ee609b9640b1bd7f6d190721.jpeg','','',''),(484,722,8,'ATLANT 6021-031',12,'холодильник с морозильником, отдельно стоящий, морозильник снизу, общий объем 345 л, 2-камерный, электромеханическое управление, габариты (ШxГxВ): 60x63x186 см, цвет: белый.','<p>холодильник с морозильником, отдельно стоящий, морозильник снизу, общий объем 345 л, 2-камерный, электромеханическое управление, габариты (ШxГxВ): 60x63x186 см, цвет: белый.</p>','richhtml',3526,102033343,1,'8022d2c60c1135b77c4b3e65e84d42f03f24f1b6.jpeg','','',''),(485,722,8,'ATLANT 6024-031',12,'холодильник с морозильником, отдельно стоящий, морозильник снизу, общий объем 367 л, 2-камерный, электромеханическое управление, габариты (ШxГxВ): 60x63x195 см, цвет: белый.','<p>холодильник с морозильником, отдельно стоящий, морозильник снизу, общий объем 367 л, 2-камерный, электромеханическое управление, габариты (ШxГxВ): 60x63x195 см, цвет: белый.</p>','richhtml',3748,102033344,1,'32dd86e7e3cec0072f85fcda80dc5aa029120e2b.jpeg','','',''),(486,722,8,'ATLANT 6024-100',12,'холодильник с морозильником, отдельно стоящий, морозильник снизу, общий объем 367 л, 2-камерный, электромеханическое управление, габариты (ШxГxВ): 60x63x195 см, цвет: белый.','<p>холодильник с морозильником, отдельно стоящий, морозильник снизу, общий объем 367 л, 2-камерный, электромеханическое управление, габариты (ШxГxВ): 60x63x195 см, цвет: белый.</p>','richhtml',3833,102033345,1,'ab14067f67f62dceb631907ff26c06b45c871d57.jpeg','','',''),(487,722,8,'ATLANT 6025-031',12,'холодильник с морозильником, отдельно стоящий, морозильник снизу, общий объем 384 л, 2-камерный, электромеханическое управление, габариты (ШxГxВ): 60x63x205 см, цвет: белый.','<p>холодильник с морозильником, отдельно стоящий, морозильник снизу, общий объем 384 л, 2-камерный, электромеханическое управление, габариты (ШxГxВ): 60x63x205 см, цвет: белый.</p>','richhtml',4022,102033346,1,'94d1f61c1c2030b3f8320741637c74e4ff4ac20e.jpeg','','',''),(488,722,8,'ATLANT 6025-081',12,'холодильник с морозильником, отдельно стоящий, морозильник снизу, общий объем 384 л, 2-камерный, электромеханическое управление, габариты (ШxГxВ): 60x63x205 см, цвет: бежевый.','<p>холодильник с морозильником, отдельно стоящий, морозильник снизу, общий объем 384 л, 2-камерный, электромеханическое управление, габариты (ШxГxВ): 60x63x205 см, цвет: бежевый.</p>','richhtml',4484,102033347,1,'cf9a3fdb96c1ddb9787708b1b46d729912dd52f6.jpeg','','',''),(489,722,8,'ATLANT 6026-100',12,'холодильник с морозильником, отдельно стоящий, морозильник снизу, общий объем 393 л, 2-камерный, электромеханическое управление, габариты (ШxГxВ): 60x63x205 см, цвет: белый.','<p>холодильник с морозильником, отдельно стоящий, морозильник снизу, общий объем 393 л, 2-камерный, электромеханическое управление, габариты (ШxГxВ): 60x63x205 см, цвет: белый.</p>','richhtml',4039,102033348,1,'07b7414c639b2fd7337a12a0e9d0bf919c74eba4.jpeg','','',''),(490,722,8,'ATLANT 6125-131',12,'холодильник с морозильником, отдельно стоящий, морозильник снизу, общий объем 342 л, 2-камерный, электронное управление, зона свежести, габариты (ШxГxВ): 59.5x62.5x206.5 см, цвет: белый.','<p>холодильник с морозильником, отдельно стоящий, морозильник снизу, общий объем 342 л, 2-камерный, электронное управление, зона свежести, габариты (ШxГxВ): 59.5x62.5x206.5 см, цвет: белый.</p>','richhtml',4512,102033349,1,'8689ad56d0715255e6c4b97c589b4d7934ab1281.jpeg','','',''),(491,722,9,'BEKO CN136220',12,'холодильник с морозильником, отдельно стоящий, морозильник снизу, общий объем 310 л, 2-камерный, электронное управление, система подачи холодной воды, габариты (ШxГxВ): 60x65x186.5 см, цвет: серебристый.','<p>холодильник с морозильником, отдельно стоящий, морозильник снизу, общий объем 310 л, 2-камерный, электронное управление, система подачи холодной воды, габариты (ШxГxВ): 60x65x186.5 см, цвет: серебристый.</p>','richhtml',3688,102033350,1,'4f9a98d69841c0e592a13d96a67238254a45a6c4.jpeg','','',''),(492,722,9,'BEKO CN136220DS',12,'холодильник с морозильником, отдельно стоящий, морозильник снизу, общий объем 310 л, 2-камерный, электронное управление, система подачи холодной воды, габариты (ШxГxВ): 60x65x186.5 см, цвет: серебристый.','<p>холодильник с морозильником, отдельно стоящий, морозильник снизу, общий объем 310 л, 2-камерный, электронное управление, система подачи холодной воды, габариты (ШxГxВ): 60x65x186.5 см, цвет: серебристый.</p>','richhtml',4237,102033351,1,'685beb593740ad34dfc504d17946e6085d2d7ede.jpeg','','',''),(493,722,9,'BEKO CN228121',12,'холодильник с морозильником, отдельно стоящий, морозильник снизу, общий объем 266 л, 2-камерный, электромеханическое управление, габариты (ШxГxВ): 59.5x60x175.4 см, цвет: белый.','<p>холодильник с морозильником, отдельно стоящий, морозильник снизу, общий объем 266 л, 2-камерный, электромеханическое управление, габариты (ШxГxВ): 59.5x60x175.4 см, цвет: белый.</p>','richhtml',3688,102033352,1,'293126e580294982d2e5b9c101507bf4c1674b28.jpeg','','',''),(494,722,9,'BEKO CS238020',12,'холодильник с морозильником, отдельно стоящий, морозильник снизу, общий объем 331 л, 2-камерный, электромеханическое управление, габариты (ШxГxВ): 59.5x60x201 см, цвет: белый.','<p>холодильник с морозильником, отдельно стоящий, морозильник снизу, общий объем 331 л, 2-камерный, электромеханическое управление, габариты (ШxГxВ): 59.5x60x201 см, цвет: белый.</p>','richhtml',3406,102033353,1,'74808545afbd506eb59fae7c327b07072cc833d7.jpeg','','',''),(495,722,9,'BEKO CS335020',12,'холодильник с морозильником, отдельно стоящий, морозильник снизу, общий объем 294 л, 2-камерный, электромеханическое управление, габариты (ШxГxВ): 54x60x201 см, цвет: белый.','<p>холодильник с морозильником, отдельно стоящий, морозильник снизу, общий объем 294 л, 2-камерный, электромеханическое управление, габариты (ШxГxВ): 54x60x201 см, цвет: белый.</p>','richhtml',3087,102033354,1,'7442b7f9ac3963caf1c6de1c4d7ca01a975b8635.jpeg','','',''),(496,722,9,'BEKO CSA24023',12,'холодильник с морозильником, отдельно стоящий, морозильник снизу, общий объем 240 л, 2-камерный, электромеханическое управление, габариты (ШxГxВ): 54.5x60x152.5 см, цвет: белый.','<p>холодильник с морозильником, отдельно стоящий, морозильник снизу, общий объем 240 л, 2-камерный, электромеханическое управление, габариты (ШxГxВ): 54.5x60x152.5 см, цвет: белый.</p>','richhtml',2826,102033355,1,'eb58904bd0f7f4f41c85af95d78585431cab1178.jpeg','','',''),(497,722,9,'BEKO DSA25000',12,'холодильник с морозильником, отдельно стоящий, морозильник сверху, общий объем 230 л, 2-камерный, электромеханическое управление, габариты (ШxГxВ): 55x60x146 см, цвет: белый.','<p>холодильник с морозильником, отдельно стоящий, морозильник сверху, общий объем 230 л, 2-камерный, электромеханическое управление, габариты (ШxГxВ): 55x60x146 см, цвет: белый.</p>','richhtml',2354,102033356,1,'e0a26bf9925a7b8f521a672cf2946a13f3c7f8c2.jpeg','','',''),(498,722,10,'BOSCH KGN36VW20X',12,'Класс энергопотребления AplusГодовой расход электроэнергии 280 кВтРаздельное электронное управлениеCенсорные клавишиВнешний LCD-дисплейПолезный объем 287 лОбъем холодильной камеры 221 лСистема Multi Airflow','<p>Класс энергопотребления AplusГодовой расход электроэнергии 280 кВтРаздельное электронное управлениеCенсорные клавишиВнешний LCD-дисплейПолезный объем 287 лОбъем холодильной камеры 221 лСистема Multi Airflow</p>','richhtml',4737,102033357,1,'bbb6ee12405b8744db26e5ac495cb8191bdf5451.jpeg','','',''),(499,722,172,'DAEWOO FR064R',12,'Количество камер 1 Объем холодильной камеры 59 л Кол-во компрессоров 1 Кол-во контуров охлаждения 1 Класс энергопотребления A Цвет белый Габариты (ВхШхГ) 51х44х45 см Вес 16 кг','<p>Количество камер 1 Объем холодильной камеры 59 л Кол-во компрессоров 1 Кол-во контуров охлаждения 1 Класс энергопотребления A Цвет белый Габариты (ВхШхГ) 51х44х45 см Вес 16 кг</p>','richhtml',1338,102033358,1,'664ac281467795cd1b0af7a7f84f3a040d07dd00.jpeg','','',''),(500,722,12,'DELFA DRF130RN',12,'холодильник с морозильником, отдельно стоящий, морозильник сверху, общий объем 111 л, 1-камерный, электромеханическое управление, габариты (ШxГxВ): 50x52x85 см, цвет: белый.','<p>холодильник с морозильником, отдельно стоящий, морозильник сверху, общий объем 111 л, 1-камерный, электромеханическое управление, габариты (ШxГxВ): 50x52x85 см, цвет: белый.</p>','richhtml',1633,102033359,1,'7e44ae6e4eded07201e53c760c85c64a1d728e00.jpeg','','',''),(501,722,13,'ELECTROLUX EN3453AOW',12,'холодильник с морозильником, отдельно стоящий, морозильник снизу, общий объем 321 л, 2-камерный, электронное управление, зона свежести, габариты (ШxГxВ): 59.5x65.8x185.9 см, цвет: белый.','<p>холодильник с морозильником, отдельно стоящий, морозильник снизу, общий объем 321 л, 2-камерный, электронное управление, зона свежести, габариты (ШxГxВ): 59.5x65.8x185.9 см, цвет: белый.</p>','richhtml',7051,102033360,1,'d228e24ada986b2df3f1d46f180817367ba20a38.jpeg','','',''),(502,722,13,'ELECTROLUX ERF3301AOX',12,'холодильник без морозильника, отдельно стоящий, общий объем 320 л, 1-камерный, электронное управление, габариты (ШxГxВ): 59.5x65.8x154.4 см, цвет: серебристый.','<p>холодильник без морозильника, отдельно стоящий, общий объем 320 л, 1-камерный, электронное управление, габариты (ШxГxВ): 59.5x65.8x154.4 см, цвет: серебристый.</p>','richhtml',5087,102033361,1,'fbebf2e92a45d08105f974cfdb4b20907f3818ad.jpeg','','',''),(503,722,14,'GORENJE RK6181 EХ',12,'Класс энергопотребления: A+ Энергопотребление: 292 КВтч/год. Общий объем: 342 л. Масса замораживания: 4 кг/24ч. Автоматическое размораживание. Контейнер зоны FreshZone. Габариты: 60x180x64 см. Цвет: серебристый металлик.','<p>Класс энергопотребления: A+ Энергопотребление: 292 КВтч/год. Общий объем: 342 л. Масса замораживания: 4 кг/24ч. Автоматическое размораживание. Контейнер зоны FreshZone. Габариты: 60x180x64 см. Цвет: серебристый металлик.</p>','richhtml',4877,102033362,1,'b6d617f461d6ab2976b72528ed0e65e1eefd9b10.jpeg','','',''),(504,722,14,'GORENJE RK6335W1',12,'холодильник с морозильником, отдельно стоящий, морозильник снизу, общий объем 308 л, 2-камерный, габариты (ШxГxВ): 60x62.5x177 см, цвет: белый.','<p>холодильник с морозильником, отдельно стоящий, морозильник снизу, общий объем 308 л, 2-камерный, габариты (ШxГxВ): 60x62.5x177 см, цвет: белый.</p>','richhtml',3478,102033363,1,'4f1969d8bc0285126928a7131cab72a0bea7c43a.jpeg','','',''),(505,722,14,'GORENJE RK6355AW1',12,'холодильник с морозильником, отдельно стоящий, морозильник снизу, общий объем 317 л, 2-камерный, электромеханическое управление, габариты (ШxГxВ): 60x62.5x185.5 см, цвет: белый.','<p>холодильник с морозильником, отдельно стоящий, морозильник снизу, общий объем 317 л, 2-камерный, электромеханическое управление, габариты (ШxГxВ): 60x62.5x185.5 см, цвет: белый.</p>','richhtml',3888,102033364,1,'5b1498a6baa11a854453d8d0473b9ab4c27a422d.jpeg','','',''),(506,722,14,'GORENJE RK65SYA',12,'холодильник с морозильником, отдельно стоящий, морозильник снизу, общий объем 316 л, 2-камерный, электромеханическое управление, зона свежести, габариты (ШxГxВ): 60x64x180 см, цвет: серебристый.','<p>холодильник с морозильником, отдельно стоящий, морозильник снизу, общий объем 316 л, 2-камерный, электромеханическое управление, зона свежести, габариты (ШxГxВ): 60x64x180 см, цвет: серебристый.</p>','richhtml',4675,102033365,1,'02643c59a93e937ffe1a8954a67ceeb727f51a0b.jpeg','','',''),(507,722,16,'HOTPOINT-ARISTON BCZM400IX',12,'Тип холодильника комби Линия дизайна Experience Класс энергопотребления A+ Суточное потребление эл. энергии, (кВт/24 ч.) 0.76 Общий объем, (л) 361 Общий объем холодильного отделения, (л) 245 Общий объем морозильного отделения, (л) 116 Полезный объем , (л)','<p>Тип холодильника комби Линия дизайна Experience Класс энергопотребления A+ Суточное потребление эл. энергии, (кВт/24 ч.) 0.76 Общий объем, (л) 361 Общий объем холодильного отделения, (л) 245 Общий объем морозильного отделения, (л) 116 Полезный объем , (л) 324 Полезный объем холодильного отделения, (л) 240 Полезный объем морозильного отделения, (л) 84 Уровень шума, (дБ(А)) 41 Количество компрессоров один с электроклапаном Цвет нержавеющей стали</p>','richhtml',7262,102033366,1,'5b15a38064dbfa3dab0ef7f40b1ecd5e3a5d9f45.jpeg','','',''),(508,722,16,'HOTPOINT-ARISTON EBM18220F',12,'холодильник с морозильником, отдельно стоящий, морозильник снизу, общий объем 300 л, 2-камерный, электромеханическое управление, габариты (ШxГxВ): 60x65.5x187 см, цвет: серебристый.','<p>холодильник с морозильником, отдельно стоящий, морозильник снизу, общий объем 300 л, 2-камерный, электромеханическое управление, габариты (ШxГxВ): 60x65.5x187 см, цвет: серебристый.</p>','richhtml',3782,102033367,1,'d1f280105707832aaa400d3af5b03f7e2cc13a6d.jpeg','','',''),(509,722,17,'INDESIT BIA16NF',12,'Общий полезный объем: 259 л. Класс энергопотребления: A. Количество компрессоров: 1. Уровень шума: 42 дБ. Управление: механическое. No Frost. Габариты (ШхВхГ):600х1670х665 мм.','<p>Общий полезный объем: 259 л. Класс энергопотребления: A. Количество компрессоров: 1. Уровень шума: 42 дБ. Управление: механическое. No Frost. Габариты (ШхВхГ):600х1670х665 мм.</p>','richhtml',3239,102033368,1,'2438cf42e4a300f9b9592023b06d392a07ff4f0f.jpeg','','',''),(510,722,17,'INDESIT BIAA16NF',12,'холодильник с морозильником, отдельно стоящий, морозильник снизу, общий объем 295 л, 2-камерный, электромеханическое управление, габариты (ШxГxВ): 60x66x167 см, цвет: белый.','<p>холодильник с морозильником, отдельно стоящий, морозильник снизу, общий объем 295 л, 2-камерный, электромеханическое управление, габариты (ШxГxВ): 60x66x167 см, цвет: белый.</p>','richhtml',3337,102033369,1,'45eb11ec3eab55b4640e415bd6ad59c339de3add.jpeg','','',''),(511,722,17,'INDESIT BIAA18H',12,'холодильник с морозильником, отдельно стоящий, морозильник снизу, общий объем 339 л, 2-камерный, электромеханическое управление, габариты (ШxГxВ): 60x66x185 см, цвет: белый.','<p>холодильник с морозильником, отдельно стоящий, морозильник снизу, общий объем 339 л, 2-камерный, электромеханическое управление, габариты (ШxГxВ): 60x66x185 см, цвет: белый.</p>','richhtml',2760,102033370,1,'831c7d89fdef590aaa8bde153de3eaec2b2a5dfb.jpeg','','',''),(512,722,17,'INDESIT NBS15A',12,'холодильник с морозильником, отдельно стоящий, морозильник снизу, общий объем 243 л, 2-камерный, электромеханическое управление, габариты (ШxГxВ): 60x67x150 см, цвет: белый.','<p>холодильник с морозильником, отдельно стоящий, морозильник снизу, общий объем 243 л, 2-камерный, электромеханическое управление, габариты (ШxГxВ): 60x67x150 см, цвет: белый.</p>','richhtml',2775,102033371,1,'35c21d8f7baf8f91c5cbc48fe45027cb5cefe232.jpeg','','',''),(513,722,17,'INDESIT NBS20A',12,'холодильник с морозильником, отдельно стоящий, морозильник снизу, общий объем 341 л, 2-камерный, электромеханическое управление, габариты (ШxГxВ): 60x66.5x200 см, цвет: белый.','<p>холодильник с морозильником, отдельно стоящий, морозильник снизу, общий объем 341 л, 2-камерный, электромеханическое управление, габариты (ШxГxВ): 60x66.5x200 см, цвет: белый.</p>','richhtml',2765,102033372,1,'a38835a3355684ed76678e0529d42972239efcc8.jpeg','','',''),(514,722,17,'INDESIT PBAA34FXD',12,'холодильник с морозильником, отдельно стоящий, морозильник снизу, общий объем 356 л, 2-камерный, электронное управление, защита от детей, габариты (ШxГxВ): 60x72x200 см, цвет: серебристый.','<p>холодильник с морозильником, отдельно стоящий, морозильник снизу, общий объем 356 л, 2-камерный, электронное управление, защита от детей, габариты (ШxГxВ): 60x72x200 см, цвет: серебристый.</p>','richhtml',5456,102033373,1,'46280706fe0000f03e468a42443d6e7f34f4003e.png','','',''),(515,722,3,'LG GW-B207QLQA',12,'холодильник с морозильником, отдельно стоящий, Side by Side, общий объем 527 л, 2-камерный, электронное управление, защита от детей, габариты (ШxГxВ): 89.4x72.5x175.3 см, цвет: серебристый.','<p>холодильник с морозильником, отдельно стоящий, Side by Side, общий объем 527 л, 2-камерный, электронное управление, защита от детей, габариты (ШxГxВ): 89.4x72.5x175.3 см, цвет: серебристый.</p>','richhtml',7304,102033374,1,'cb1316cd2fd07fd615f741939d86b36360d8a2a4.jpeg','','',''),(516,722,3,'LG GW-B207QVQV',12,'холодильник с морозильником, отдельно стоящий, Side by Side, общий объем 527 л, 2-камерный, электронное управление, защита от детей, габариты (ШxГxВ): 89.4x72.5x175.3 см, цвет: белый.','<p>холодильник с морозильником, отдельно стоящий, Side by Side, общий объем 527 л, 2-камерный, электронное управление, защита от детей, габариты (ШxГxВ): 89.4x72.5x175.3 см, цвет: белый.</p>','richhtml',7706,102033375,1,'5782403d5a80a6607f7f3c7ea68ff4bb584d045a.jpeg','','',''),(517,722,3,'LG GW-B429BCW',12,'холодильник с морозильником, отдельно стоящий, морозильник снизу, общий объем 308 л, 2-камерный, электромеханическое управление, габариты (ШxГxВ): 60x68x178 см, цвет: белый.','<p>холодильник с морозильником, отдельно стоящий, морозильник снизу, общий объем 308 л, 2-камерный, электромеханическое управление, габариты (ШxГxВ): 60x68x178 см, цвет: белый.</p>','richhtml',3773,102033376,1,'f9fb7b940b704f8f98c5cc8cb6960d1861dc21c5.jpeg','','',''),(518,722,3,'LG GW-B489BCW',12,'холодильник с морозильником, отдельно стоящий, морозильник снизу, общий объем 360 л, 2-камерный, электронное управление, габариты (ШxГxВ): 59.5x67.1x201 см, цвет: белый.','<p>холодильник с морозильником, отдельно стоящий, морозильник снизу, общий объем 360 л, 2-камерный, электронное управление, габариты (ШxГxВ): 59.5x67.1x201 см, цвет: белый.</p>','richhtml',5675,102033377,1,'882d30494b05fff8f3726b6573e645776acd010b.jpeg','','',''),(519,722,3,'LG GW-B489BLCW',12,'холодильник с морозильником, отдельно стоящий, морозильник снизу, общий объем 360 л, 2-камерный, электронное управление, габариты (ШxГxВ): 59.5x67.1x201 см, цвет: серебристый.','<p>холодильник с морозильником, отдельно стоящий, морозильник снизу, общий объем 360 л, 2-камерный, электронное управление, габариты (ШxГxВ): 59.5x67.1x201 см, цвет: серебристый.</p>','richhtml',5800,102033378,1,'3eca108934ae3eb0e52157ae280b65bfd6e79657.jpeg','','',''),(520,722,3,'NORD 403-010',12,'холодильник с морозильником, отдельно стоящий, морозильник сверху, общий объем 111 л, 1-камерный, электромеханическое управление, габариты (ШxГxВ): 50x52x85 см, цвет: белый.','<p>холодильник с морозильником, отдельно стоящий, морозильник сверху, общий объем 111 л, 1-камерный, электромеханическое управление, габариты (ШxГxВ): 50x52x85 см, цвет: белый.</p>','richhtml',1503,102033379,1,'71866545b14f87dbc31827fb439cc08da1fb44ee.jpeg','','',''),(521,722,173,'NORD 428-7-010',12,'холодильник с морозильником, встраиваемый, морозильник сверху, общий объем 144 л, 1-камерный, электромеханическое управление, габариты (ШxГxВ): 57.4x61x85 см, цвет: белый.','<p>холодильник с морозильником, встраиваемый, морозильник сверху, общий объем 144 л, 1-камерный, электромеханическое управление, габариты (ШxГxВ): 57.4x61x85 см, цвет: белый.</p>','richhtml',1693,102033380,1,'ae21099a80df825b51a14943d766ccfa978f0822.jpeg','','',''),(522,722,174,'PROFYCOOL BC42B',12,'холодильник без морозильника, отдельно стоящий, общий объем 42 л, 1-камерный, электромеханическое управление, габариты (ШxГxВ): 42x42x50 см, цвет: белый.','<p>холодильник без морозильника, отдельно стоящий, общий объем 42 л, 1-камерный, электромеханическое управление, габариты (ШxГxВ): 42x42x50 см, цвет: белый.</p>','richhtml',985,102033381,1,'716168de8eb89a863fb52a5e777bca8ec84e37dc.jpeg','','',''),(523,722,5,'SAMSUNG RL46RSBIH',12,'холодильник с морозильником, отдельно стоящий, морозильник снизу, общий объем 301 л, 2-камерный, электромеханическое управление, габариты (ШxГxВ): 59.5x64.3x182 см, цвет: серебристый.','<p>холодильник с морозильником, отдельно стоящий, морозильник снизу, общий объем 301 л, 2-камерный, электромеханическое управление, габариты (ШxГxВ): 59.5x64.3x182 см, цвет: серебристый.</p>','richhtml',4137,102033382,1,'17d979f6c0dc5d0aa0dd2ca0cacacef517d46895.jpeg','','',''),(524,722,5,'SAMSUNG RL46RSBMG',12,'холодильник с морозильником, отдельно стоящий, морозильник снизу, общий объем 300 л, 2-камерный, электромеханическое управление, габариты (ШxГxВ): 59.5x64.3x181.5 см, цвет: серый.','<p>холодильник с морозильником, отдельно стоящий, морозильник снизу, общий объем 300 л, 2-камерный, электромеханическое управление, габариты (ШxГxВ): 59.5x64.3x181.5 см, цвет: серый.</p>','richhtml',4237,102033383,1,'5aaaf2a608b7ff32845aa6728d1784b0e4e447a3.jpeg','','',''),(525,722,5,'SAMSUNG RL46RSBSW',12,'холодильник с морозильником, отдельно стоящий, морозильник снизу, общий объем 301 л, 2-камерный, электромеханическое управление, габариты (ШxГxВ): 59.5x64.3x182 см, цвет: белый.','<p>холодильник с морозильником, отдельно стоящий, морозильник снизу, общий объем 301 л, 2-камерный, электромеханическое управление, габариты (ШxГxВ): 59.5x64.3x182 см, цвет: белый.</p>','richhtml',3820,102033384,1,'fe2a33c7d0193e249d022dc0733295d010a044ed.jpeg','','',''),(526,722,5,'SAMSUNG RL48RECIH',12,'холодильник с морозильником, отдельно стоящий, морозильник снизу, общий объем 323 л, 2-камерный, электронное управление, габариты (ШxГxВ): 59.5x64.3x192 см, цвет: серебристый.','<p>холодильник с морозильником, отдельно стоящий, морозильник снизу, общий объем 323 л, 2-камерный, электронное управление, габариты (ШxГxВ): 59.5x64.3x192 см, цвет: серебристый.</p>','richhtml',5264,102033385,1,'9dda2270a3d93a33d530e6a5c164fad854981f6e.jpeg','','',''),(527,722,5,'SAMSUNG RL48RECMG',12,'холодильник с морозильником, отдельно стоящий, морозильник снизу, общий объем 325 л, 2-камерный, электронное управление, защита от детей, габариты (ШxГxВ): 60x64x192 см, цвет: серебристый.','<p>холодильник с морозильником, отдельно стоящий, морозильник снизу, общий объем 325 л, 2-камерный, электронное управление, защита от детей, габариты (ШxГxВ): 60x64x192 см, цвет: серебристый.</p>','richhtml',5163,102033386,1,'86cb4f67dfba88a4e8ed896db7790818deb46da4.jpeg','','',''),(528,722,5,'SAMSUNG RL48RRCIH',12,'холодильник с морозильником, отдельно стоящий, морозильник снизу, общий объем 323 л, 2-камерный, электронное управление, зона свежести, габариты (ШxГxВ): 59.5x64.3x192 см, цвет: серебристый.','<p>холодильник с морозильником, отдельно стоящий, морозильник снизу, общий объем 323 л, 2-камерный, электронное управление, зона свежести, габариты (ШxГxВ): 59.5x64.3x192 см, цвет: серебристый.</p>','richhtml',5682,102033387,1,'e9a534cd1b0f3a0497f85dfbcece6df4630d7098.jpeg','','',''),(529,722,5,'SAMSUNG RL48RSBMG',12,'холодильник с морозильником, отдельно стоящий, морозильник снизу, общий объем 323 л, 2-камерный, электромеханическое управление, габариты (ШxГxВ): 59.5x64.3x192 см, цвет: серый.','<p>холодильник с морозильником, отдельно стоящий, морозильник снизу, общий объем 323 л, 2-камерный, электромеханическое управление, габариты (ШxГxВ): 59.5x64.3x192 см, цвет: серый.</p>','richhtml',5143,102033388,1,'e63fc653e716d09c8aa0489176c1206ca3b1f078.jpeg','','',''),(530,722,5,'SAMSUNG RL48RSBSW',12,'холодильник с морозильником, отдельно стоящий, морозильник снизу, общий объем 325 л, 2-камерный, электромеханическое управление, габариты (ШxГxВ): 59.5x64.3x192 см, цвет: белый.','<p>холодильник с морозильником, отдельно стоящий, морозильник снизу, общий объем 325 л, 2-камерный, электромеханическое управление, габариты (ШxГxВ): 59.5x64.3x192 см, цвет: белый.</p>','richhtml',5561,102033389,1,'3d7b27a4dffb08e03df39b1e14f78baff207eb6c.jpeg','','',''),(531,722,5,'SAMSUNG RSA1NHMG',12,'холодильник с морозильником, отдельно стоящий, Side by Side, общий объем 539 л, 2-камерный, электронное управление, габариты (ШxГxВ): 91.2x73.4x178.9 см, цвет: чёрный.','<p>холодильник с морозильником, отдельно стоящий, Side by Side, общий объем 539 л, 2-камерный, электронное управление, габариты (ШxГxВ): 91.2x73.4x178.9 см, цвет: чёрный.</p>','richhtml',8183,102033390,1,'7b1731d65d6cee6f2f71c6d87be66b50e2f2386f.jpeg','','',''),(532,722,5,'SAMSUNG RSA1NHVB',12,'холодильник с морозильником, отдельно стоящий, Side by Side, общий объем 550 л, 2-камерный, электронное управление, габариты (ШxГxВ): 91.2x73.4x178.9 см, цвет: бежевый.','<p>холодильник с морозильником, отдельно стоящий, Side by Side, общий объем 550 л, 2-камерный, электронное управление, габариты (ШxГxВ): 91.2x73.4x178.9 см, цвет: бежевый.</p>','richhtml',8183,102033391,1,'6cab2a24fdf5b475eb710e737cc9aa6d867ca8f7.jpeg','','',''),(533,722,5,'SAMSUNG RSA1NHWP',12,'холодильник с морозильником, отдельно стоящий, Side by Side, общий объем 550 л, 2-камерный, электронное управление, габариты (ШxГxВ): 91.2x73.4x178.9 см, цвет: белый.','<p>холодильник с морозильником, отдельно стоящий, Side by Side, общий объем 550 л, 2-камерный, электронное управление, габариты (ШxГxВ): 91.2x73.4x178.9 см, цвет: белый.</p>','richhtml',7873,102033392,1,'7c0d31e91a7f84b0373a15fc28cce960bde39e71.jpeg','','',''),(534,722,5,'SAMSUNG RSA1WHMG',12,'холодильник с морозильником, отдельно стоящий, Side by Side, общий объем 539 л, 2-камерный, электронное управление, генератор льда, система подачи холодной воды, габариты (ШxГxВ): 91.2x73.4x178.9 см, цвет: серебристый.','<p>холодильник с морозильником, отдельно стоящий, Side by Side, общий объем 539 л, 2-камерный, электронное управление, генератор льда, система подачи холодной воды, габариты (ШxГxВ): 91.2x73.4x178.9 см, цвет: серебристый.</p>','richhtml',8590,102033393,1,'bef485f0645b9009edbd3268a9ac550741af3239.jpeg','','',''),(535,722,175,'SNAIGE FR240-1101A',12,'холодильник с морозильником, отдельно стоящий, морозильник сверху, общий объем 212 л, 2-камерный, электромеханическое управление, габариты (ШxГxВ): 56x60x144 см, цвет: белый.','<p>холодильник с морозильником, отдельно стоящий, морозильник сверху, общий объем 212 л, 2-камерный, электромеханическое управление, габариты (ШxГxВ): 56x60x144 см, цвет: белый.</p>','richhtml',2362,102033394,1,'0c6f1218d8daba6bc18c1992d7588d74cb240d93.jpeg','','',''),(536,722,175,'SNAIGE FR240-1101AA',12,'холодильник с морозильником, отдельно стоящий, морозильник сверху, общий объем 212 л, 2-камерный, электромеханическое управление, габариты (ШxГxВ): 56x60x144 см, цвет: белый.','<p>холодильник с морозильником, отдельно стоящий, морозильник сверху, общий объем 212 л, 2-камерный, электромеханическое управление, габариты (ШxГxВ): 56x60x144 см, цвет: белый.</p>','richhtml',2318,102033395,1,'281f3da96cd31c4309d0a8ff6298f16cb1cfef22.jpeg','','',''),(537,722,175,'SNAIGE RF30SM-S10021',12,'Габариты (ВхШхГ) 196х60х62 смТип холодильник с морозильникомРасположение свободностоящийРасположение морозильной камеры снизу Цвет белыйКласс энергопотребления AКоличество компрессоров 1Общий объем 173 лОбъем морозильной камеры 88 лВес 65 кг','<p>Габариты (ВхШхГ) 196х60х62 смТип холодильник с морозильникомРасположение свободностоящийРасположение морозильной камеры снизу Цвет белыйКласс энергопотребления AКоличество компрессоров 1Общий объем 173 лОбъем морозильной камеры 88 лВес 65 кг</p>','richhtml',2983,102033396,1,'bd0ab25dde008ab18120acf6dbd0de7ac8ff7efd.jpeg','','',''),(538,722,175,'SNAIGE RF310-1803A',12,'холодильник с морозильником, отдельно стоящий, морозильник снизу, общий объем 285 л, 2-камерный, электромеханическое управление, габариты (ШxГxВ): 60x60x179 см, цвет: белый.','<p>холодильник с морозильником, отдельно стоящий, морозильник снизу, общий объем 285 л, 2-камерный, электромеханическое управление, габариты (ШxГxВ): 60x60x179 см, цвет: белый.</p>','richhtml',3115,102033397,1,'9bc80232ac5c169b0d60e3a98ff2dfc7e277ad25.jpeg','','',''),(539,722,175,'SNAIGE RF310-1803AA',12,'Размеры: 173x60x60 цмПолезный объем холодильника: 193 лПолезный объем морозильника: 92 лКласс энергопотребления: А+Цвет: белыйРегулируемая температура в холодилнике – от 0 °C до +8 °CТемпература в морозильной камере - -18°C и ниже','<p>Размеры: 173x60x60 цмПолезный объем холодильника: 193 лПолезный объем морозильника: 92 лКласс энергопотребления: А+Цвет: белыйРегулируемая температура в холодилнике &ndash; от 0 &deg;C до +8 &deg;CТемпература в морозильной камере - -18&deg;C и ниже</p>','richhtml',3068,102033398,1,'1509b9b789272a924ebdd2fdb807c471426ba774.jpeg','','',''),(540,722,175,'SNAIGE RF315-1803A',12,'холодильник с морозильником, отдельно стоящий, морозильник снизу, общий объем 290 л, 2-камерный, электромеханическое управление, габариты (ШxГxВ): 60x60x173 см, цвет: белый.','<p>холодильник с морозильником, отдельно стоящий, морозильник снизу, общий объем 290 л, 2-камерный, электромеханическое управление, габариты (ШxГxВ): 60x60x173 см, цвет: белый.</p>','richhtml',2975,102033399,1,'8f5a2a56c6cf548dc5136d4c5cb9c8f1fd8ce376.jpeg','','',''),(541,722,175,'SNAIGE RF31SM-S1DA21',12,'холодильник с морозильником, отдельно стоящий, морозильник снизу, общий объем 279 л, 2-камерный, электромеханическое управление, габариты (ШxГxВ): 60x65x176 см, цвет: бежевый.','<p>холодильник с морозильником, отдельно стоящий, морозильник снизу, общий объем 279 л, 2-камерный, электромеханическое управление, габариты (ШxГxВ): 60x65x176 см, цвет: бежевый.</p>','richhtml',3483,102033400,1,'4cefb38099d0a31b8fe7ad0a1601b78cc4e8f336.jpeg','','',''),(542,722,175,'SNAIGE RF34SM-P10022G',12,'холодильник с морозильником, отдельно стоящий, морозильник снизу, общий объем 302 л, 2-камерный, электромеханическое управление, габариты (ШxГxВ): 60x67x185 см, цвет: белый.','<p>холодильник с морозильником, отдельно стоящий, морозильник снизу, общий объем 302 л, 2-камерный, электромеханическое управление, габариты (ШxГxВ): 60x67x185 см, цвет: белый.</p>','richhtml',3440,102033401,1,'cefc14e9db2094d3398fed657df8ef5083731180.jpeg','','',''),(543,722,175,'SNAIGE RF34SM-P1L122',12,'Двухкамерный холодильник Размеры: 185x60x65 cм Полезный объем холодильника: 214 л Полезный объем морозильника: 88 лКласс энергопотребления: A++ Цвет: нержавеющей стали. Мощность замораживания – 8 кг/ч. Время повышения температуры при отключении электроэне','<p>Двухкамерный холодильник Размеры: 185x60x65 cм Полезный объем холодильника: 214 л Полезный объем морозильника: 88 лКласс энергопотребления: A++ Цвет: нержавеющей стали. Мощность замораживания &ndash; 8 кг/ч. Время повышения температуры при отключении электроэнергии -20 ч.</p>','richhtml',4116,102033402,1,'93135b919896ceef0a8977532540446ab8d12225.jpeg','','',''),(544,722,175,'SNAIGE RF34SM-S10021',12,'холодильник с морозильником, отдельно стоящий, морозильник снизу, общий объем 302 л, 2-камерный, электромеханическое управление, защита от детей, габариты (ШxГxВ): 60x62x185 см, цвет: белый.','<p>холодильник с морозильником, отдельно стоящий, морозильник снизу, общий объем 302 л, 2-камерный, электромеханическое управление, защита от детей, габариты (ШxГxВ): 60x62x185 см, цвет: белый.</p>','richhtml',3294,102033403,1,'3dc1f16d95a5164c1fbe1151a9bc29a248d6981c.jpeg','','',''),(545,722,175,'SNAIGE RF351-1101A',12,'Общий объем:271 л. Объем холодильной камеры:161 л. Объем морозильной камеры:90 л. Размораживание морозильной камеры: ручное. Размораживание холодильной камеры:капельная система. Габариты (ШxГxВ):60x60x163 см. Цвет:белый.','<p>Общий объем:271 л. Объем холодильной камеры:161 л. Объем морозильной камеры:90 л. Размораживание морозильной камеры: ручное. Размораживание холодильной камеры:капельная система. Габариты (ШxГxВ):60x60x163 см. Цвет:белый.</p>','richhtml',2249,102033404,1,'f200b5a277d84b00f2b89a0bb9c6799ad9d220be.jpeg','','',''),(546,722,175,'SNAIGE RF35SM-S10001',12,'холодильник с морозильником, отдельно стоящий, морозильник снизу, общий объем 310 л, 2-камерный, электромеханическое управление, габариты (ШxГxВ): 60x62x194.5 см, цвет: белый.','<p>холодильник с морозильником, отдельно стоящий, морозильник снизу, общий объем 310 л, 2-камерный, электромеханическое управление, габариты (ШxГxВ): 60x62x194.5 см, цвет: белый.</p>','richhtml',3666,102033405,1,'ca2c9aff5cd0c4a1171b35199969e154845254ce.jpeg','','',''),(547,722,175,'SNAIGE RF35SM-S10021',12,'холодильник с морозильником, отдельно стоящий, морозильник снизу, общий объем 310 л, 2-камерный, электромеханическое управление, габариты (ШxГxВ): 60x62x194.5 см, цвет: белый.','<p>холодильник с морозильником, отдельно стоящий, морозильник снизу, общий объем 310 л, 2-камерный, электромеханическое управление, габариты (ШxГxВ): 60x62x194.5 см, цвет: белый.</p>','richhtml',3586,102033406,1,'fbbd64a184c1bba73ec2f11a4cf69c7610a5bba4.jpeg','','',''),(548,722,175,'SNAIGE RF360-1801A',12,'холодильник с морозильником, отдельно стоящий, морозильник снизу, общий объем 315 л, 2-камерный, электромеханическое управление, габариты (ШxГxВ): 60x60x191 см, цвет: белый.','<p>холодильник с морозильником, отдельно стоящий, морозильник снизу, общий объем 315 л, 2-камерный, электромеханическое управление, габариты (ШxГxВ): 60x60x191 см, цвет: белый.</p>','richhtml',3217,102033407,1,'1fd7ec74e914fbdd87b43ecf11ef1a26f76cc702.jpeg','','',''),(549,722,175,'SNAIGE RF36SM-S1MA01',12,'холодильник с морозильником, отдельно стоящий, морозильник снизу, общий объем 338 л, 2-камерный, электромеханическое управление, габариты (ШxГxВ): 60x62x194.5 см, цвет: серый.','<p>холодильник с морозильником, отдельно стоящий, морозильник снизу, общий объем 338 л, 2-камерный, электромеханическое управление, габариты (ШxГxВ): 60x62x194.5 см, цвет: серый.</p>','richhtml',4037,102033408,1,'454e61fc9ca4422757a87635e2bce2e7e41a2f97.jpeg','','',''),(550,722,175,'SNAIGE RF420-1803A',12,'Тип Двухкамерный Количество дверей 2 Общий объем 309 л Уровень шума 40 дБ Полезный объем холодильной камеры 193 л Полезный объем морозильной камеры 92 л Мощность замораживания 12 кг/сутки Количество компрессоров 1 Тип управления: механический Класс энерго','<p>Тип Двухкамерный Количество дверей 2 Общий объем 309 л Уровень шума 40 дБ Полезный объем холодильной камеры 193 л Полезный объем морозильной камеры 92 л Мощность замораживания 12 кг/сутки Количество компрессоров 1 Тип управления: механический Класс энергопотребления A Высота 173 см Глубина 60 см Ширина 60 см Цвет Белый</p>','richhtml',2765,102033409,1,'776db4826d29b5a683f4c79c955ca37d7fa1d91e.jpeg','','',''),(551,722,176,'SWIZER DFR201WSP',12,'холодильник с морозильником, отдельно стоящий, морозильник сверху, общий объем 255 л, 2-камерный, электромеханическое управление, габариты (ШxГxВ): 57.4x61x145 см, цвет: белый.','<p>холодильник с морозильником, отдельно стоящий, морозильник сверху, общий объем 255 л, 2-камерный, электромеханическое управление, габариты (ШxГxВ): 57.4x61x145 см, цвет: белый.</p>','richhtml',2131,102033410,1,'7d5390dadea7273dd18f9217c240337db0cb4bd1.jpeg','','',''),(552,722,176,'SWIZER DRF119ISP',12,'холодильник с морозильником, отдельно стоящий, морозильник снизу, общий объем 287 л, 2-камерный, электромеханическое управление, габариты (ШxГxВ): 57.4x61x181.8 см, цвет: белый.','<p>холодильник с морозильником, отдельно стоящий, морозильник снизу, общий объем 287 л, 2-камерный, электромеханическое управление, габариты (ШxГxВ): 57.4x61x181.8 см, цвет: белый.</p>','richhtml',2693,102033411,1,'0db83de1d7457e65ecb338680743eac16fd773e0.jpeg','','',''),(553,722,176,'SWIZER DRF119WSP',12,'холодильник с морозильником, отдельно стоящий, морозильник снизу, общий объем 287 л, 2-камерный, электромеханическое управление, габариты (ШxГxВ): 57.4x61x181.8 см, цвет: белый.','<p>холодильник с морозильником, отдельно стоящий, морозильник снизу, общий объем 287 л, 2-камерный, электромеханическое управление, габариты (ШxГxВ): 57.4x61x181.8 см, цвет: белый.</p>','richhtml',2570,102033412,1,'5da4fd3263374a8a5830383a512403154e4386c2.jpeg','','',''),(683,729,NULL,'BINATONE NWT920',12,'Орешница, Антипригарное покрытие, Мощность: 1400 Вт','Орешница, Антипригарное покрытие, Мощность: 1400 Вт','richhtml',286,61999,1,'','','',''),(684,729,NULL,'CLATRONIC CM3372',12,'бытовая классическая, максимальное количество блинов: 1, диаметр блинов: 29 см.','бытовая классическая, максимальное количество блинов: 1, диаметр блинов: 29 см.','richhtml',224,9913,1,'','','',''),(685,729,NULL,'CLATRONIC HA3277',12,'ХарактеристикиРазмер пластин большойПокрытие пластин антипригарноеМощность, Вт 800Диаметр формы для выпечки, см 18','ХарактеристикиРазмер пластин большойПокрытие пластин антипригарноеМощность, Вт 800Диаметр формы для выпечки, см 18','richhtml',219,50429,1,'','','',''),(686,729,NULL,'FAGOR BBC801G',12,'Тип барбекю электрическоеМощность 2000 Вт Материал корпуса металлРегулируемый термостат Встроенный световой индикаторРазмер поверхности для приготовления 470 X 230 ммВес 2.74 кг Цвет фиолетовый','Тип барбекю электрическоеМощность 2000 Вт Материал корпуса металлРегулируемый термостат Встроенный световой индикаторРазмер поверхности для приготовления 470 X 230 ммВес 2.74 кг Цвет фиолетовый','richhtml',398,63450,1,'','','',''),(687,729,NULL,'FAGOR BBC820',12,'Тип электрогриль Поверхность для приготовления 356 х 254 мм Регулируемый термостат Количество регулировок температуры 5Потребляемая мощность 1800 Вт Длина шнура 1 м Цвет черный.','Тип электрогриль Поверхность для приготовления 356 х 254 мм Регулируемый термостат Количество регулировок температуры 5Потребляемая мощность 1800 Вт Длина шнура 1 м Цвет черный.','richhtml',471,63449,1,'','','',''),(688,729,NULL,'FAGOR BBC846',12,'Тип электрогриль Поверхность для приготовления 520 х 270 мм Регулируемый термостат Количество регулировок температуры 5Цвет черный.','Тип электрогриль Поверхность для приготовления 520 х 270 мм Регулируемый термостат Количество регулировок температуры 5Цвет черный.','richhtml',520,63447,1,'','','',''),(689,729,NULL,'FAGOR MG300 Multigrill',12,'Гриль для пиццы диаметром 290 мм Механический таймер 90 минут Замороженная пицца готова за 12 минут Антипригарная пластина Световая индикация Легкая очистка Мощность 920 Вт Вес брутто 3.8 кг Цвет черный + серебристый.','Гриль для пиццы диаметром 290 мм Механический таймер 90 минут Замороженная пицца готова за 12 минут Антипригарная пластина Световая индикация Легкая очистка Мощность 920 Вт Вес брутто 3.8 кг Цвет черный + серебристый.','richhtml',613,63451,1,'','','',''),(690,729,NULL,'FAGOR PA1400 Panini',12,'Тип гриль+сандвичница Для поджаривания с обеих сторон Антипригарная плита: простая в очистке Индикатор контроля температуры Мощность 1400 Вт Цвет тёмно-серый.','Тип гриль+сандвичница Для поджаривания с обеих сторон Антипригарная плита: простая в очистке Индикатор контроля температуры Мощность 1400 Вт Цвет тёмно-серый.','richhtml',421,63446,1,'','','',''),(691,729,NULL,'MOULINEX SM1541',12,'Сендвичница, Мощность 700 Вт, Механическое управление, Антипригарное покрытие, Цвет - серебристый','Сендвичница, Мощность 700 Вт, Механическое управление, Антипригарное покрытие, Цвет - серебристый','richhtml',320,2141,1,'','','',''),(692,729,NULL,'MOULINEX SW2802',12,'Сендвичница, Мощность 650 Вт, Механическое управление, Антипригарное покрытие, Цвет - желтый','Сендвичница, Мощность 650 Вт, Механическое управление, Антипригарное покрытие, Цвет - желтый','richhtml',577,1612,1,'','','',''),(693,729,NULL,'ORION OR-PCM01',12,'бытовая классическая, максимальное количество блинов: 2, диаметр блинов: 13.5 см.','бытовая классическая, максимальное количество блинов: 2, диаметр блинов: 13.5 см.','richhtml',205,60257,1,'','','',''),(694,729,NULL,'ORION OR-SM04',12,'Бутербродница, Мощность 750 Вт, Антипригарное покрытие, Механическое управление, Цвет - белый','Бутербродница, Мощность 750 Вт, Антипригарное покрытие, Механическое управление, Цвет - белый','richhtml',184,2029,1,'','','',''),(695,729,NULL,'ORION OR-SM05',12,'Бутербродница Антипригарное внутреннее покрытие для легкой чистки Специальное электроизоляционное покрытие корпуса 4 сменных формы внутренней поверхности Световой индикатор работы Мощность: 750Вт','Бутербродница Антипригарное внутреннее покрытие для легкой чистки Специальное электроизоляционное покрытие корпуса 4 сменных формы внутренней поверхности Световой индикатор работы Мощность: 750Вт','richhtml',265,60258,1,'','','',''),(696,729,NULL,'ORION OR-WM01',12,'Вафельница для тонких вафель ORION OR-WM01. Мощность 900Вт. Антипригарное покрытие. Ненагревающаяся рукоятка и корпус. Световые индикаторы работы. Регулируемый термостат (5 уровней температуры нагрева)','Вафельница для тонких вафель ORION OR-WM01. Мощность 900Вт. Антипригарное покрытие. Ненагревающаяся рукоятка и корпус. Световые индикаторы работы. Регулируемый термостат (5 уровней температуры нагрева)','richhtml',162,57433,1,'','','',''),(697,729,NULL,'SATURN ST-EC0151',12,'Вафельница Мощность: 700 Вт Пластины с антипригарным покрытием Для тонких вафель (трубочек) Фиксатор ручек Защита от перегрева Отсек для хранения шнура Корпус белого цвета','Вафельница Мощность: 700 Вт Пластины с антипригарным покрытием Для тонких вафель (трубочек) Фиксатор ручек Защита от перегрева Отсек для хранения шнура Корпус белого цвета','richhtml',141,61717,1,'','','',''),(698,729,NULL,'SATURN ST-EC0157',12,'Электрогриль. Мощность: 1500 Вт. Открывается: на 180°. Настройки контроля температуры. Антипригарное покрытие. Подходит для любых размеров тостов, мяса, снеков. Лоток для жира. Размер пластин: 29,7х23,5 см. Вес нетто/брутто: 2/2,5 кг. Cтрана производитель','Электрогриль. Мощность: 1500 Вт. Открывается: на 180°. Настройки контроля температуры. Антипригарное покрытие. Подходит для любых размеров тостов, мяса, снеков. Лоток для жира. Размер пластин: 29,7х23,5 см. Вес нетто/брутто: 2/2,5 кг. Cтрана производитель: КНР','richhtml',282,61716,1,'','','',''),(699,729,NULL,'SATURN ST-EC6001',12,'бытовая погружная, максимальное количество блинов: 1, диаметр блинов: 20 см.','бытовая погружная, максимальное количество блинов: 1, диаметр блинов: 20 см.','richhtml',195,12141,1,'','','',''),(710,246,NULL,'привод BD-ROM Asus SBC-06D2X-U/BLK/G/AS black external USB',18,'=C2','=C2','richhtml',711,64630,1,'','','',''),(711,246,NULL,'привод DVD±RW Asus DRW-24F1ST sata black',18,'привод DVD±RW Asus DRW-24F1ST sata black','привод DVD±RW Asus DRW-24F1ST sata black','richhtml',164.1,66124,1,'','','','');
/*!40000 ALTER TABLE `Product` ENABLE KEYS */;
UNLOCK TABLES;

--
-- Table structure for table `ProductProperty`
--

DROP TABLE IF EXISTS `ProductProperty`;
/*!40101 SET @saved_cs_client     = @@character_set_client */;
/*!40101 SET character_set_client = utf8 */;
CREATE TABLE `ProductProperty` (
  `id` int(11) NOT NULL AUTO_INCREMENT,
  `property_id` int(11) NOT NULL,
  `product_id` int(11) NOT NULL,
  `value` varchar(255) COLLATE utf8_unicode_ci DEFAULT NULL,
  PRIMARY KEY (`id`),
  KEY `IDX_5FD0BADB549213EC` (`property_id`),
  KEY `IDX_5FD0BADB4584665A` (`product_id`),
  CONSTRAINT `FK_5FD0BADB4584665A` FOREIGN KEY (`product_id`) REFERENCES `Product` (`id`),
  CONSTRAINT `FK_5FD0BADB549213EC` FOREIGN KEY (`property_id`) REFERENCES `Property` (`id`)
) ENGINE=InnoDB AUTO_INCREMENT=691 DEFAULT CHARSET=utf8 COLLATE=utf8_unicode_ci;
/*!40101 SET character_set_client = @saved_cs_client */;

--
-- Dumping data for table `ProductProperty`
--

LOCK TABLES `ProductProperty` WRITE;
/*!40000 ALTER TABLE `ProductProperty` DISABLE KEYS */;
INSERT INTO `ProductProperty` VALUES (232,3,219,'32'),(233,3,220,'32'),(234,3,221,'32'),(235,3,222,'42'),(236,3,223,'42'),(237,3,224,'42'),(238,3,225,'42'),(239,3,226,'42'),(240,3,227,'42'),(241,3,228,'42'),(242,3,229,'42'),(243,3,230,'42'),(244,3,231,'42'),(246,3,233,'47'),(247,3,234,'47'),(248,3,235,'47'),(249,3,236,'47'),(250,3,237,'50'),(251,3,238,'50'),(252,3,239,'55'),(253,3,240,'55'),(254,3,241,'55'),(255,3,242,'47'),(256,3,243,NULL),(257,3,244,'32'),(258,3,245,'40'),(259,3,246,'42'),(260,3,247,'42'),(261,3,248,'42'),(262,3,249,'22'),(264,3,251,'32'),(265,3,252,'32'),(266,3,253,'32'),(267,3,254,'32'),(268,3,255,'32'),(269,3,256,'32'),(271,3,258,'40'),(272,3,259,'40'),(273,3,260,'40'),(274,3,261,'40'),(275,3,262,'40'),(276,3,263,'40'),(277,3,264,'42'),(278,3,265,'42'),(279,3,266,'42'),(282,3,269,'46'),(283,3,270,'46'),(284,3,271,'46'),(285,3,272,'46'),(286,3,273,'46'),(288,3,275,'50'),(289,3,276,'50'),(290,3,277,'55'),(291,3,278,'55'),(292,3,279,'55'),(293,1,280,NULL),(294,2,280,'A'),(295,1,281,NULL),(296,2,281,'A'),(297,1,282,NULL),(298,2,282,NULL),(299,1,283,NULL),(300,2,283,'A'),(301,1,284,NULL),(302,2,284,'A'),(303,1,285,NULL),(304,2,285,'A'),(305,1,286,NULL),(306,2,286,'A'),(307,1,287,NULL),(308,2,287,'A'),(309,1,288,NULL),(310,2,288,'A'),(311,1,289,NULL),(312,2,289,'A'),(313,1,290,NULL),(314,2,290,'A'),(315,1,291,NULL),(316,2,291,'A'),(317,1,292,NULL),(318,2,292,'B'),(319,1,293,NULL),(320,2,293,'A'),(321,1,294,NULL),(322,2,294,'A'),(323,1,295,NULL),(324,2,295,'A'),(325,1,296,NULL),(326,2,296,'A'),(327,1,297,NULL),(328,2,297,'A'),(329,1,298,NULL),(330,2,298,NULL),(331,1,299,NULL),(332,2,299,NULL),(333,1,300,NULL),(334,2,300,'A'),(335,1,301,NULL),(336,2,301,'A'),(337,1,302,NULL),(338,2,302,'A'),(339,1,303,NULL),(340,2,303,'A'),(341,1,304,NULL),(342,2,304,NULL),(343,1,305,NULL),(344,2,305,'A'),(345,1,306,NULL),(346,2,306,'A'),(347,1,307,NULL),(348,2,307,'A'),(349,1,308,NULL),(350,2,308,'A'),(351,1,309,NULL),(352,2,309,'A'),(353,1,310,NULL),(354,2,310,'A'),(355,1,311,NULL),(356,2,311,'A'),(357,1,312,NULL),(358,2,312,'A'),(359,1,313,NULL),(360,2,313,'A'),(361,1,314,NULL),(362,2,314,'A'),(363,1,315,NULL),(364,2,315,'A'),(365,1,316,NULL),(366,2,316,'A'),(367,1,317,NULL),(368,2,317,'A'),(369,1,318,NULL),(370,2,318,'A'),(371,1,319,NULL),(372,2,319,'A'),(373,1,320,NULL),(374,2,320,'A'),(375,1,321,NULL),(376,2,321,'A'),(377,1,322,NULL),(378,2,322,'A'),(379,1,323,NULL),(380,2,323,'A'),(381,1,324,NULL),(382,2,324,'A'),(383,1,325,NULL),(384,2,325,'A'),(385,1,326,NULL),(386,2,326,'A'),(387,1,327,NULL),(388,2,327,'A'),(389,1,328,NULL),(390,2,328,'A'),(391,1,329,NULL),(392,2,329,'A'),(393,1,330,NULL),(394,2,330,'A+'),(395,1,331,NULL),(396,2,331,'A'),(397,1,332,NULL),(398,2,332,NULL),(399,1,333,NULL),(400,2,333,'A'),(401,1,334,NULL),(402,2,334,'A'),(403,1,335,NULL),(404,2,335,'A'),(405,1,336,NULL),(406,2,336,'A'),(407,1,337,NULL),(408,2,337,'A+'),(409,1,338,NULL),(410,2,338,'A'),(411,1,339,NULL),(412,2,339,'A'),(413,1,340,NULL),(414,2,340,'A'),(415,1,341,NULL),(416,2,341,'A'),(417,1,342,NULL),(418,2,342,'A'),(419,1,343,NULL),(420,2,343,'A'),(421,1,344,NULL),(422,2,344,'A'),(423,1,345,NULL),(424,2,345,'A'),(425,1,346,NULL),(426,2,346,'A'),(427,1,347,NULL),(428,2,347,'A'),(429,1,348,NULL),(430,2,348,'B'),(431,1,349,'2'),(432,2,349,NULL),(433,1,350,NULL),(434,2,350,'A'),(435,1,351,NULL),(436,2,351,'A'),(437,1,352,NULL),(438,2,352,'A'),(439,1,353,NULL),(440,2,353,'A'),(441,1,354,NULL),(442,2,354,'A'),(443,1,355,NULL),(444,2,355,'A'),(445,1,356,NULL),(446,2,356,'A'),(447,1,357,NULL),(448,2,357,'A'),(449,1,358,NULL),(450,2,358,'A'),(451,1,359,NULL),(452,2,359,'A'),(453,1,360,NULL),(454,2,360,NULL),(455,1,361,NULL),(456,2,361,NULL),(457,1,362,NULL),(458,2,362,NULL),(459,1,363,NULL),(460,2,363,NULL),(461,1,364,NULL),(462,2,364,'A'),(463,1,365,NULL),(464,2,365,'A'),(465,1,366,NULL),(466,2,366,'A'),(467,1,367,NULL),(468,2,367,'A'),(469,1,368,NULL),(470,2,368,'A'),(471,1,369,NULL),(472,2,369,'A'),(473,1,370,NULL),(474,2,370,'A'),(687,34,710,NULL),(688,35,710,NULL),(689,34,711,NULL),(690,35,711,NULL);
/*!40000 ALTER TABLE `ProductProperty` ENABLE KEYS */;
UNLOCK TABLES;

--
-- Table structure for table `Property`
--

DROP TABLE IF EXISTS `Property`;
/*!40101 SET @saved_cs_client     = @@character_set_client */;
/*!40101 SET character_set_client = utf8 */;
CREATE TABLE `Property` (
  `id` int(11) NOT NULL AUTO_INCREMENT,
  `type` varchar(50) COLLATE utf8_unicode_ci NOT NULL,
  `title` varchar(100) COLLATE utf8_unicode_ci NOT NULL,
  `prefix` varchar(100) COLLATE utf8_unicode_ci NOT NULL,
  `pid` varchar(100) COLLATE utf8_unicode_ci NOT NULL,
  PRIMARY KEY (`id`)
) ENGINE=InnoDB AUTO_INCREMENT=76 DEFAULT CHARSET=utf8 COLLATE=utf8_unicode_ci;
/*!40101 SET character_set_client = @saved_cs_client */;

--
-- Dumping data for table `Property`
--

LOCK TABLES `Property` WRITE;
/*!40000 ALTER TABLE `Property` DISABLE KEYS */;
INSERT INTO `Property` VALUES (1,'integer','Мощность Вт','Бытовая техника','bt_power'),(2,'choice','Класс энергопотребления','Бытовая техника','bt_class'),(3,'integer','Диагональ','Бытовая техника','bt_diagonal'),(4,'choice','Цвет','Бытовая техника','bt_color'),(5,'text','Материал корпуса','Бытовая техника','bt_material'),(6,'checkbox','Уличная','Системы видеонаблюдения','guard_street'),(7,'checkbox','Купольная','Системы видеонаблюдения','guard_kupol'),(8,'checkbox','с ИК подсветкой','Системы видеонаблюдения','guard_ik'),(9,'text','Разрешение','Системы видеонаблюдения','guard_dimension'),(10,'text','Площадь охлаждения','Климатическая техника','climat_square'),(11,'choice','Марка фреона','Климатическая техника','climat_freon_mark'),(12,'choice','Тип','Климатическая техника','climat_type'),(13,'choice','Режим работы','Климатическая техника','climat_worktime'),(14,'text','Мощность потребления','Климатическая техника','climat_power'),(15,'choice','Разъем процессора','Процессор','cpu_socket'),(16,'choice','Семейство процессора','Процессор','cpu_family'),(17,'text','Объем','Оперативная память','ram_volume'),(18,'choice','Тип оперативной памяти','Оперативная память','ram_ram_type'),(19,'choice','Частота памяти','Оперативная память','ram_frequency'),(20,'choice','Графический чипсет','Видеокарты','gpu_chipset'),(21,'choice','Объем памяти','Видеокарты','gpu_ram_size'),(22,'choice','Тип памяти','Видеокарты','gpu_ram_type'),(23,'choice','Битность','Видеокарты','gpu_bit'),(24,'choice','Охлаждение','Видеокарты','gpu_cool'),(25,'choice','Интерфейс подключения','Видеокарты','gpu_interface'),(26,'text','Объем','HDD','hdd_size'),(27,'choice','Размер буфера','HDD','hdd_buffer'),(28,'choice','Интерфейс','HDD','hdd_interface'),(29,'choice','Объем','SDD','sdd_size'),(30,'choice','Интерфейс','SDD','sdd_interface'),(31,'choice','Скорость чтения','SDD','sdd_speed'),(32,'choice','Скорость записи','SDD','sdd_read'),(33,'choice','Класс','ODD','odd_class'),(34,'choice','Интерфейс подключения','ODD','odd_interface'),(35,'choice','Цвет','ODD','odd_color'),(36,'choice','Процессорная совместимость','Материнские платы','mb_proc'),(37,'choice','Сокет','Материнские платы','mb_socket'),(38,'choice','Чипсет (северный мост)','Материнские платы','mb_chipset'),(39,'choice','Тип памяти','Материнские платы','mb_memory'),(40,'checkbox','Встроенное видео','Материнские платы','mb_build_in_video'),(41,'checkbox','Поддержка RAID','Материнские платы','mb_raid'),(42,'choice','Класс корпуса','Корпус','box_class'),(43,'choice','Форм-фактор МП','Корпус','box_form'),(44,'choice','Мощность блока питания','Корпус','box_power'),(45,'choice','Внешние разьемы','Корпус','box_inputs'),(46,'choice','Мощность','Блок питания','bp_power'),(47,'choice','Установленный вентилятор','Блок питания','bp_cooler'),(48,'choice','Тип','Накопители Flash USB','fusb_type'),(49,'choice','Объем','Накопители Flash USB','fusb_size'),(50,'choice','Интерфейс','Накопители Flash USB','fusb_size'),(51,'choice','Материал корпуса','Накопители Flash USB','fusb_material'),(52,'choice','Тип','Клавиатура','key_type'),(53,'choice','Тип подключения','Клавиатура','key_connection'),(54,'choice','Интерфейс подключения','Клавиатура','key_connection_interface'),(55,'choice','Тип сенсора','Мышь','mouse_sensor_type'),(56,'choice','Тип подключения','Мышь','mouse_connection_type'),(57,'choice','Интерфейс подключения','Мышь','mouse_connection_interface'),(58,'choice','Класс планшета','Планшет','pad_class'),(59,'choice','Размер экрана','Планшет','pad_size'),(60,'choice','Процессор','Планшет','pad_proc'),(61,'choice','Объем памяти','Планшет','pad_memory_ram'),(62,'choice','Объем накопителя','Планшет','pad_memory_hdd'),(63,'choice','Операционная система','Планшет','pad_os'),(64,'choice','Беспроводные подключения','Планшет','pad_wireless'),(65,'choice','Функции устройства','Принтеры, МФУ','printer_functions'),(66,'choice','Технология печати','Принтеры, МФУ','printer_print_technology'),(67,'choice','Цветность печати','Принтеры, МФУ','printer_print_colors'),(68,'choice','Формат печати','Принтеры, МФУ','printer_print_format'),(69,'choice','Скорость ч/б печати','Принтеры, МФУ','printer_print_speed_mono'),(70,'choice','Скорость цв. печати','Принтеры, МФУ','printer_print_speed_color'),(71,'choice','Интерфейс','Принтеры, МФУ','printer_interface'),(72,'choice','Скорость передачи данных','Сетевое оборудование, Маршрутизаторы','router_speed'),(73,'choice','Стандарт Wi-Fi','Сетевое оборудование, Маршрутизаторы','router_wifi'),(74,'choice','Мощность полная, В*А','ИБП','ups_power'),(75,'choice','Мощность активная, Вт','ИБП','ups_power_active');
/*!40000 ALTER TABLE `Property` ENABLE KEYS */;
UNLOCK TABLES;

--
-- Table structure for table `Prototype`
--

DROP TABLE IF EXISTS `Prototype`;
/*!40101 SET @saved_cs_client     = @@character_set_client */;
/*!40101 SET character_set_client = utf8 */;
CREATE TABLE `Prototype` (
  `id` int(11) NOT NULL AUTO_INCREMENT,
  `name` varchar(255) COLLATE utf8_unicode_ci NOT NULL,
  PRIMARY KEY (`id`)
) ENGINE=InnoDB AUTO_INCREMENT=29 DEFAULT CHARSET=utf8 COLLATE=utf8_unicode_ci;
/*!40101 SET character_set_client = @saved_cs_client */;

--
-- Dumping data for table `Prototype`
--

LOCK TABLES `Prototype` WRITE;
/*!40000 ALTER TABLE `Prototype` DISABLE KEYS */;
INSERT INTO `Prototype` VALUES (1,'Базовый продукт'),(2,'Бытовая техника'),(3,'Системы видеонаблюдения'),(4,'Климатическая техника'),(5,'Процессор'),(6,'Оперативная память'),(7,'Видеокарты'),(8,'HDD'),(9,'SDD'),(10,'ODD'),(11,'Материнские платы'),(12,'Корпус'),(13,'Блок питания'),(14,'Накопители Flash USB'),(15,'Клавиатура'),(16,'Мышь'),(17,'Планшет'),(18,'Принтеры, МФУ'),(19,'Сетевое оборудование, Маршрутизаторы'),(20,'ИБП'),(23,'Стиральные и сушильные машины'),(24,'Камеры видеонаблюдения'),(25,'Телевизоры'),(26,'Мониторы'),(27,'Процессоры'),(28,'Оптические приводы');
/*!40000 ALTER TABLE `Prototype` ENABLE KEYS */;
UNLOCK TABLES;

--
-- Table structure for table `Slide`
--

DROP TABLE IF EXISTS `Slide`;
/*!40101 SET @saved_cs_client     = @@character_set_client */;
/*!40101 SET character_set_client = utf8 */;
CREATE TABLE `Slide` (
  `id` int(11) NOT NULL AUTO_INCREMENT,
  `title` varchar(255) COLLATE utf8_unicode_ci DEFAULT NULL,
  `description` varchar(255) COLLATE utf8_unicode_ci DEFAULT NULL,
  `image` tinytext COLLATE utf8_unicode_ci NOT NULL COMMENT '(DC2Type:rid_image)',
  PRIMARY KEY (`id`)
) ENGINE=InnoDB AUTO_INCREMENT=45 DEFAULT CHARSET=utf8 COLLATE=utf8_unicode_ci;
/*!40101 SET character_set_client = @saved_cs_client */;

--
-- Dumping data for table `Slide`
--

LOCK TABLES `Slide` WRITE;
/*!40000 ALTER TABLE `Slide` DISABLE KEYS */;
INSERT INTO `Slide` VALUES (33,NULL,NULL,'a7e7cf9f9b592199c17875156e870a6f6639031a.jpeg'),(34,NULL,NULL,'bb7b3a7af7de58143267995a3bb68b5645c84dab.jpeg'),(35,NULL,NULL,'3bb526cb8caa4d27f3647289b28012c923d8e7e6.jpeg'),(36,NULL,NULL,'0f59ff56a53a908e86b320776e088fc9ba8dc468.jpeg'),(37,NULL,NULL,'2f9a47717fcbd26717b066e76c1189dfe16f1a41.jpeg'),(38,NULL,NULL,'8d7c8ae329fb91247343837416102052e712a42a.jpeg'),(39,NULL,NULL,'611a37cbc64ffaf022d11d9e484550f0fab7f68a.jpeg'),(40,NULL,NULL,'396f93c57cf439b0e22f96286d2230027e1ce91a.jpeg'),(41,NULL,NULL,'88731bd137017a4d3cb35997ec4f6a03716dcaa9.jpeg'),(42,NULL,NULL,'e7482d8e3612d4899b794feb467a9a92052dc72b.jpeg'),(43,NULL,NULL,'ff962bcc10bb74b5d4b2968f6c2c1200a4a6b41d.jpeg'),(44,NULL,NULL,'faa05b9dd03ed6d06f8c6512e5a0b931c8f93adb.jpeg');
/*!40000 ALTER TABLE `Slide` ENABLE KEYS */;
UNLOCK TABLES;

--
-- Table structure for table `brand_category`
--

DROP TABLE IF EXISTS `brand_category`;
/*!40101 SET @saved_cs_client     = @@character_set_client */;
/*!40101 SET character_set_client = utf8 */;
CREATE TABLE `brand_category` (
  `brand_id` int(11) NOT NULL,
  `category_id` int(11) NOT NULL,
  PRIMARY KEY (`brand_id`,`category_id`),
  KEY `IDX_C17C8AD044F5D008` (`brand_id`),
  KEY `IDX_C17C8AD012469DE2` (`category_id`),
  CONSTRAINT `FK_C17C8AD012469DE2` FOREIGN KEY (`category_id`) REFERENCES `Category` (`id`),
  CONSTRAINT `FK_C17C8AD044F5D008` FOREIGN KEY (`brand_id`) REFERENCES `Brand` (`id`)
) ENGINE=InnoDB DEFAULT CHARSET=utf8 COLLATE=utf8_unicode_ci;
/*!40101 SET character_set_client = @saved_cs_client */;

--
-- Dumping data for table `brand_category`
--

LOCK TABLES `brand_category` WRITE;
/*!40000 ALTER TABLE `brand_category` DISABLE KEYS */;
/*!40000 ALTER TABLE `brand_category` ENABLE KEYS */;
UNLOCK TABLES;

--
-- Table structure for table `cart_order`
--

DROP TABLE IF EXISTS `cart_order`;
/*!40101 SET @saved_cs_client     = @@character_set_client */;
/*!40101 SET character_set_client = utf8 */;
CREATE TABLE `cart_order` (
  `id` int(11) NOT NULL AUTO_INCREMENT,
  `cart_id` int(11) NOT NULL,
  `user_id` int(11) DEFAULT NULL,
  `fio` varchar(255) COLLATE utf8_unicode_ci NOT NULL,
  `town` varchar(255) COLLATE utf8_unicode_ci NOT NULL,
  `address` varchar(255) COLLATE utf8_unicode_ci NOT NULL,
  `phone` varchar(255) COLLATE utf8_unicode_ci NOT NULL,
  `email` varchar(255) COLLATE utf8_unicode_ci NOT NULL,
  `paymentType` varchar(255) COLLATE utf8_unicode_ci NOT NULL,
  `comments` varchar(255) COLLATE utf8_unicode_ci DEFAULT NULL,
  `deliveryType` varchar(255) COLLATE utf8_unicode_ci NOT NULL,
  `createdAt` datetime NOT NULL,
  `status` int(11) NOT NULL,
  PRIMARY KEY (`id`),
  KEY `IDX_AAC3FE901AD5CDBF` (`cart_id`),
  KEY `IDX_AAC3FE90A76ED395` (`user_id`),
  CONSTRAINT `FK_AAC3FE901AD5CDBF` FOREIGN KEY (`cart_id`) REFERENCES `Cart` (`id`),
  CONSTRAINT `FK_AAC3FE90A76ED395` FOREIGN KEY (`user_id`) REFERENCES `fos_user` (`id`)
) ENGINE=InnoDB AUTO_INCREMENT=10 DEFAULT CHARSET=utf8 COLLATE=utf8_unicode_ci;
/*!40101 SET character_set_client = @saved_cs_client */;

--
-- Dumping data for table `cart_order`
--

LOCK TABLES `cart_order` WRITE;
/*!40000 ALTER TABLE `cart_order` DISABLE KEYS */;
INSERT INTO `cart_order` VALUES (1,24,NULL,'Тест','Cherkassy','77777','3809330000','444444@gmail.com','Наличными при получении','Тест работы','Нова пошта','2013-10-20 18:45:13',1),(2,32,NULL,'Воропаев  ВВ','смела','пушеина','+380975566778','ццц@mail.ru','На банковскую карту (Visa, MasterCard, Amex)','НП  склад 4','Нова пошта','2013-10-24 14:21:08',1),(3,32,NULL,'tgyty','dydyt','dtyrty','656476','tdfgh','Наличными при получении','склпд','Нова пошта','2013-10-24 14:22:18',1),(4,32,NULL,'tgyty','dydyt','dtyrty','656476','tdfgh','Наличными при получении','склпд','Нова пошта','2013-10-24 14:22:21',2),(5,32,1,'про','пр','пр','пр','апр','Наличными при получении',NULL,'Нова пошта','2013-10-24 14:23:45',2),(6,69,4,'Шевченко Тарас','Черкассы','ул. Гоголя','232323','back.neomind@gmail.com','На банковскую карту (Visa, MasterCard, Amex)','Новая почта склад №9','Нова пошта','2013-10-31 08:58:09',1),(7,75,NULL,'Тест','Cherkassy','adasd','123123123123','mrriddick7@gmail.com','Наличными при получении','TEST','Нова пошта','2013-10-31 11:43:46',1),(8,78,4,'Зинаида Петрова','Черкассы','ул. Победы','323232','back.neomind@gmail.com','На банковскую карту (Visa, MasterCard, Amex)','test test test','Нова пошта','2013-10-31 12:05:11',1),(9,83,NULL,'test new contacts','test new contacts','test new contacts','test new contacts','mrriddick7@gmail.com','Наличными при получении','test new contacts','Нова пошта','2013-10-31 20:54:02',1);
/*!40000 ALTER TABLE `cart_order` ENABLE KEYS */;
UNLOCK TABLES;

--
-- Table structure for table `cart_to_cart_item`
--

DROP TABLE IF EXISTS `cart_to_cart_item`;
/*!40101 SET @saved_cs_client     = @@character_set_client */;
/*!40101 SET character_set_client = utf8 */;
CREATE TABLE `cart_to_cart_item` (
  `cart_id` int(11) NOT NULL,
  `cart_item_id` int(11) NOT NULL,
  PRIMARY KEY (`cart_id`,`cart_item_id`),
  KEY `IDX_B7D2603F1AD5CDBF` (`cart_id`),
  KEY `IDX_B7D2603FE9B59A59` (`cart_item_id`),
  CONSTRAINT `FK_B7D2603FE9B59A59` FOREIGN KEY (`cart_item_id`) REFERENCES `CartItem` (`id`),
  CONSTRAINT `FK_B7D2603F1AD5CDBF` FOREIGN KEY (`cart_id`) REFERENCES `Cart` (`id`)
) ENGINE=InnoDB DEFAULT CHARSET=utf8 COLLATE=utf8_unicode_ci;
/*!40101 SET character_set_client = @saved_cs_client */;

--
-- Dumping data for table `cart_to_cart_item`
--

LOCK TABLES `cart_to_cart_item` WRITE;
/*!40000 ALTER TABLE `cart_to_cart_item` DISABLE KEYS */;
INSERT INTO `cart_to_cart_item` VALUES (69,5),(75,6),(78,7),(83,8),(85,9);
/*!40000 ALTER TABLE `cart_to_cart_item` ENABLE KEYS */;
UNLOCK TABLES;

--
-- Table structure for table `fos_user`
--

DROP TABLE IF EXISTS `fos_user`;
/*!40101 SET @saved_cs_client     = @@character_set_client */;
/*!40101 SET character_set_client = utf8 */;
CREATE TABLE `fos_user` (
  `id` int(11) NOT NULL AUTO_INCREMENT,
  `username` varchar(255) COLLATE utf8_unicode_ci NOT NULL,
  `username_canonical` varchar(255) COLLATE utf8_unicode_ci NOT NULL,
  `email` varchar(255) COLLATE utf8_unicode_ci NOT NULL,
  `email_canonical` varchar(255) COLLATE utf8_unicode_ci NOT NULL,
  `enabled` tinyint(1) NOT NULL,
  `salt` varchar(255) COLLATE utf8_unicode_ci NOT NULL,
  `password` varchar(255) COLLATE utf8_unicode_ci NOT NULL,
  `last_login` datetime DEFAULT NULL,
  `locked` tinyint(1) NOT NULL,
  `expired` tinyint(1) NOT NULL,
  `expires_at` datetime DEFAULT NULL,
  `confirmation_token` varchar(255) COLLATE utf8_unicode_ci DEFAULT NULL,
  `password_requested_at` datetime DEFAULT NULL,
  `roles` longtext COLLATE utf8_unicode_ci NOT NULL COMMENT '(DC2Type:array)',
  `credentials_expired` tinyint(1) NOT NULL,
  `credentials_expire_at` datetime DEFAULT NULL,
  PRIMARY KEY (`id`),
  UNIQUE KEY `UNIQ_957A647992FC23A8` (`username_canonical`),
  UNIQUE KEY `UNIQ_957A6479A0D96FBF` (`email_canonical`)
) ENGINE=InnoDB AUTO_INCREMENT=5 DEFAULT CHARSET=utf8 COLLATE=utf8_unicode_ci;
/*!40101 SET character_set_client = @saved_cs_client */;

--
-- Dumping data for table `fos_user`
--

LOCK TABLES `fos_user` WRITE;
/*!40000 ALTER TABLE `fos_user` DISABLE KEYS */;
INSERT INTO `fos_user` VALUES (1,'BondJovi','bondjovi','bori_s@ukr.net','bori_s@ukr.net',1,'ityf24lij280kwww04g88cok4og8gc','5w0rFu5FDH8trWVQQjwMEmri58je2kcyeBmhyj9/Z5mckzSg5u0j1tDPYP2SLIwJC+Om4WAgZGjuXk/iEG2FUg==','2013-10-24 14:12:08',0,0,NULL,NULL,NULL,'a:0:{}',0,NULL),(2,'Татьяна','татьяна','tanya200291@mail.ru','tanya200291@mail.ru',1,'n948dyv5xxwscokwg40kgowc408cg84','kUhO0IMFbNIh50EjG1AZZmmqk3eX8OYqG6bZFkNIuSQIe57cRoJoPLcD5K4ltsGAJwZd8UEhbVZMv9iPh1Dung==','2013-10-22 06:30:05',0,0,NULL,NULL,NULL,'a:0:{}',0,NULL),(3,'сергей','сергей','astudiock@gmail.com','astudiock@gmail.com',1,'mjb0p2z61es0w048808wk4gck4osws8','IZGSPgojywTMIUPAUm8s1YEZ/myuFZIV0ySUgBJzv9YlUlmmJL1B5UjWveTFw6+alrYohdY2fp4nj2xoCuXNWg==','2013-10-22 10:43:22',0,0,NULL,NULL,NULL,'a:0:{}',0,NULL),(4,'Taras','taras','for_ever_@ukr.net','for_ever_@ukr.net',1,'r52znynpm9wkskwssos8oc08s08osos','62SS4AF9bIwj0CkndOubJIMmeVizVkMG1FVbZzlT0rXmpNVUW4XsDcdI0SeIRXoJgjyrACtR+CFW6uvrilo4sw==','2013-10-31 12:04:06',0,0,NULL,NULL,NULL,'a:0:{}',0,NULL);
/*!40000 ALTER TABLE `fos_user` ENABLE KEYS */;
UNLOCK TABLES;

--
-- Table structure for table `media__gallery`
--

DROP TABLE IF EXISTS `media__gallery`;
/*!40101 SET @saved_cs_client     = @@character_set_client */;
/*!40101 SET character_set_client = utf8 */;
CREATE TABLE `media__gallery` (
  `id` int(11) NOT NULL AUTO_INCREMENT,
  `name` varchar(255) COLLATE utf8_unicode_ci NOT NULL,
  `context` varchar(64) COLLATE utf8_unicode_ci NOT NULL,
  `default_format` varchar(255) COLLATE utf8_unicode_ci NOT NULL,
  `enabled` tinyint(1) NOT NULL,
  `updated_at` datetime NOT NULL,
  `created_at` datetime NOT NULL,
  PRIMARY KEY (`id`)
) ENGINE=InnoDB DEFAULT CHARSET=utf8 COLLATE=utf8_unicode_ci;
/*!40101 SET character_set_client = @saved_cs_client */;

--
-- Dumping data for table `media__gallery`
--

LOCK TABLES `media__gallery` WRITE;
/*!40000 ALTER TABLE `media__gallery` DISABLE KEYS */;
/*!40000 ALTER TABLE `media__gallery` ENABLE KEYS */;
UNLOCK TABLES;

--
-- Table structure for table `media__gallery_media`
--

DROP TABLE IF EXISTS `media__gallery_media`;
/*!40101 SET @saved_cs_client     = @@character_set_client */;
/*!40101 SET character_set_client = utf8 */;
CREATE TABLE `media__gallery_media` (
  `id` int(11) NOT NULL AUTO_INCREMENT,
  `gallery_id` int(11) DEFAULT NULL,
  `media_id` int(11) DEFAULT NULL,
  `position` int(11) NOT NULL,
  `enabled` tinyint(1) NOT NULL,
  `updated_at` datetime NOT NULL,
  `created_at` datetime NOT NULL,
  PRIMARY KEY (`id`),
  KEY `IDX_80D4C5414E7AF8F` (`gallery_id`),
  KEY `IDX_80D4C541EA9FDD75` (`media_id`),
  CONSTRAINT `FK_80D4C541EA9FDD75` FOREIGN KEY (`media_id`) REFERENCES `media__media` (`id`),
  CONSTRAINT `FK_80D4C5414E7AF8F` FOREIGN KEY (`gallery_id`) REFERENCES `media__gallery` (`id`)
) ENGINE=InnoDB DEFAULT CHARSET=utf8 COLLATE=utf8_unicode_ci;
/*!40101 SET character_set_client = @saved_cs_client */;

--
-- Dumping data for table `media__gallery_media`
--

LOCK TABLES `media__gallery_media` WRITE;
/*!40000 ALTER TABLE `media__gallery_media` DISABLE KEYS */;
/*!40000 ALTER TABLE `media__gallery_media` ENABLE KEYS */;
UNLOCK TABLES;

--
-- Table structure for table `media__media`
--

DROP TABLE IF EXISTS `media__media`;
/*!40101 SET @saved_cs_client     = @@character_set_client */;
/*!40101 SET character_set_client = utf8 */;
CREATE TABLE `media__media` (
  `id` int(11) NOT NULL AUTO_INCREMENT,
  `name` varchar(255) COLLATE utf8_unicode_ci NOT NULL,
  `description` text COLLATE utf8_unicode_ci,
  `enabled` tinyint(1) NOT NULL,
  `provider_name` varchar(255) COLLATE utf8_unicode_ci NOT NULL,
  `provider_status` int(11) NOT NULL,
  `provider_reference` varchar(255) COLLATE utf8_unicode_ci NOT NULL,
  `provider_metadata` longtext COLLATE utf8_unicode_ci COMMENT '(DC2Type:json)',
  `width` int(11) DEFAULT NULL,
  `height` int(11) DEFAULT NULL,
  `length` decimal(10,0) DEFAULT NULL,
  `content_type` varchar(64) COLLATE utf8_unicode_ci DEFAULT NULL,
  `content_size` int(11) DEFAULT NULL,
  `copyright` varchar(255) COLLATE utf8_unicode_ci DEFAULT NULL,
  `author_name` varchar(255) COLLATE utf8_unicode_ci DEFAULT NULL,
  `context` varchar(64) COLLATE utf8_unicode_ci DEFAULT NULL,
  `cdn_is_flushable` tinyint(1) DEFAULT NULL,
  `cdn_flush_at` datetime DEFAULT NULL,
  `cdn_status` int(11) DEFAULT NULL,
  `updated_at` datetime NOT NULL,
  `created_at` datetime NOT NULL,
  PRIMARY KEY (`id`)
) ENGINE=InnoDB DEFAULT CHARSET=utf8 COLLATE=utf8_unicode_ci;
/*!40101 SET character_set_client = @saved_cs_client */;

--
-- Dumping data for table `media__media`
--

LOCK TABLES `media__media` WRITE;
/*!40000 ALTER TABLE `media__media` DISABLE KEYS */;
/*!40000 ALTER TABLE `media__media` ENABLE KEYS */;
UNLOCK TABLES;

--
-- Table structure for table `migration_versions`
--

DROP TABLE IF EXISTS `migration_versions`;
/*!40101 SET @saved_cs_client     = @@character_set_client */;
/*!40101 SET character_set_client = utf8 */;
CREATE TABLE `migration_versions` (
  `version` varchar(255) COLLATE utf8_unicode_ci NOT NULL,
  PRIMARY KEY (`version`)
) ENGINE=InnoDB DEFAULT CHARSET=utf8 COLLATE=utf8_unicode_ci;
/*!40101 SET character_set_client = @saved_cs_client */;

--
-- Dumping data for table `migration_versions`
--

LOCK TABLES `migration_versions` WRITE;
/*!40000 ALTER TABLE `migration_versions` DISABLE KEYS */;
INSERT INTO `migration_versions` VALUES ('20131016224004'),('20131020134854'),('20131020181804'),('20131020203156'),('20131020204416'),('20131020211046'),('20131020212029'),('20131027164017'),('20131028184324'),('20131030184937'),('20131030191750');
/*!40000 ALTER TABLE `migration_versions` ENABLE KEYS */;
UNLOCK TABLES;

--
-- Table structure for table `prototype2property`
--

DROP TABLE IF EXISTS `prototype2property`;
/*!40101 SET @saved_cs_client     = @@character_set_client */;
/*!40101 SET character_set_client = utf8 */;
CREATE TABLE `prototype2property` (
  `prototype_id` int(11) NOT NULL,
  `property_id` int(11) NOT NULL,
  PRIMARY KEY (`prototype_id`,`property_id`),
  KEY `IDX_1B6C704F25998077` (`prototype_id`),
  KEY `IDX_1B6C704F549213EC` (`property_id`),
  CONSTRAINT `FK_1B6C704F549213EC` FOREIGN KEY (`property_id`) REFERENCES `Property` (`id`),
  CONSTRAINT `FK_1B6C704F25998077` FOREIGN KEY (`prototype_id`) REFERENCES `Prototype` (`id`)
) ENGINE=InnoDB DEFAULT CHARSET=utf8 COLLATE=utf8_unicode_ci;
/*!40101 SET character_set_client = @saved_cs_client */;

--
-- Dumping data for table `prototype2property`
--

LOCK TABLES `prototype2property` WRITE;
/*!40000 ALTER TABLE `prototype2property` DISABLE KEYS */;
INSERT INTO `prototype2property` VALUES (1,1),(1,2),(1,3),(1,4),(1,5),(1,6),(1,7),(1,8),(1,9),(1,10),(1,11),(1,12),(1,13),(1,14),(1,15),(1,16),(1,17),(1,18),(1,19),(1,20),(1,21),(1,22),(1,23),(1,24),(1,25),(1,26),(1,27),(1,28),(1,29),(1,30),(1,31),(1,32),(1,33),(1,34),(1,35),(1,36),(1,37),(1,38),(1,39),(1,40),(1,41),(1,42),(1,43),(1,44),(1,45),(1,46),(1,47),(1,48),(1,49),(1,50),(1,51),(1,52),(1,53),(1,54),(1,55),(1,56),(1,57),(1,58),(1,59),(1,60),(1,61),(1,62),(1,63),(1,64),(1,65),(1,66),(1,67),(1,68),(1,69),(1,70),(1,71),(1,72),(1,73),(1,74),(1,75),(2,1),(2,2),(2,3),(2,4),(2,5),(3,6),(3,7),(3,8),(3,9),(4,10),(4,11),(4,12),(4,13),(4,14),(5,15),(5,16),(6,17),(6,18),(6,19),(7,20),(7,21),(7,22),(7,23),(7,24),(7,25),(8,26),(8,27),(8,28),(9,29),(9,30),(9,31),(9,32),(10,33),(10,34),(10,35),(11,36),(11,37),(11,38),(11,39),(11,40),(11,41),(12,42),(12,43),(12,44),(12,45),(13,46),(13,47),(14,48),(14,49),(14,50),(14,51),(15,52),(15,53),(15,54),(16,55),(16,56),(16,57),(17,58),(17,59),(17,60),(17,61),(17,62),(17,63),(17,64),(18,65),(18,66),(18,67),(18,68),(18,69),(18,70),(18,71),(19,72),(19,73),(20,74),(20,75),(23,1),(23,2),(24,6),(24,7),(24,8),(24,9),(25,3),(26,3),(27,15),(27,16),(28,34),(28,35);
/*!40000 ALTER TABLE `prototype2property` ENABLE KEYS */;
UNLOCK TABLES;

--
-- Table structure for table `prototype_category`
--

DROP TABLE IF EXISTS `prototype_category`;
/*!40101 SET @saved_cs_client     = @@character_set_client */;
/*!40101 SET character_set_client = utf8 */;
CREATE TABLE `prototype_category` (
  `prototype_id` int(11) NOT NULL,
  `category_id` int(11) NOT NULL,
  PRIMARY KEY (`prototype_id`,`category_id`),
  KEY `IDX_3BFE13A325998077` (`prototype_id`),
  KEY `IDX_3BFE13A312469DE2` (`category_id`),
  CONSTRAINT `FK_3BFE13A312469DE2` FOREIGN KEY (`category_id`) REFERENCES `Category` (`id`),
  CONSTRAINT `FK_3BFE13A325998077` FOREIGN KEY (`prototype_id`) REFERENCES `Prototype` (`id`)
) ENGINE=InnoDB DEFAULT CHARSET=utf8 COLLATE=utf8_unicode_ci;
/*!40101 SET character_set_client = @saved_cs_client */;

--
-- Dumping data for table `prototype_category`
--

LOCK TABLES `prototype_category` WRITE;
/*!40000 ALTER TABLE `prototype_category` DISABLE KEYS */;
INSERT INTO `prototype_category` VALUES (20,562),(23,714),(24,560),(25,801),(26,331),(27,196),(28,246);
/*!40000 ALTER TABLE `prototype_category` ENABLE KEYS */;
UNLOCK TABLES;

--
-- Table structure for table `rid_page`
--

DROP TABLE IF EXISTS `rid_page`;
/*!40101 SET @saved_cs_client     = @@character_set_client */;
/*!40101 SET character_set_client = utf8 */;
CREATE TABLE `rid_page` (
  `id` int(11) NOT NULL AUTO_INCREMENT,
  `metaTitle` varchar(255) COLLATE utf8_unicode_ci DEFAULT NULL,
  `metaKeywords` longtext COLLATE utf8_unicode_ci,
  `metaDescription` longtext COLLATE utf8_unicode_ci,
  `metaAuthor` varchar(255) COLLATE utf8_unicode_ci DEFAULT NULL,
  `title` varchar(255) COLLATE utf8_unicode_ci DEFAULT NULL,
  `descriptionFormatter` varchar(255) COLLATE utf8_unicode_ci DEFAULT NULL,
  `description` longtext COLLATE utf8_unicode_ci,
  `bodyFormatter` varchar(255) COLLATE utf8_unicode_ci NOT NULL,
  `body` longtext COLLATE utf8_unicode_ci NOT NULL,
  `isPublished` tinyint(1) DEFAULT NULL,
  `isOnHomepage` tinyint(1) DEFAULT NULL,
  `isPartial` tinyint(1) DEFAULT NULL,
  `slug` varchar(255) COLLATE utf8_unicode_ci NOT NULL,
  `createdAt` datetime NOT NULL,
  `updatedAt` datetime NOT NULL,
  PRIMARY KEY (`id`),
  KEY `slug_idx` (`slug`)
) ENGINE=InnoDB AUTO_INCREMENT=11 DEFAULT CHARSET=utf8 COLLATE=utf8_unicode_ci;
/*!40101 SET character_set_client = @saved_cs_client */;

--
-- Dumping data for table `rid_page`
--

LOCK TABLES `rid_page` WRITE;
/*!40000 ALTER TABLE `rid_page` DISABLE KEYS */;
INSERT INTO `rid_page` VALUES (1,NULL,NULL,NULL,NULL,'Главная страница','richhtml','','richhtml','<p>сайт на стадии разработки. по всем вопросам обращайтесь пожалуйста по тел. 067-708-97-95 Аркадий</p>',1,1,0,'homepage','2013-10-15 09:16:27','2013-10-15 11:21:11'),(2,NULL,NULL,NULL,NULL,'Контакты','richhtml','','text','<p><iframe width=\"635\" height=\"350\" frameborder=\"0\" scrolling=\"no\" marginheight=\"0\" marginwidth=\"0\" src=\"https://maps.google.com.ua/maps?f=q&amp;source=s_q&amp;hl=ru&amp;geocode=&amp;q=%D0%91%D0%BB%D0%B0%D0%B3%D0%BE%D0%B2%D0%B5%D1%81%D1%82%D0%BD%D0%B0%D1%8F+393&amp;aq=&amp;sll=49.431276,32.04923&amp;sspn=0.160764,0.393105&amp;ie=UTF8&amp;hq=&amp;hnear=%D1%83%D0%BB.+%D0%91%D0%BB%D0%B0%D0%B3%D0%BE%D0%B2%D0%B5%D1%81%D1%82%D0%BD%D0%B0%D1%8F,+393,+%D0%A7%D0%B5%D1%80%D0%BA%D0%B0%D1%81%D1%81%D1%8B,+%D0%A7%D0%B5%D1%80%D0%BA%D0%B0%D1%81%D1%81%D0%BA%D0%B0%D1%8F+%D0%BE%D0%B1%D0%BB%D0%B0%D1%81%D1%82%D1%8C&amp;t=m&amp;ll=49.427612,32.079821&amp;spn=0.009769,0.027251&amp;z=15&amp;output=embed\"></iframe><br /><small><a href=\"https://maps.google.com.ua/maps?f=q&amp;source=embed&amp;hl=ru&amp;geocode=&amp;q=%D0%91%D0%BB%D0%B0%D0%B3%D0%BE%D0%B2%D0%B5%D1%81%D1%82%D0%BD%D0%B0%D1%8F+393&amp;aq=&amp;sll=49.431276,32.04923&amp;sspn=0.160764,0.393105&amp;ie=UTF8&amp;hq=&amp;hnear=%D1%83%D0%BB.+%D0%91%D0%BB%D0%B0%D0%B3%D0%BE%D0%B2%D0%B5%D1%81%D1%82%D0%BD%D0%B0%D1%8F,+393,+%D0%A7%D0%B5%D1%80%D0%BA%D0%B0%D1%81%D1%81%D1%8B,+%D0%A7%D0%B5%D1%80%D0%BA%D0%B0%D1%81%D1%81%D0%BA%D0%B0%D1%8F+%D0%BE%D0%B1%D0%BB%D0%B0%D1%81%D1%82%D1%8C&amp;t=m&amp;ll=49.427612,32.079821&amp;spn=0.009769,0.027251&amp;z=15\" style=\"color:#0000FF;text-align:left\">Просмотреть увеличенную карту</a></small></p><br />\n<p><strong>г.Черкассы ул.Благовестная 393</strong></p><p><strong>0472 35-92-85,&nbsp;093 731-85-03</strong></p>',1,1,0,'contacts','2013-10-15 10:10:29','2013-10-26 06:39:49'),(3,NULL,NULL,NULL,NULL,'О компании','richhtml','','richhtml','<p>О компании</p>\n\n<p>наша компания тд</p>',1,1,0,'about','2013-10-15 10:11:02','2013-10-15 10:52:56'),(4,NULL,NULL,NULL,NULL,'Оплата и Доставка','richhtml','','richhtml','<p><span style=\"line-height:1.6em\">1.&nbsp;</span><strong style=\"line-height:1.6em\">Доставка за пределы города.</strong></p>\n\n<p>Доставка в Смелу, Золотоношу, Чигирин, Каменку, Чернобай возможна, при предварительном согласовании с менеджером интернет-магазина. Срочная доставка (в день заказа) составляет 2 грн. за километр в одну сторону от границы города до места доставки (оплата в 2 стороны).</p>\n\n<p>2.&nbsp;<strong>Доставка по городу.</strong></p>\n\n<p>Доставка по городу Черкассы осуществляется бесплатно до подъезда (частный сектор &ndash; до въезда) (при заказе на сумму более 1000грн.) в день заказа или на следующий*.</p>\n\n<p><strong>Внимание!!!</strong>&nbsp;Если на пути доставки существуют преграды для проезда автомобиля службы доставки (низкорастущие деревье, дороги, по которым невозможно проехать или их отсутствие и т.п.) - в таких случаях доставка осуществляется до места, куда автомобиль может безопасно доехать.&nbsp;<br />\nВарианты доставки утром и в выходные дни (в качестве исключения) оговариваются непосредственно с менеджером.<br />\nЗаказы, оформленные непосредственно на сайте в субботу или воскресенье, доставляются в понедельник.&nbsp;<br />\nЕсли сумма заказа составляет до 600грн., стоимость доставки - 25 грн.</p>\n\n<p>3.&nbsp;<strong>Доставка по Украине.</strong></p>\n\n<p>Доставка товаров осуществляется на следующих условиях:</p>\n\n<p>- полной предоплаты стоимости товара, при условии возможности доставки в населенный пункт покупателя всеукраинскими службами доставки по согласованию с покупателями;<br />\n- оплаты после проверки товара на складе перевозчика &laquo;Новая Почта&raquo; (+2% покупатель оплачивает товар при получении в своем населенном пункте.)</p>\n\n<p><strong>Стоимость доставки по Украине оплачивает покупатель.</strong></p>\n\n<p>При доставке в регионы также есть возможность заказать дополнительно доставку до подъезда или непосредственно в квартиру. Данная услуга оплачивается покупателем дополнительно и согласовывается заранее! Товар, который отправляется в другие города Украины, страхуется нашей компанией в обязательном порядке.</p>\n\n<p>Просим Вас обратить внимание, что ручной занос(подъем) техники является дополнительной услугой нашей компании и подлежит следующей тарификации (гривен за один этаж):</p>\n\n<p><strong><em>Холодильник (высота свыше 1.85м, &laquo;Side-by-Side&raquo;)&nbsp;<strong>20 грн.</strong><br />\nХолодильник (высота до 1.85м)&nbsp;<strong>15 грн.</strong><br />\nСтиральная машина&nbsp;<strong>10 грн.</strong><br />\nГазовая плита&nbsp;<strong>10 грн</strong>.<br />\nВстраиваемая духовка&nbsp;<strong>5 грн</strong>.<br />\nПосудомоечная машина&nbsp;<strong>10 грн.</strong><br />\nПлазменный или ЖК ТВ свыше 42&quot;&nbsp;<strong>10 грн</strong>.<br />\nПлазменный или ЖК ТВ до 37-42&quot;&nbsp;<strong>5 грн.</strong><br />\nТелевизор ЖК 20-37&quot;&nbsp;<strong>3 грн</strong>.<br />\nДругая техника весом от 25 до 40&nbsp;<strong>5 грн</strong>.<br />\nДругая техника весом от 10 до 25 кг.&nbsp;<strong>3 грн.</strong><br />\nДругая техника весом до 10 кг.&nbsp;<strong>бесплатно</strong></em></strong></p>\n\n<p>&nbsp;</p>\n\n<p><strong>ОПЛАТА</strong></p>\n\n<p>Для наших покупателей мы предлагаем следующие формы оплаты при покупке товаров в интернет-магазине ТехноДар:</p>\n\n<p>1.&nbsp;<strong>Наличная</strong></p>\n\n<p>Оплата производиться наличными в гривне по курсу к USD, который указан в окне &laquo;Курс валют&raquo; в верхней части нашего сайта. Данную оплату Вы можете осуществить непосредственно после доставки нашим экспедитором заказанного товара, или же произвести авансовый платеж при оформлении заказа в нашем офисе.</p>\n\n<p>2.&nbsp;<strong>Безналичная</strong></p>\n\n<p>Оплата производиться безналичным банковским переводом, после предоставления менеджером компании счета-фактуры с перечнем заказанного Вами товара. При данной форме оплаты учитывается безналичный курс валют, который указан в окне &laquo;Курс валют&raquo; в верхней части нашего сайта. Предоставленный Вам счет действителен 3 банковские дня. При получение кредита действуют также действуют условия безналичной оплаты.</p>\n\n<p>Данная форма оплаты осуществляется физическими и юридическими лицами. Для предприятий, которые являются плательщиками налогов на общих основаниях, наша компания предоставляет полный пакет бухгалтерских документов;</p>\n\n<p>3.&nbsp;<strong>Карточная оплата</strong></p>\n\n<p>Оплату товаров в нашей компании Вы можете осуществить банковским переводом, платежными картами MasterCard, Visa, Maestro. При такой форме оплаты Вам необходимо получить реквизиты у менеджеров компании, гарантией и фактом оплаты является платежный документ с Вашими реквизитами, заверенный мокрой печатью банка отправителя;</p>\n\n<p>&nbsp;</p>\n\n<p>&nbsp;</p>\n\n<p><em>*в зависимости от наличия товара на складе, загруженности службы доставки и только в черте города</em></p>',1,1,0,'delivery','2013-10-15 10:11:29','2013-10-23 13:04:50'),(5,NULL,NULL,NULL,NULL,'Кредит','richhtml','','richhtml','<p><img src=\"file:///C:/Users/836D~1/AppData/Local/Temp/msohtmlclip1/01/clip_image002.jpg\" style=\"float:left; height:746px; width:375px\" /></p>\n\n<p>ХВАТИТ ВЫБИРАТЬ - НУЖНО БРАТЬ!</p>\n\n<p>OTP КРЕДИТ - КРЕДИТЫ НА ЖЕЛАНИЯ</p>\n\n<p>&nbsp;</p>\n\n<p>Мы постоянно сомневаемся,</p>\n\n<p>Дадут нам кредит, или нет?</p>\n\n<p>Брать илм не брать?</p>\n\n<p>А так много нужно приобрести.</p>\n\n<p>&nbsp;</p>\n\n<p>&nbsp;</p>\n\n<p>ХВАТИТ СОМНЕВАТЬСЯ!</p>\n\n<p>С ОТП Кредит покупать любую вещь - это просто!</p>\n\n<p>&nbsp;</p>\n\n<p>Вы можете приобрести товар в кредит на прозрачных условиях:</p>\n\n<p>&nbsp;</p>\n\n<p>- нужны только паспорт и идентификационный код;</p>\n\n<p>- сума кредита от 300 до 25 000 грн;</p>\n\n<p>- без справки о доходах, залога и поручителей;</p>\n\n<p>- возраст заемщика от 21 до 69 лет;</p>\n\n<p>- отсутствие скрытых комиссий;</p>\n\n<p>- срок кредита от 3 до 24 месяцев;</p>\n\n<p>- удобные каналы погашения: отделения Укрпочты, развитая сеть банков-партнеров и платежные терминалы City-Pay и QIWI;</p>\n\n<p>- положительные решения по кредиту;</p>\n\n<p>&nbsp;</p>\n\n<p>&nbsp;</p>\n\n<p>ВОСПОЛЬЗУЙТЕСЬ ЧУДЕСНОЙ ВОЗМОЖНОСТЬЮ ПОЛУЧИТЬ ЖЕЛАННОЕ УЖЕ СЕГОДНЯ!</p>\n\n<p>&nbsp;</p>\n\n<p>ХВАТИТ ВЫБИРАТЬ - ПОРА БРАТЬ!</p>\n\n<p>&nbsp;</p>\n\n<p>www.otpcredit.com.ua</p>\n\n<p>0 800 300 031</p>\n\n<p>&nbsp;</p>\n\n<p>&nbsp;</p>',1,1,0,'credit','2013-10-15 10:11:49','2013-10-16 13:54:12'),(6,NULL,NULL,NULL,NULL,'Сервис','richhtml','','richhtml','<p><strong>Гарантия и сервисное обслуживание</strong></p>\n\n<p>На товары в нашем магазине предоставляется гарантия, подтверждающая обязательства по отсутствию в товаре заводских дефектов. Гарантия предоставляется на срок от 2-х недель до 36 месяцев в зависимости от сервисной политики производителя. Подтверждением гарантийных обязательств служит гарантийный талон производителя.</p>\n\n<p>Пожалуйста, проверьте комплектность и отсутствие дефектов в товаре при его получении (комплектность определяется описанием изделия или руководством по его эксплуатации).</p>\n\n<p>Куда обращаться за гарантийным обслуживанием?</p>\n\n<p>Гарантийным обслуживанием занимаются сервисные центры, авторизованные производителями.<br />\nАдреса и телефоны сервисных центров вы можете найти на гарантийном талоне.&nbsp;</p>\n\n<p>Право на бесплатное гарантийное обслуживание дает гарантийный талон, в котором указываются:</p>\n\n<p>Пожалуйста, сохраняйте его в течение всего срока эксплуатации.<br />\n<br />\nСрок ремонта определяется авторизованным СЦ, в случае возникновения проблем с сервис-партнером, вы можете обратиться в точку продажи.</p>\n\n<p>Вы можете обменять или вернуть товар в течение 14 дней после покупки при условии если:</p>\n\n<ul>\n	<li>товар, не был в употреблении и не имеет следов использования: царапин, сколов, потёртостей, на счётчике телефона не более 5 минут разговоров, программное обеспечение не подвергалось изменениям и т. п.;</li>\n	<li>товар полностью укомплектован и не нарушена целостность упаковки;</li>\n	<li>сохранены все ярлыки и заводская маркировка.</li>\n</ul>\n\n<p>Если товар не работает, обмен или возврат товара производится только при наличии заключения сервисного центра, авторизованного производителем, о том, что условия эксплуатации не нарушены.</p>\n\n<p>При возврате товара нужно иметь при себе паспорт. Мы вернем деньги в день возврата товара или, в случае отсутствия денег в кассе, не позже, чем через 7 дней.</p>\n\n<p>Обмен и возврат товаров надлежащего качества осуществляется за счет покупателя в течении 14 дней со дня продажи при условии сохранении товарного вида купленного оборудования, упаковки, и наличии документов, подтверждающих факт покупки.</p>\n\n<p>Если в гарантийный период товар, который вы у нас купили, вышел из строя по вине производителя и не может быть отремонтирован в авторизованном сервисном центре, мы обменяем товар на аналогичный или вернём деньги.</p>\n\n<p><strong>Сервисный центр может отказать в гарантийном ремонте если:</strong></p>\n\n<ul>\n	<li>нарушена сохранность гарантийных пломб;</li>\n	<li>есть механические или иные повреждения, который возникли вследствие умышленных или неосторожных действий покупателя или третьих лиц;</li>\n	<li>нарушены правила использования, изложенные в эксплуатационных документах;</li>\n	<li>было произведено несанкционированное вскрытие, ремонт или изменены внутренние коммуникации и компоненты товара, изменена конструкция или схемы товара;</li>\n	<li>неправильно заполнен гарантийный талон;</li>\n	<li>серийный или IMEI номер, находящийся в памяти изделия, изменён, стёрт или не может быть установлен.</li>\n</ul>\n\n<p><strong>Гарантийные обязательства не распространяются на следующие неисправности:</strong></p>\n\n<ul>\n	<li>естественный износ или исчерпание ресурса;</li>\n	<li>случайные повреждения, причиненные клиентом или повреждения, возникшие вследствие небрежного отношения или использования (воздействие жидкости, запыленности, попадание внутрь корпуса посторонних предметов и т. п.);</li>\n	<li>повреждения в результате стихийных бедствий (природных явлений);</li>\n	<li>повреждения, вызванные аварийным повышением или понижением напряжения в электросети или неправильным подключением к электросети;</li>\n	<li>повреждения, вызванные дефектами системы, в которой использовался данный товар, или возникшие в результате соединения и подключения товара к другим изделиям;</li>\n	<li>повреждения, вызванные использованием товара не по назначению или с нарушением правил эксплуатаций;</li>\n	<li>программное обеспечение, которое не входит в комплект изделия;</li>\n	<li>сохранность информации на жестком диске.</li>\n</ul>',1,1,0,'service','2013-10-15 10:12:31','2013-10-15 11:55:49'),(7,NULL,NULL,NULL,NULL,'Вопрос - ответ','richhtml','','richhtml','<p>Вопрос - ответ</p>',1,1,0,'faq','2013-10-15 10:13:00','2013-10-15 10:13:00'),(8,NULL,NULL,NULL,NULL,'КВМ-коммутаторы','richhtml','','richhtml','<p>КВМ-комму &nbsp;таторыКВМ-ком &nbsp;утаторыКВ &nbsp;М-коммутаторыКВМ-комм &nbsp;утаторыКВМ-коммутаторыКВМ-к &nbsp;оммутаторыКВМ-коммутаторыКВМ &nbsp;-комму &nbsp;таторыКВМ-коммут &nbsp;аторыКВМ-коммутатор &nbsp;ыКВМ-коммутаторыКВМ-коммутаторы &nbsp;КВМ-коммутаторы &nbsp;КВМ-коммутаторыКВМ-коммутаторы</p>',1,1,0,'kvm-komytatoru','2013-10-15 10:14:57','2013-10-15 10:14:57'),(9,NULL,NULL,NULL,NULL,'лсд матрицы','richhtml','','richhtml','<p>какаскас</p>',1,1,0,'lsdmatrici','2013-10-15 10:42:09','2013-10-15 10:42:09'),(10,NULL,NULL,NULL,NULL,'Акции','richhtml','','richhtml','<p>Акции</p>',1,1,0,'actions','2013-10-29 10:50:50','2013-10-29 10:50:50');
/*!40000 ALTER TABLE `rid_page` ENABLE KEYS */;
UNLOCK TABLES;

--
-- Table structure for table `td_action`
--

DROP TABLE IF EXISTS `td_action`;
/*!40101 SET @saved_cs_client     = @@character_set_client */;
/*!40101 SET character_set_client = utf8 */;
CREATE TABLE `td_action` (
  `id` int(11) NOT NULL AUTO_INCREMENT,
  `image` tinytext COLLATE utf8_unicode_ci NOT NULL COMMENT '(DC2Type:rid_image)',
  PRIMARY KEY (`id`)
) ENGINE=InnoDB AUTO_INCREMENT=2 DEFAULT CHARSET=utf8 COLLATE=utf8_unicode_ci;
/*!40101 SET character_set_client = @saved_cs_client */;

--
-- Dumping data for table `td_action`
--

LOCK TABLES `td_action` WRITE;
/*!40000 ALTER TABLE `td_action` DISABLE KEYS */;
/*!40000 ALTER TABLE `td_action` ENABLE KEYS */;
UNLOCK TABLES;
/*!40103 SET TIME_ZONE=@OLD_TIME_ZONE */;

/*!40101 SET SQL_MODE=@OLD_SQL_MODE */;
/*!40014 SET FOREIGN_KEY_CHECKS=@OLD_FOREIGN_KEY_CHECKS */;
/*!40014 SET UNIQUE_CHECKS=@OLD_UNIQUE_CHECKS */;
/*!40101 SET CHARACTER_SET_CLIENT=@OLD_CHARACTER_SET_CLIENT */;
/*!40101 SET CHARACTER_SET_RESULTS=@OLD_CHARACTER_SET_RESULTS */;
/*!40101 SET COLLATION_CONNECTION=@OLD_COLLATION_CONNECTION */;
/*!40111 SET SQL_NOTES=@OLD_SQL_NOTES */;

-- Dump completed on 2013-11-17 13:09:05
